batch_idx,latency_ms
0,169.26159104332328
1,34.20035308226943
2,32.547258073464036
3,37.10074187256396
4,30.07174702361226
5,30.8712690602988
6,29.634359059855342
7,31.596602173522115
8,29.359512962400913
9,31.120887957513332
10,31.356486957520247
11,30.767534859478474
12,33.516711788251996
13,32.77928079478443
14,33.50100899115205
15,30.017295852303505
16,34.98670598492026
17,33.84387493133545
18,29.341246001422405
19,31.4412210136652
20,36.74729005433619
21,31.66808793321252
22,31.257790978997946
23,31.07231599278748
24,29.118926962837577
25,33.726682187989354
26,31.523373909294605
27,37.33105305582285
28,31.67016990482807
29,31.7750358954072
30,29.055544175207615
31,29.482075944542885
32,30.727687990292907
33,29.501324985176325
34,29.99056805856526
35,38.51797105744481
36,31.83351387269795
37,31.085017137229443
38,32.64527418650687
39,31.816548900678754
40,31.752033857628703
41,32.08522708155215
42,29.048444936051965
43,35.173643846064806
44,29.382579028606415
45,45.04437418654561
46,28.874767944216728
47,29.662233078852296
48,34.62943900376558
49,36.33740497753024
50,39.97507598251104
51,34.13438820280135
52,33.107388066127896
53,38.0526720546186
54,37.55080117844045
55,47.97163303010166
56,31.372722005471587
57,30.89446504600346
58,33.032156992703676
59,29.219076968729496
60,28.686679899692535
61,29.886275995522738
62,29.786808881908655
63,29.51788087375462
64,31.475204974412918
65,33.00227504223585
66,41.37028194963932
67,35.386922070756555
68,32.095734030008316
69,32.974112778902054
70,35.613806918263435
71,34.16832908987999
72,32.03953104093671
73,32.52723207697272
74,28.871454065665603
75,29.69759702682495
76,34.63134402409196
77,34.36103509739041
78,47.34014207497239
79,34.755608066916466
80,30.711767030879855
81,31.828668201342225
82,30.16784181818366
83,29.588665114715695
84,33.62890100106597
85,29.087153961881995
86,29.937971848994493
87,33.15795515663922
88,34.95066589675844
89,33.68058800697327
90,31.0306278988719
91,30.114514054730535
92,33.89343502931297
93,36.43934102728963
94,33.50015287287533
95,31.987234950065613
96,35.93771904706955
97,37.97624399885535
98,31.063609989359975
99,30.332157155498862
100,31.50567295961082
101,32.739568036049604
102,31.55885194428265
103,30.86121892556548
104,32.37421694211662
105,29.702935833483934
106,47.9920890647918
107,33.91430503688753
108,32.32136904262006
109,29.856622917577624
110,30.44508397579193
111,29.78332480415702
112,29.536320129409432
113,31.503249192610383
114,30.231938930228353
115,32.9050631262362
116,30.594595009461045
117,29.05498701147735
118,31.428819056600332
119,32.97777008265257
120,33.25194609351456
121,29.102647909894586
122,30.046225991100073
123,35.48068483360112
124,33.290114952251315
125,39.30984903126955
126,38.38872699998319
127,32.12446998804808
128,30.290486989542842
129,30.70260607637465
130,43.662718031555414
131,45.48683715984225
132,37.37346385605633
133,32.09366393275559
134,31.82889288291335
135,35.71636392734945
136,35.04705289378762
137,33.715583849698305
138,34.64345587417483
139,30.177670065313578
140,30.563291162252426
141,30.641426099464297
142,35.84271017462015
143,31.90377401188016
144,31.957213068380952
145,31.030462123453617
146,31.026005977764726
147,33.494245959445834
148,39.819902973249555
149,32.56171685643494
150,29.21695914119482
151,28.990795835852623
152,29.16227001696825
153,65.62961591407657
154,31.597553053870797
155,29.581008944660425
156,32.06542506814003
157,31.444657128304243
158,34.4302027951926
159,29.803168028593063
160,30.46091110445559
161,37.96914801932871
162,35.83082393743098
163,68.36824701167643
164,31.881252070888877
165,30.2447818685323
166,34.344036132097244
167,29.599045868963003
168,31.863384880125523
169,29.251362197101116
170,31.823266996070743
171,33.14999910071492
172,30.60073801316321
173,38.7858459725976
174,30.907091218978167
175,31.019146787002683
176,29.559207148849964
177,31.441211001947522
178,34.21173011884093
179,33.705429872497916
180,36.2915878649801
181,33.255266956985
182,31.840994954109192
183,29.645686969161034
184,31.15358715876937
185,35.670378943905234
186,34.20710493810475
187,34.16699590161443
188,33.17035106010735
189,29.561812058091164
190,42.27064410224557
191,33.671953016892076
192,30.192645965144038
193,36.387580912560225
194,34.87527300603688
195,38.09981397353113
196,32.70600386895239
197,38.494558073580265
198,38.809864083305
199,37.07469697110355
200,37.09144191816449
201,38.00325095653534
202,37.638952024281025
203,30.43523500673473
204,48.170041060075164
205,32.94956497848034
206,47.23518807440996
207,35.180955892428756
208,35.54860013537109
209,36.264420952647924
210,32.324060797691345
211,31.893072882667184
212,36.767174024134874
213,33.11867592856288
214,28.977209934964776
215,34.75036099553108
216,34.30840699002147
217,31.71086381189525
218,29.19368981383741
219,28.96572300232947
220,29.143786057829857
221,36.84547101147473
222,32.3493389878422
223,30.56095284409821
224,39.30974588729441
225,28.808090137317777
226,28.91800203360617
227,29.827537015080452
228,30.964840203523636
229,31.70769987627864
230,31.21251706033945
231,28.60488905571401
232,33.631396014243364
233,36.45876795053482
234,29.113500844687223
235,31.79792291484773
236,40.183398174121976
237,32.62865194119513
238,29.763634083792567
239,29.674122110009193
240,30.00546316616237
241,46.87194712460041
242,34.19758495874703
243,34.546641167253256
244,30.410271836444736
245,34.14570796303451
246,35.29915492981672
247,34.12395599298179
248,29.645620146766305
249,32.52147603780031
250,32.48254698701203
251,32.31083299033344
252,37.207637913525105
253,30.816032085567713
254,31.052852049469948
255,28.363043209537864
256,31.186599982902408
257,37.19044290482998
258,38.77456719055772
259,37.87283296696842
260,34.72329303622246
261,38.27886306680739
262,35.97374283708632
263,32.399874879047275
264,35.357550950720906
265,34.33884400874376
266,29.626542003825307
267,29.24642013385892
268,28.734241845086217
269,50.564832985401154
270,32.83290797844529
271,35.931813064962626
272,30.599313089624047
273,32.503571128472686
274,32.717146910727024
275,30.293199932202697
276,39.93534715846181
277,35.64450703561306
278,33.0845199059695
279,33.18090201355517
280,32.51164290122688
281,35.99296300671995
282,33.301131101325154
283,30.652981949970126
284,34.94221903383732
285,32.487427117303014
286,36.472261883318424
287,34.57112889736891
288,42.827466037124395
289,30.67126008681953
290,29.489662032574415
291,28.83295901119709
292,32.42212999612093
293,44.56717986613512
294,31.979434890672565
295,31.441198894754052
296,34.37441890127957
297,33.027746016159654
298,30.789276119321585
299,32.44438488036394
300,31.5796360373497
301,33.82065100595355
302,28.52855110540986
303,28.504445916041732
304,28.7908089812845
305,31.86252387240529
306,33.707374008372426
307,31.986827962100506
308,39.262413047254086
309,31.39411099255085
310,30.526096932590008
311,30.223459005355835
312,31.97852591983974
313,33.60116598196328
314,30.801424058154225
315,34.08965887501836
316,29.839140130206943
317,33.86784088797867
318,28.862004866823554
319,28.695977991446853
320,30.589709989726543
321,29.954611090943217
322,36.14836488850415
323,39.00953894481063
324,30.41463205590844
325,31.339090084657073
326,32.24223596043885
327,30.24123515933752
328,29.11975607275963
329,32.40823186933994
330,36.14915907382965
331,31.866130884736776
332,29.565267032012343
333,31.394303077831864
334,32.24957804195583
335,29.020330868661404
336,30.370327876880765
337,32.53092500381172
338,36.66138695552945
339,29.9223349429667
340,30.491796787828207
341,36.87449195422232
342,35.54606600664556
343,31.584354117512703
344,30.630502849817276
345,29.46318592876196
346,31.157853081822395
347,29.436076059937477
348,29.88252602517605
349,38.81561406888068
350,31.43756603822112
351,33.76235719770193
352,31.372121069580317
353,31.73563815653324
354,29.627348063513637
355,34.312611911445856
356,31.900370959192514
357,33.90065208077431
358,35.411667078733444
359,37.406289018690586
360,34.047290217131376
361,33.964608795940876
362,36.4741119556129
363,41.68739612214267
364,32.66224102117121
365,39.98153191059828
366,34.41247111186385
367,39.482903899624944
368,33.97180908359587
369,36.81435505859554
370,32.0405310485512
371,32.52111189067364
372,32.02419704757631
373,29.36141612008214
374,31.09467215836048
375,31.19713277556002
376,38.922304986044765
377,36.16945096291602
378,30.411820858716965
379,33.76315999776125
380,30.634480994194746
381,29.59779603406787
382,29.56950501538813
383,29.371171025559306
384,32.54421707242727
385,31.314046122133732
386,31.992199830710888
387,29.62156105786562
388,29.502396006137133
389,34.01039610616863
390,36.92734404467046
391,33.392133889719844
392,31.65251901373267
393,41.34647408500314
394,32.27767418138683
395,32.676734030246735
396,29.03136983513832
397,31.173229916021228
398,39.18608697131276
399,33.911801874637604
400,36.667970940470695
401,32.35889412462711
402,33.928407123312354
403,33.91763102263212
404,33.589344937354326
405,34.584788139909506
406,31.315480126067996
407,35.86491313762963
408,35.46665306203067
409,32.757614040747285
410,32.90505311451852
411,35.65156692638993
412,32.4821169488132
413,32.657785806804895
414,32.38716581836343
415,38.737082155421376
416,34.78864999487996
417,34.09411199390888
418,41.307525942102075
419,35.6729191262275
420,34.42339086905122
421,34.85339810140431
422,29.527355916798115
423,34.211388090625405
424,37.11245092563331
425,35.86747800000012
426,207.04513508826494
427,30.53218312561512
428,39.1475020442158
429,32.45724202133715
430,48.27716201543808
431,33.862801967188716
432,30.286649940535426
433,28.858206002041698
434,31.92489384673536
435,31.784627120941877
436,34.34372413903475
437,33.01474591717124
438,43.219137005507946
439,39.45638914592564
440,33.45946501940489
441,31.02618409320712
442,29.24874401651323
443,29.528988990932703
444,31.42303298227489
445,28.65736000239849
446,30.360479839146137
447,32.87165705114603
448,31.732351053506136
449,30.293721007183194
450,37.87317895330489
451,29.517493210732937
452,32.80154289677739
453,29.528919141739607
454,29.753322014585137
455,30.228855786845088
456,37.66816481947899
457,33.18242612294853
458,33.441761042922735
459,43.84945286437869
460,33.680373104289174
461,31.583058880642056
462,35.64884699881077
463,34.48748798109591
464,33.48911995999515
465,32.16926706954837
466,41.816604090854526
467,32.49463811516762
468,42.05251391977072
469,31.766691943630576
470,32.29865897446871
471,30.167585937306285
472,37.67849085852504
473,31.0807169880718
474,37.98779100179672
475,30.75243206694722
476,33.47219806164503
477,36.64159821346402
478,36.26687289215624
479,32.04443398863077
480,34.06378300860524
481,33.37893891148269
482,30.867203138768673
483,34.54349306412041
484,44.41238893195987
485,33.1687789876014
486,38.27116917818785
487,33.10444299131632
488,41.5903830435127
489,35.36067297682166
490,35.420340951532125
491,33.99825608357787
492,51.245832117274404
493,36.01792501285672
494,33.36869413033128
495,37.77240216732025
496,32.14984992519021
497,29.287364101037383
498,33.37650606408715
499,39.187907008454204
500,35.718672908842564
501,32.98935294151306
502,33.02644891664386
503,35.479110199958086
504,33.40186504647136
505,34.47624598629773
506,34.32407998479903
507,34.52755114994943
508,32.07570197992027
509,34.18664704076946
510,39.10518693737686
511,32.022743951529264
512,29.137023026123643
513,32.44644100777805
514,35.1185358595103
515,30.38498107343912
516,33.53560413233936
517,36.076665157452226
518,35.53580306470394
519,31.53518307954073
520,31.76037617959082
521,43.433332117274404
522,36.01487306877971
523,30.64128989353776
524,31.99633490294218
525,36.115722032263875
526,33.75854296609759
527,35.099467961117625
528,34.381345147266984
529,30.158675042912364
530,34.320916049182415
531,31.853204127401114
532,32.07557392306626
533,31.518951058387756
534,33.980012871325016
535,37.38557384349406
536,31.403448898345232
537,31.21287701651454
538,30.281318817287683
539,40.8277390524745
540,31.846935860812664
541,33.60171290114522
542,29.653900070115924
543,31.211605994030833
544,36.30680590867996
545,30.284483218565583
546,34.79207516647875
547,30.562696047127247
548,30.450889142230153
549,30.688211089000106
550,41.217846097424626
551,32.84797794185579
552,35.723232896998525
553,33.76551601104438
554,33.1591279245913
555,33.28463388606906
556,31.603876035660505
557,33.63113687373698
558,35.83844285458326
559,43.70048991404474
560,29.87576788291335
561,29.378955019637942
562,31.72137215733528
563,34.1197419911623
564,31.799526885151863
565,29.577838955447078
566,32.790003810077906
567,31.438483856618404
568,30.141734052449465
569,29.522056924179196
570,34.71075603738427
571,32.891855109483004
572,35.745007218793035
573,31.830033054575324
574,30.24160210043192
575,31.287210062146187
576,31.060965033248067
577,30.667342012748122
578,30.615976080298424
579,44.012774946168065
580,35.00186698511243
581,29.53802002593875
582,33.58850511722267
583,29.635013779625297
584,29.897443018853664
585,29.486224055290222
586,35.297194961458445
587,37.411984987556934
588,34.44471303373575
589,32.39318705163896
590,31.104569090530276
591,32.021477119997144
592,29.92639713920653
593,28.96441286429763
594,35.48338217660785
595,31.50711697526276
596,29.85742478631437
597,33.5375820286572
598,29.75898887962103
599,30.730136903002858
600,33.873909851536155
601,29.971373034641147
602,35.125793889164925
603,36.14407987333834
604,31.363944057375193
605,29.540566029027104
606,37.650519981980324
607,29.652551980689168
608,38.006346905604005
609,30.180081957951188
610,30.683337012305856
611,29.68024299480021
612,29.420738806948066
613,30.087976017966866
614,34.51759205199778
615,32.7297558542341
616,31.281403033062816
617,32.50177903100848
618,36.03542014025152
619,30.449121026322246
620,34.313751151785254
621,32.58648398332298
622,35.41536186821759
623,35.48036003485322
624,31.501960940659046
625,31.26721316948533
626,33.495761919766665
627,29.410705203190446
628,32.71351405419409
629,34.23669910989702
630,32.26653300225735
631,42.001452995464206
632,34.42158317193389
633,32.19792083837092
634,34.787403885275126
635,34.45878787897527
636,35.30151513405144
637,37.02224185690284
638,32.56801888346672
639,32.488481141626835
640,32.879890874028206
641,34.95096601545811
642,34.55140418373048
643,30.136910965666175
644,29.881812166422606
645,29.575228923931718
646,28.82502810098231
647,29.266261029988527
648,29.79452395811677
649,29.177850112318993
650,29.266030993312597
651,35.15236405655742
652,33.05592085234821
653,33.63279695622623
654,37.63284906744957
655,29.09940597601235
656,29.460501158609986
657,33.01618411205709
658,33.30926806665957
659,30.24677513167262
660,36.450488958507776
661,32.10611687973142
662,36.13866586238146
663,36.73828416503966
664,34.43344193510711
665,30.400812858715653
666,36.508172983303666
667,38.826524978503585
668,33.8536340277642
669,29.74061481654644
670,32.141668954864144
671,31.436465913429856
672,35.501322941854596
673,40.26437411084771
674,32.59808593429625
675,30.953099951148033
676,28.783548856154084
677,29.784349957481027
678,36.25501901842654
679,31.9376268889755
680,34.37530598603189
681,32.259914791211486
682,29.387992806732655
683,32.82239893451333
684,28.842457802966237
685,29.315687948837876
686,39.38571596518159
687,34.699056996032596
688,31.516646966338158
689,30.871602008119226
690,34.14389491081238
691,34.27872504107654
692,31.02289605885744
693,29.49851891025901
694,29.04088096693158
695,30.02857300452888
696,33.3542269654572
697,33.43372489325702
698,31.8295587785542
699,30.67286708392203
700,29.713097028434277
701,30.475455103442073
702,38.58951688744128
703,35.69520195014775
704,34.622394014149904
705,36.34555405005813
706,31.538988929241896
707,31.800115946680307
708,34.491581143811345
709,34.34627503156662
710,31.606019008904696
711,30.27026099152863
712,33.45988295041025
713,35.455788020044565
714,38.861631881445646
715,31.630927929654717
716,31.988136004656553
717,31.11171815544367
718,48.073788871988654
719,41.619614930823445
720,31.740007922053337
721,34.78407487273216
722,32.65231987461448
723,31.0069031547755
724,31.531169079244137
725,29.71678413450718
726,33.38494407944381
727,31.885144067928195
728,32.15858805924654
729,32.95324509963393
730,32.24254306405783
731,32.95634989626706
732,32.16105210594833
733,33.6979569401592
734,29.99426401220262
735,33.80261198617518
736,31.950830947607756
737,29.513021931052208
738,37.0676361490041
739,34.21508311294019
740,30.392824904993176
741,38.14649302512407
742,34.32165994308889
743,34.46974977850914
744,36.60700609907508
745,30.077449046075344
746,34.930163994431496
747,37.52479492686689
748,32.89343789219856
749,33.47280598245561
750,33.14899606630206
751,32.729364931583405
752,31.24931501224637
753,30.4043039213866
754,43.41804003342986
755,32.40497503429651
756,32.32657886110246
757,33.36534695699811
758,31.199750024825335
759,28.904702980071306
760,28.639880940318108
761,28.905373997986317
762,34.09984498284757
763,31.06134617701173
764,30.966124963015318
765,35.35998985171318
766,32.36846090294421
767,39.859310956671834
768,31.536448979750276
769,32.64936595223844
770,34.645050996914506
771,35.212282091379166
772,33.176186960190535
773,34.3974360730499
774,36.24478215351701
775,29.540006071329117
776,29.697308083996177
777,31.917894957587123
778,29.59836204536259
779,33.77037891186774
780,43.17126702517271
781,31.93771606311202
782,34.993059001863
783,41.966023156419396
784,37.77502686716616
785,38.44401799142361
786,43.865936109796166
787,37.78713592328131
788,36.464006872847676
789,48.57643018476665
790,36.67469811625779
791,35.23351484909654
792,33.31505507230759
793,39.77534919977188
794,36.87999304383993
795,37.030113860964775
796,35.63258587382734
797,35.294105065986514
798,40.721070021390915
799,35.42912402190268
800,40.36263795569539
801,37.016046000644565
802,37.10871306248009
803,34.181078197434545
804,41.63286089897156
805,33.9922490529716
806,35.834325943142176
807,34.4438380561769
808,33.411488868296146
809,29.306490905582905
810,41.78931307978928
811,41.46766709163785
812,39.2120280303061
813,33.03687390871346
814,32.31321298517287
815,30.34559008665383
816,29.563881922513247
817,30.06244101561606
818,34.64061883278191
819,33.23024092242122
820,29.831598978489637
821,31.47587296552956
822,37.58722194470465
823,34.610975068062544
824,33.39924104511738
825,32.653606962412596
826,29.276757035404444
827,33.64721802063286
828,34.05125695280731
829,30.87366186082363
830,32.065777806565166
831,29.77891289629042
832,32.99958095885813
833,32.03567396849394
834,36.65212891064584
835,32.7077389229089
836,29.07721302472055
837,32.29026100598276
838,35.82051792182028
839,35.79817502759397
840,39.06022408045828
841,34.17107602581382
842,35.02034395933151
843,32.76592516340315
844,34.67374015599489
845,31.027090037241578
846,37.48473199084401
847,36.58642200753093
848,35.87159398011863
849,35.54127411916852
850,35.93366499990225
851,33.55494304560125
852,33.870270010083914
853,31.173266004770994
854,30.07659292779863
855,31.425530090928078
856,31.854757107794285
857,31.523565063253045
858,34.33976601809263
859,34.808909986168146
860,35.97289603203535
861,34.39882514066994
862,36.51567013002932
863,39.270167937502265
864,33.49996404722333
865,31.70659812167287
866,29.747166903689504
867,31.54475800693035
868,30.761880101636052
869,34.178027883172035
870,35.47178395092487
871,34.604799933731556
872,34.21323001384735
873,34.90307088941336
874,31.27684211358428
875,31.475676922127604
876,29.717712895944715
877,29.723491054028273
878,32.54733281210065
879,39.215336786583066
880,31.573931919410825
881,32.96230803243816
882,36.00148786790669
883,32.53371408209205
884,29.632527148351073
885,34.42514385096729
886,35.92091891914606
887,32.22870104946196
888,36.452615866437554
889,33.41194405220449
890,39.43339199759066
891,33.52431207895279
892,30.365203972905874
893,32.394148176535964
894,36.80222504772246
895,30.39180301129818
896,30.86423291824758
897,33.71203993447125
898,29.600832145661116
899,40.63628218136728
900,32.40536595694721
901,30.61039699241519
902,28.738735942170024
903,29.345324030146003
904,31.49106097407639
905,35.075147869065404
906,34.58098694682121
907,35.227043088525534
908,33.2944521214813
909,33.73371297493577
910,29.356891056522727
911,32.766760094091296
912,32.38839004188776
913,35.100145963951945
914,34.59813189692795
915,31.041215173900127
916,31.59046801738441
917,34.17139989323914
918,34.87835684791207
919,29.68738111667335
920,30.06759495474398
921,41.673801839351654
922,38.18093007430434
923,37.50113188289106
924,32.51053299754858
925,29.195573879405856
926,29.700831975787878
927,32.02224988490343
928,32.150628976523876
929,34.67586915940046
930,38.292002864181995
931,38.36836712434888
932,31.535248970612884
933,32.031684182584286
934,36.02591808885336
935,31.523872166872025
936,30.57637787424028
937,30.49567900598049
938,47.14746819809079
939,31.23390208929777
940,30.718027846887708
941,33.73673907481134
942,39.890641113743186
943,29.83968798071146
944,34.549421863630414
945,32.88964414969087
946,35.55446001701057
947,33.81319087930024
948,32.00079710222781
949,30.48632713034749
950,34.393493086099625
951,38.90956100076437
952,36.271924851462245
953,33.77825208008289
954,34.575782949104905
955,29.523730976507068
956,29.22358689829707
957,30.209216056391597
958,32.89395198225975
959,37.404902977868915
960,31.49563097395003
961,35.376277985051274
962,32.498126151040196
963,29.978915816172957
964,29.536359943449497
965,31.235777074471116
966,34.32838688604534
967,31.66838805191219
968,32.7959971036762
969,29.73884018138051
970,29.846078949049115
971,30.487549025565386
972,29.906037962064147
973,29.812078922986984
974,31.316757202148438
975,33.602121053263545
976,32.30314701795578
977,31.345898984000087
978,35.197232849895954
979,38.95221394486725
980,34.80660589411855
981,31.50175209157169
982,37.86484501324594
983,34.22491578385234
984,30.99561296403408
985,29.356564860790968
986,29.905267991125584
987,32.16786915436387
988,32.5005620252341
989,32.545167952775955
990,40.468492079526186
991,36.833749152719975
992,35.76432494446635
993,38.23710698634386
994,37.242284044623375
995,38.70128397829831
996,33.21128408424556
997,30.29656712897122
998,32.67867607064545
999,38.57397614046931
1000,30.9163648635149
1001,32.86965889856219
1002,33.81937509402633
1003,33.105287002399564
1004,32.68069797195494
1005,29.75329291075468
1006,29.657011153176427
1007,33.19446905516088
1008,31.864919932559133
1009,33.12073997221887
1010,30.406101839616895
1011,30.17948498018086
1012,29.143360909074545
1013,29.707968002185225
1014,35.05221218802035
1015,35.840569995343685
1016,33.38146791793406
1017,35.471332957968116
1018,47.283808002248406
1019,35.50790692679584
1020,30.627530068159103
1021,29.885871103033423
1022,32.67040499486029
1023,34.396731993183494
1024,32.64346485957503
1025,37.00635605491698
1026,38.56589598581195
1027,34.02131609618664
1028,34.64766312390566
1029,35.25115689262748
1030,31.54892404563725
1031,34.51407584361732
1032,33.594803884625435
1033,33.479913137853146
1034,34.73450103774667
1035,34.49798212386668
1036,32.78791904449463
1037,37.66328888013959
1038,36.23305098153651
1039,31.267758924514055
1040,31.10529901459813
1041,30.96888680011034
1042,35.076048923656344
1043,39.28061691112816
1044,32.12928608991206
1045,33.0212670378387
1046,28.893001843243837
1047,32.42516308091581
1048,29.445509891957045
1049,30.61110689304769
1050,32.31645282357931
1051,34.780080895870924
1052,35.55478900671005
1053,32.246408984065056
1054,34.347419859841466
1055,29.980944003909826
1056,30.59986000880599
1057,33.43417798168957
1058,32.85078308545053
1059,34.565923968330026
1060,42.96247009187937
1061,36.12447204068303
1062,36.07510915026069
1063,34.138491144403815
1064,37.67639095894992
1065,34.810785902664065
1066,35.04329104907811
1067,33.22622994892299
1068,31.52922703884542
1069,30.54786380380392
1070,32.86828100681305
1071,31.742975115776062
1072,30.789713142439723
1073,33.36134203709662
1074,36.15685203112662
1075,33.31268997862935
1076,30.228961957618594
1077,32.61499712243676
1078,33.50423299707472
1079,33.649838995188475
1080,42.66609321348369
1081,33.399098087102175
1082,36.592618096619844
1083,32.93541097082198
1084,32.66142588108778
1085,35.1086501032114
1086,38.13802683725953
1087,51.37901799753308
1088,39.80590682476759
1089,35.362086025997996
1090,38.32263103686273
1091,39.998231921344995
1092,41.23321105726063
1093,34.553788136690855
1094,65.97165204584599
1095,32.27165713906288
1096,34.65738287195563
1097,30.241411877796054
1098,38.14123407937586
1099,32.46590797789395
1100,30.380107928067446
1101,33.541621174663305
1102,36.985612008720636
1103,34.662490943446755
1104,30.77964996919036
1105,30.78384604305029
1106,28.835470089688897
1107,36.8751990608871
1108,34.77832209318876
1109,29.403521912172437
1110,40.26423883624375
1111,38.959426106885076
1112,35.94303713180125
1113,40.36226309835911
1114,33.746975008398294
1115,32.66535303555429
1116,30.611039837822318
1117,30.46971093863249
1118,31.815013149753213
1119,31.509831082075834
1120,30.858376063406467
1121,32.12623507715762
1122,41.65542894043028
1123,38.842282025143504
1124,34.5846451818943
1125,32.343097031116486
1126,32.958648866042495
1127,37.33046492561698
1128,33.78236014395952
1129,34.19849602505565
1130,30.133644817397
1131,30.114355962723494
1132,29.286850010976195
1133,45.4035229049623
1134,42.17596189118922
1135,35.06006090901792
1136,33.104094909504056
1137,29.730157926678658
1138,30.30536905862391
1139,33.80297007970512
1140,35.27354798279703
1141,38.2630571257323
1142,35.96077603287995
1143,30.20327794365585
1144,46.909743919968605
1145,33.742369851097465
1146,35.89339600875974
1147,34.57172797061503
1148,31.71450598165393
1149,29.61604786105454
1150,33.466351917013526
1151,30.45211615972221
1152,31.566106947138906
1153,30.138250906020403
1154,35.93612997792661
1155,36.3525478169322
1156,31.122501008212566
1157,36.03500803001225
1158,36.505123833194375
1159,33.68855197913945
1160,33.35638018324971
1161,29.613055055961013
1162,36.95514099672437
1163,31.904659932479262
1164,31.44429810345173
1165,43.14803401939571
1166,34.292115829885006
1167,29.67906277626753
1168,29.706213157624006
1169,29.35822820290923
1170,35.11613700538874
1171,35.94140917994082
1172,33.554673893377185
1173,33.87784189544618
1174,34.28609715774655
1175,33.84660603478551
1176,40.03520286642015
1177,38.20787696167827
1178,34.548426046967506
1179,31.6861760802567
1180,32.602434046566486
1181,34.594053868204355
1182,37.5797760207206
1183,32.8844808973372
1184,29.201947851106524
1185,33.002959098666906
1186,33.82781008258462
1187,37.64121909625828
1188,38.9710390008986
1189,36.19783092290163
1190,32.75721496902406
1191,31.274868175387383
1192,29.436124954372644
1193,30.030344845727086
1194,35.849475068971515
1195,35.282135009765625
1196,30.465870164334774
1197,34.99047295190394
1198,30.21157393231988
1199,35.94607813283801
1200,32.427075086161494
1201,30.500290915369987
1202,33.63825916312635
1203,33.401118125766516
1204,31.551409047096968
1205,31.823842087760568
1206,35.85738711990416
1207,37.45896997861564
1208,32.42524201050401
1209,33.07854989543557
1210,37.30819607153535
1211,32.91343594901264
1212,35.29644594527781
1213,32.26354392245412
1214,44.210162945091724
1215,29.525718884542584
1216,33.255494898185134
1217,29.58608791232109
1218,38.83529105223715
1219,34.29197985678911
1220,29.911910882219672
1221,29.582974035292864
1222,33.04275986738503
1223,35.46570893377066
1224,35.473169991746545
1225,35.38117394782603
1226,34.50362291187048
1227,35.457635996863246
1228,33.43068389222026
1229,33.10356009751558
1230,34.78031302802265
1231,30.72029910981655
1232,34.27029796876013
1233,31.324934912845492
1234,32.44552481919527
1235,37.29269583709538
1236,33.759770914912224
1237,31.066822120919824
1238,29.367554932832718
1239,29.280175920575857
1240,28.671122854575515
1241,34.816357074305415
1242,37.22862992435694
1243,29.431879986077547
1244,30.976328998804092
1245,30.32222087495029
1246,35.57230904698372
1247,33.36097300052643
1248,29.69477092847228
1249,29.5346740167588
1250,30.16750095412135
1251,30.730094993487
1252,31.19370201602578
1253,28.64482579752803
1254,32.005604123696685
1255,36.80939110927284
1256,34.951840061694384
1257,36.917682038620114
1258,31.861650990322232
1259,35.64102994278073
1260,30.347577994689345
1261,30.261100037023425
1262,30.954257119446993
1263,31.940347980707884
1264,30.693189939484
1265,28.973273001611233
1266,32.734314212575555
1267,30.77399986796081
1268,32.544092973694205
1269,31.441939063370228
1270,32.11042983457446
1271,33.10327115468681
1272,33.90775294974446
1273,31.3737690448761
1274,29.48304801248014
1275,31.676418846473098
1276,31.377186067402363
1277,33.39068894274533
1278,38.969624089077115
1279,34.96923693455756
1280,29.674291843548417
1281,31.518765026703477
1282,32.41557301953435
1283,40.60226306319237
1284,37.576590199023485
1285,30.046684201806784
1286,30.719221103936434
1287,30.429241014644504
1288,32.14174904860556
1289,34.13959685713053
1290,37.4955500010401
1291,29.78198300115764
1292,29.343903064727783
1293,30.665631173178554
1294,36.486805183812976
1295,33.67734304629266
1296,35.83294712007046
1297,33.912111073732376
1298,31.5856640227139
1299,30.711889965459704
1300,38.83004700765014
1301,31.64273896254599
1302,32.40435686893761
1303,30.547216068953276
1304,30.604560859501362
1305,34.38363107852638
1306,35.35407898016274
1307,30.293741961941123
1308,31.829546904191375
1309,31.906982185319066
1310,33.26962096616626
1311,29.494386864826083
1312,29.188894899562
1313,33.36710506118834
1314,37.51803492195904
1315,31.708237947896123
1316,31.66380198672414
1317,30.933919828385115
1318,32.69710298627615
1319,33.51069800555706
1320,29.94447504170239
1321,30.740623828023672
1322,34.863862907513976
1323,31.12317086197436
1324,31.996655045077205
1325,36.176037043333054
1326,35.21214914508164
1327,32.091154949739575
1328,30.79669689759612
1329,31.095138983801007
1330,33.65931799635291
1331,34.45826191455126
1332,29.501257929950953
1333,30.155776999890804
1334,29.89279804751277
1335,31.852943124249578
1336,29.752771137282252
1337,28.9800469763577
1338,31.75424807704985
1339,31.117944978177547
1340,34.13012786768377
1341,36.87821910716593
1342,29.64921877719462
1343,29.38181278295815
1344,29.748386004939675
1345,30.09489900432527
1346,29.171820962801576
1347,31.017975881695747
1348,33.140611834824085
1349,28.844065964221954
1350,33.12174393795431
1351,36.137301940470934
1352,37.56403597071767
1353,33.04521995596588
1354,34.85858696512878
1355,39.631759049370885
1356,37.058996967971325
1357,47.45324794203043
1358,38.48102386109531
1359,36.259582033380866
1360,30.37422290071845
1361,38.29232417047024
1362,39.21552305109799
1363,33.27082493342459
1364,35.15520691871643
1365,31.3380709849298
1366,31.23745392076671
1367,29.73251393996179
1368,31.280146911740303
1369,31.18109004572034
1370,33.5442409850657
1371,31.07151808217168
1372,30.285854125395417
1373,40.43670394457877
1374,43.02118392661214
1375,57.544511975720525
1376,35.440331092104316
1377,37.512670969590545
1378,45.41768389753997
1379,39.06858712434769
1380,35.17207293771207
1381,40.5657549854368
1382,36.5388379432261
1383,37.220739061012864
1384,32.50944800674915
1385,33.48964103497565
1386,40.95926810987294
1387,38.77314901910722
1388,39.18061312288046
1389,37.92848717421293
1390,36.204152973368764
1391,38.675633957609534
1392,39.582959143444896
1393,31.359084881842136
1394,30.349550070241094
1395,32.62063511647284
1396,35.06283415481448
1397,47.07012511789799
1398,33.86409697122872
1399,35.46832408756018
1400,33.62854802981019
1401,35.23895493708551
1402,29.717894038185477
1403,32.45072299614549
1404,29.379872838035226
1405,28.518606908619404
1406,31.50055487640202
1407,36.12132300622761
1408,36.21953818947077
1409,34.27638788707554
1410,36.38856788165867
1411,35.729520954191685
1412,30.8676369022578
1413,30.20510612986982
1414,34.97797786258161
1415,31.536007998511195
1416,33.5780531167984
1417,35.93739913776517
1418,32.17629692517221
1419,30.44224693439901
1420,33.498575910925865
1421,32.28608914650977
1422,33.07346720248461
1423,29.835188994184136
1424,37.62794588692486
1425,36.39140399172902
1426,39.25640997476876
1427,33.82148616947234
1428,30.896120937541127
1429,34.017987083643675
1430,30.56615311652422
1431,30.47309396788478
1432,29.090075055137277
1433,30.53865092806518
1434,44.70756696537137
1435,32.48573699966073
1436,33.27500610612333
1437,33.626327058300376
1438,37.44735918007791
1439,31.87354002147913
1440,35.17796588130295
1441,34.57618411630392
1442,42.07840096205473
1443,34.46124400943518
1444,31.774894101545215
1445,30.56649281643331
1446,32.45907695963979
1447,30.77702410519123
1448,30.265307053923607
1449,31.37944801710546
1450,30.26395500637591
1451,31.114595010876656
1452,35.16390593722463
1453,37.43890905752778
1454,29.641844797879457
1455,31.22982708737254
1456,31.13710996694863
1457,29.263773933053017
1458,36.56798810698092
1459,33.58618007041514
1460,35.67541507072747
1461,33.46762293949723
1462,32.30288694612682
1463,33.089553005993366
1464,30.65906185656786
1465,29.798557050526142
1466,29.927617870271206
1467,35.966436844319105
1468,30.202555004507303
1469,32.640428049489856
1470,37.4755528755486
1471,37.49835607595742
1472,37.66096709296107
1473,33.51038694381714
1474,41.64874600246549
1475,34.80082913301885
1476,30.648987041786313
1477,34.241550136357546
1478,31.86005214229226
1479,31.346631003543735
1480,35.63084895722568
1481,30.644729966297746
1482,37.18821797519922
1483,29.635807033628225
1484,31.376266153529286
1485,32.137393951416016
1486,31.517165945842862
1487,33.32012705504894
1488,33.130836207419634
1489,32.52384695224464
1490,34.26883299835026
1491,30.599805060774088
1492,29.51281494461
1493,29.887429904192686
1494,39.87796511501074
1495,30.672513181343675
1496,37.94724401086569
1497,31.248206039890647
1498,30.799100873991847
1499,38.57485391199589
1500,30.02305096015334
1501,34.381400095298886
1502,33.33986597135663
1503,35.075407940894365
1504,35.428230883553624
1505,39.26483588293195
1506,36.421363009139895
1507,35.383244045078754
1508,33.22806116193533
1509,29.953167075291276
1510,33.002156065776944
1511,30.900300946086645
1512,29.932388104498386
1513,32.1035860106349
1514,29.258520109578967
1515,31.327555887401104
1516,30.016222968697548
1517,32.8838718123734
1518,35.04381305538118
1519,29.800052056089044
1520,31.622173031792045
1521,34.19784898869693
1522,33.89261686243117
1523,31.223071040585637
1524,36.02256393060088
1525,33.07779994793236
1526,36.83976479806006
1527,30.647938139736652
1528,29.568659141659737
1529,31.186386942863464
1530,37.139878841117024
1531,32.96672482974827
1532,30.97707685083151
1533,30.164752854034305
1534,33.72463793493807
1535,32.050097128376365
1536,29.357686871662736
1537,32.28561580181122
1538,29.587648110464215
1539,30.171161983162165
1540,28.649206971749663
1541,44.88139203749597
1542,40.26841605082154
1543,39.29790994152427
1544,30.964679084718227
1545,29.78593297302723
1546,32.25866798311472
1547,34.28848600015044
1548,31.782401027157903
1549,30.688090017065406
1550,30.142741976305842
1551,32.91533002629876
1552,29.8198030795902
1553,29.427751898765564
1554,33.484553918242455
1555,37.74441801942885
1556,29.735889052972198
1557,30.791342025622725
1558,32.840118976309896
1559,31.88029699958861
1560,49.04414410702884
1561,33.725530840456486
1562,34.8953150678426
1563,29.406399931758642
1564,29.429825022816658
1565,28.770918026566505
1566,32.34845004044473
1567,29.112674994394183
1568,31.18182090111077
1569,35.8065462205559
1570,30.911570880562067
1571,31.541233882308006
1572,33.81469310261309
1573,36.703045014292
1574,33.75607798807323
1575,34.45076895877719
1576,29.4165569357574
1577,32.42161008529365
1578,39.6241859998554
1579,34.21981609426439
1580,49.90343004465103
1581,35.615673987194896
1582,37.74192603304982
1583,37.95734513550997
1584,36.819407949224114
1585,31.921929912641644
1586,40.69369100034237
1587,33.916756976395845
1588,32.48112904839218
1589,32.6172299683094
1590,39.28165812976658
1591,34.08684907481074
1592,33.20022486150265
1593,34.5084338914603
1594,33.410466043278575
1595,35.22231220267713
1596,35.386555129662156
1597,29.567129909992218
1598,42.21813986077905
1599,34.847666043788195
1600,30.83637193776667
1601,33.74406090006232
1602,37.37108805216849
1603,37.63901605270803
1604,35.20482685416937
1605,36.96526703424752
1606,29.683314030990005
1607,29.758434975519776
1608,30.75097594410181
1609,36.2008239608258
1610,37.14896901510656
1611,37.83424501307309
1612,32.783978851512074
1613,33.175500109791756
1614,34.127190010622144
1615,40.7347131986171
1616,34.50585203245282
1617,35.100453067570925
1618,32.921032048761845
1619,35.663978196680546
1620,32.63282589614391
1621,32.39019610919058
1622,34.31054181419313
1623,35.09458410553634
1624,41.01153393276036
1625,39.221009938046336
1626,36.62785701453686
1627,32.70381083711982
1628,30.21550294943154
1629,38.92539092339575
1630,34.66565883718431
1631,35.76952707953751
1632,30.437001958489418
1633,33.26740791089833
1634,33.7040051817894
1635,32.57915819995105
1636,35.795303992927074
1637,32.06598712131381
1638,53.52678592316806
1639,34.20392610132694
1640,29.635184910148382
1641,31.17964416742325
1642,35.99828598089516
1643,34.239479107782245
1644,34.99163314700127
1645,38.14752004109323
1646,33.79790508188307
1647,30.68937687203288
1648,37.4232679605484
1649,33.15150598064065
1650,34.59336282685399
1651,34.466454992070794
1652,41.013008216395974
1653,32.80562302097678
1654,33.35176291875541
1655,41.52079112827778
1656,35.964675014838576
1657,34.45275500416756
1658,33.39658887125552
1659,34.666853956878185
1660,32.892704010009766
1661,30.759592074900866
1662,35.77265306375921
1663,32.07017504610121
1664,40.01462087035179
1665,38.540265057235956
1666,35.25740001350641
1667,33.55526691302657
1668,38.414119044318795
1669,35.7795930467546
1670,36.4311789162457
1671,36.884241038933396
1672,37.47566812671721
1673,36.53265000320971
1674,46.55458382330835
1675,42.22810082137585
1676,40.14359205029905
1677,58.56030900031328
1678,38.25444192625582
1679,41.3548678625375
1680,34.329714020714164
1681,40.77958408743143
1682,37.81167487613857
1683,31.871670857071877
1684,31.01276815868914
1685,35.72523407638073
1686,43.96726097911596
1687,36.50580206885934
1688,31.60497802309692
1689,33.31756591796875
1690,36.31548001430929
1691,38.18320785649121
1692,52.83515597693622
1693,31.982736894860864
1694,30.840744031593204
1695,31.22540400363505
1696,29.37465114519
1697,28.784245951101184
1698,32.24440501071513
1699,31.882819021120667
1700,29.4880298897624
1701,46.21861921623349
1702,31.01429110392928
1703,34.282787004485726
1704,32.75286895222962
1705,34.92204402573407
1706,28.959947172552347
1707,31.21579112485051
1708,34.982935059815645
1709,33.90471590682864
1710,36.147451028227806
1711,42.29491297155619
1712,33.78145303577185
1713,31.385712092742324
1714,29.95269908569753
1715,29.472277034074068
1716,30.661159195005894
1717,30.154698994010687
1718,35.51155002787709
1719,30.791583936661482
1720,29.029912082478404
1721,31.93377610296011
1722,34.84581294469535
1723,29.66513321734965
1724,33.947251038625836
1725,33.44522695988417
1726,39.32620515115559
1727,35.80763819627464
1728,35.736493999138474
1729,37.38272306509316
1730,31.296652043238282
1731,57.23615293391049
1732,36.64840501733124
1733,35.684766015037894
1734,34.38944579102099
1735,31.862770905718207
1736,29.708618065342307
1737,29.66699586249888
1738,30.429856851696968
1739,34.14279012940824
1740,33.22362806648016
1741,29.87912087701261
1742,29.983255080878735
1743,29.929545940831304
1744,31.196905067190528
1745,29.864129843190312
1746,40.48349219374359
1747,31.827551079913974
1748,33.44760206528008
1749,37.69124299287796
1750,32.31321997009218
1751,32.26565010845661
1752,32.58054703474045
1753,30.79667198471725
1754,32.150149112567306
1755,32.29595487937331
1756,32.035588985309005
1757,29.13406817242503
1758,37.72799717262387
1759,31.493655871599913
1760,30.216663144528866
1761,34.31667992845178
1762,34.69722392037511
1763,31.418724916875362
1764,38.86341000907123
1765,32.07993507385254
1766,37.71360591053963
1767,36.170878913253546
1768,32.314782962203026
1769,32.404114957898855
1770,36.145871970802546
1771,203.89058906584978
1772,30.351944966241717
1773,31.013716012239456
1774,36.739283008500934
1775,33.27107196673751
1776,34.6816829405725
1777,36.99194802902639
1778,29.615513049066067
1779,31.85926005244255
1780,34.72450701519847
1781,31.92789084278047
1782,30.671739019453526
1783,34.127673134207726
1784,33.6457381490618
1785,31.775165116414428
1786,36.985708866268396
1787,33.195831114426255
1788,29.374736128374934
1789,29.630374861881137
1790,32.205562107264996
1791,30.12257511727512
1792,29.860035981982946
1793,33.15429901704192
1794,32.033066963776946
1795,33.88763591647148
1796,35.017600981518626
1797,38.2683000061661
1798,32.63455908745527
1799,29.71670380793512
1800,32.487482065334916
1801,33.76948391087353
1802,31.764981104061007
1803,31.822466989979148
1804,30.33150709234178
1805,29.983411077409983
1806,29.355028877034783
1807,31.757049961015582
1808,29.304252937436104
1809,29.168131994083524
1810,30.7507470715791
1811,39.757850812748075
1812,36.26593411900103
1813,44.42958696745336
1814,32.38534019328654
1815,34.52353086322546
1816,31.402794178575277
1817,33.288520062342286
1818,36.35294293053448
1819,38.02626300603151
1820,33.038288820534945
1821,30.212579993531108
1822,32.48513909056783
1823,31.042800983414054
1824,33.51852111518383
1825,31.371277989819646
1826,39.33879011310637
1827,34.56791606731713
1828,30.828643823042512
1829,30.21688712760806
1830,29.634294100105762
1831,32.75668295100331
1832,32.632458955049515
1833,39.59850687533617
1834,41.91504092887044
1835,34.85209005884826
1836,31.940432963892817
1837,29.93414900265634
1838,36.320646991953254
1839,31.94279596209526
1840,30.95951909199357
1841,31.37167007662356
1842,29.915701132267714
1843,35.22570384666324
1844,36.20555694215
1845,30.78304696828127
1846,34.33411079458892
1847,37.64576208777726
1848,35.77460697852075
1849,30.61876306310296
1850,33.304354874417186
1851,30.304617946967483
1852,29.469219036400318
1853,34.3355240765959
1854,36.32338112220168
1855,36.51414392516017
1856,32.24988211877644
1857,31.437447061762214
1858,31.656171893700957
1859,31.858612783253193
1860,31.9558079354465
1861,31.791114015504718
1862,32.195032108575106
1863,35.4042099788785
1864,51.64762306958437
1865,32.8906939830631
1866,32.90599607862532
1867,42.159114964306355
1868,38.58908195979893
1869,32.041423954069614
1870,41.64884891360998
1871,31.846886035054922
1872,31.14707814529538
1873,33.842243952676654
1874,29.165660962462425
1875,29.627846088260412
1876,30.068250140175223
1877,47.447816003113985
1878,30.783109134063125
1879,35.02091206610203
1880,32.8593070153147
1881,33.169796923175454
1882,35.70547699928284
1883,31.56941500492394
1884,33.99606212042272
1885,33.79632695578039
1886,33.65752100944519
1887,33.07181200943887
1888,32.53940399736166
1889,34.34301889501512
1890,34.12176086567342
1891,36.09244292601943
1892,34.61522189900279
1893,34.116653027012944
1894,33.28464017249644
1895,33.31747790798545
1896,38.658736972138286
1897,32.8837251290679
1898,32.97204594127834
1899,31.9936650339514
1900,31.07230900786817
1901,31.722393119707704
1902,28.772961115464568
1903,34.47528509423137
1904,31.272236024960876
1905,34.44547997787595
1906,29.41620396450162
1907,32.10325795225799
1908,32.61585789732635
1909,32.4240829795599
1910,35.93430807814002
1911,35.25340789929032
1912,35.46130703762174
1913,31.402559019625187
1914,32.654054928570986
1915,38.876299979165196
1916,35.60428903438151
1917,30.434013111516833
1918,33.052545972168446
1919,34.50416005216539
1920,29.96228518895805
1921,29.358129017055035
1922,28.849394991993904
1923,29.400331899523735
1924,29.640608001500368
1925,33.321666065603495
1926,30.340155819430947
1927,35.28979397378862
1928,29.917770065367222
1929,32.747563906013966
1930,31.45327582024038
1931,41.41262220218778
1932,39.85250904224813
1933,33.03833585232496
1934,46.68458993546665
1935,39.99047400429845
1936,42.89692314341664
1937,34.61226006038487
1938,31.956842867657542
1939,35.428179893642664
1940,38.9147789683193
1941,30.053209979087114
1942,31.308110104873776
1943,31.101214000955224
1944,38.614084012806416
1945,31.7090661264956
1946,31.21060598641634
1947,31.82582906447351
1948,32.18466299585998
1949,31.712192110717297
1950,30.6411141064018
1951,35.7345559168607
1952,31.271768966689706
1953,32.8041510656476
1954,36.803390830755234
1955,35.71056015789509
1956,34.28103099577129
1957,35.38321517407894
1958,39.842216996476054
1959,34.76049215532839
1960,30.617929063737392
1961,41.70406702905893
1962,32.82916801981628
1963,43.351249070838094
1964,33.697355072945356
1965,36.99553501792252
1966,32.314124051481485
1967,34.828162053599954
1968,38.663958897814155
1969,31.194933922961354
1970,33.67277793586254
1971,40.003745118156075
1972,37.47439500875771
1973,38.90798217616975
1974,31.821073032915592
1975,32.58569701574743
1976,39.6043648943305
1977,39.85339496284723
1978,36.79796401411295
1979,35.282236989587545
1980,31.701607862487435
1981,30.3990060929209
1982,37.433036137372255
1983,29.29611993022263
1984,35.11703317053616
1985,29.40534194931388
1986,29.800598975270987
1987,33.473484916612506
1988,34.169977996498346
1989,33.74269395135343
1990,36.040951032191515
1991,34.88450706936419
1992,49.471577163785696
1993,33.92100892961025
1994,31.874483916908503
1995,32.231043092906475
1996,31.697831116616726
1997,34.0320139657706
1998,31.95350104942918
1999,33.55897101573646
2000,30.65503598190844
2001,34.5122751314193
2002,31.385998940095305
2003,38.57737290672958
2004,30.671529937535524
2005,30.310015194118023
2006,35.99566710181534
2007,32.64414705336094
2008,30.019264901056886
2009,31.55698487535119
2010,29.450060101225972
2011,32.848309027031064
2012,33.12972700223327
2013,36.38524515554309
2014,30.18060396425426
2015,30.384897021576762
2016,33.485844964161515
2017,32.905424013733864
2018,39.242480881512165
2019,33.03632792085409
2020,32.854889053851366
2021,34.530784003436565
2022,37.002700148150325
2023,33.30536698922515
2024,33.145940862596035
2025,35.746006993576884
2026,35.21001199260354
2027,31.30870684981346
2028,34.10678589716554
2029,34.05722207389772
2030,35.143131855875254
2031,31.203259946778417
2032,33.078371081501245
2033,33.13938109204173
2034,34.51846702955663
2035,35.70972406305373
2036,31.903791008517146
2037,29.667014023289084
2038,29.25294009037316
2039,30.926391016691923
2040,32.52416104078293
2041,32.43846399709582
2042,33.163730055093765
2043,35.598931135609746
2044,32.45988511480391
2045,33.34785206243396
2046,32.04444912262261
2047,36.424343939870596
2048,31.01504291407764
2049,29.843145050108433
2050,33.97912788204849
2051,37.21693903207779
2052,31.966424081474543
2053,35.23503080941737
2054,33.41758484020829
2055,31.58140298910439
2056,31.03805612772703
2057,32.909651985391974
2058,30.484696151688695
2059,36.23340115882456
2060,34.93243199773133
2061,30.61459888704121
2062,29.994690092280507
2063,36.05554811656475
2064,29.912859201431274
2065,46.00318893790245
2066,35.38232110440731
2067,29.460839927196503
2068,35.730557050555944
2069,40.81581789068878
2070,30.829097842797637
2071,35.94460501335561
2072,33.1549181137234
2073,36.57409898005426
2074,34.48666213080287
2075,37.25454700179398
2076,33.36181491613388
2077,32.33058494515717
2078,32.31359994970262
2079,31.980115920305252
2080,35.891224863007665
2081,30.386441852897406
2082,29.189537977799773
2083,35.987617913633585
2084,35.9361229930073
2085,32.66816586256027
2086,30.308547196909785
2087,32.380207907408476
2088,31.214780872687697
2089,33.77689002081752
2090,33.15687016583979
2091,32.07271313294768
2092,29.305028961971402
2093,29.73584714345634
2094,28.609347064048052
2095,34.51942186802626
2096,39.19620905071497
2097,30.693968990817666
2098,31.839899020269513
2099,42.04839910380542
2100,34.10492790862918
2101,33.03351905196905
2102,29.982094885781407
2103,30.684645986184478
2104,29.669450130313635
2105,33.71971705928445
2106,31.953908037394285
2107,38.46710687503219
2108,36.497185938060284
2109,32.21063897944987
2110,35.0768999196589
2111,38.10317814350128
2112,33.76422286964953
2113,35.32711090520024
2114,33.704754896461964
2115,31.187110813334584
2116,32.68456179648638
2117,45.2441880479455
2118,37.90210001170635
2119,33.76953094266355
2120,33.2151991315186
2121,30.875999946147203
2122,35.946208983659744
2123,39.48350506834686
2124,33.252524212002754
2125,29.70294188708067
2126,60.652863001450896
2127,30.573192983865738
2128,29.623112874105573
2129,29.91578821092844
2130,34.14897504262626
2131,35.81738984212279
2132,31.072403071448207
2133,33.67792605422437
2134,31.901462003588676
2135,30.38203902542591
2136,29.85908300615847
2137,30.283333035185933
2138,36.74736898392439
2139,30.202511930838227
2140,34.06058484688401
2141,34.007636131718755
2142,32.590474002063274
2143,43.145307106897235
2144,40.30560585670173
2145,35.793454851955175
2146,39.877822156995535
2147,38.68229896761477
2148,31.031331978738308
2149,33.32831896841526
2150,39.778314996510744
2151,32.79152186587453
2152,29.43712705746293
2153,30.027003027498722
2154,36.37282503768802
2155,35.06115102209151
2156,32.495064195245504
2157,37.83518518321216
2158,31.350407050922513
2159,32.87042095325887
2160,32.863731030374765
2161,34.365769010037184
2162,29.903931077569723
2163,31.714487122371793
2164,34.22242612577975
2165,29.452161164954305
2166,31.65999590419233
2167,38.2621178869158
2168,51.79610103368759
2169,36.41174407675862
2170,35.904350923374295
2171,37.46853000484407
2172,35.01669503748417
2173,37.16925694607198
2174,44.13117212243378
2175,35.73021315969527
2176,29.524357989430428
2177,29.249670915305614
2178,30.254821991547942
2179,36.78986500017345
2180,30.079280957579613
2181,34.93202803656459
2182,33.9533390942961
2183,30.23817902430892
2184,34.05921580269933
2185,43.33960101939738
2186,32.683745957911015
2187,31.02642809972167
2188,34.97605607844889
2189,41.28323984332383
2190,36.65417502634227
2191,41.81709187105298
2192,37.18542191199958
2193,34.425548976287246
2194,29.70563806593418
2195,29.285306110978127
2196,30.02315992489457
2197,32.16771990992129
2198,34.47330091148615
2199,32.30178891681135
2200,28.910388937219977
2201,32.70321409218013
2202,31.560689909383655
2203,34.10896984860301
2204,38.38539309799671
2205,29.964823042973876
2206,30.361742014065385
2207,37.35934104770422
2208,32.804885879158974
2209,32.00172400102019
2210,34.319572150707245
2211,29.744065832346678
2212,29.77810800075531
2213,32.83515200018883
2214,29.634443810209632
2215,31.980014173313975
2216,30.026084976270795
2217,34.77595094591379
2218,39.134435122832656
2219,35.29409016482532
2220,35.6516488827765
2221,30.71333491243422
2222,36.394170951098204
2223,35.57477588765323
2224,35.76671006157994
2225,34.92254810407758
2226,36.39850695617497
2227,45.89338111691177
2228,35.83248797804117
2229,40.25911400094628
2230,34.17954593896866
2231,32.729946076869965
2232,34.92553299292922
2233,31.493262154981494
2234,31.67152707464993
2235,30.571674928069115
2236,29.59927311167121
2237,31.063513830304146
2238,31.802410958334804
2239,32.58709399960935
2240,30.141978058964014
2241,34.71319889649749
2242,36.12714703194797
2243,31.20902180671692
2244,29.368292074650526
2245,30.263748951256275
2246,35.31005489639938
2247,35.41241702623665
2248,39.569462882354856
2249,32.72145497612655
2250,34.028594149276614
2251,38.316064048558474
2252,35.944986855611205
2253,36.7755179759115
2254,43.90266095288098
2255,38.48287113942206
2256,35.78829485923052
2257,37.674311781302094
2258,37.589706014841795
2259,49.8671680688858
2260,39.604885037988424
2261,36.05154505930841
2262,34.1855869628489
2263,35.48976103775203
2264,33.78736600279808
2265,34.49143096804619
2266,33.649531891569495
2267,30.876007862389088
2268,34.01189902797341
2269,32.95887797139585
2270,30.46627203002572
2271,31.18880302645266
2272,29.316335916519165
2273,29.24170601181686
2274,32.784400042146444
2275,37.3447451274842
2276,42.231913888826966
2277,30.063193989917636
2278,31.508427811786532
2279,36.29931388422847
2280,33.46111509017646
2281,29.396975878626108
2282,30.27957514859736
2283,29.79611698538065
2284,31.544481171295047
2285,32.761176116764545
2286,30.763783026486635
2287,36.41598718240857
2288,36.43900202587247
2289,36.573560908436775
2290,32.909825909882784
2291,37.26079105399549
2292,34.59958219900727
2293,41.20274796150625
2294,38.47584291361272
2295,33.98044500499964
2296,31.46605403162539
2297,37.31107502244413
2298,31.378234969452024
2299,32.533859834074974
2300,35.72848904877901
2301,35.75968602672219
2302,51.400796975940466
2303,32.84492180682719
2304,38.0363529548049
2305,36.53301298618317
2306,32.404058147221804
2307,29.841777868568897
2308,32.435223925858736
2309,31.681215157732368
2310,32.540861051529646
2311,36.42199793830514
2312,37.972557824105024
2313,36.46794590167701
2314,37.32611914165318
2315,30.701551819220185
2316,29.47986009530723
2317,34.91079597733915
2318,30.789243057370186
2319,30.353876994922757
2320,28.283976018428802
2321,28.99720403365791
2322,32.37785887904465
2323,38.90766482800245
2324,31.57133306376636
2325,32.682952005416155
2326,31.705962028354406
2327,34.72700389102101
2328,31.67749010026455
2329,32.005669083446264
2330,34.69509817659855
2331,36.70425899326801
2332,36.33258701302111
2333,31.020327005535364
2334,29.015783919021487
2335,35.047722049057484
2336,37.58566593751311
2337,40.72526306845248
2338,47.47456614859402
2339,33.18597003817558
2340,33.74682180583477
2341,32.38840587437153
2342,32.61169791221619
2343,29.584886971861124
2344,29.916009167209268
2345,29.91198282688856
2346,36.52166691608727
2347,36.160130985081196
2348,35.68723006173968
2349,34.55461980774999
2350,30.123317148536444
2351,29.781810007989407
2352,32.29967504739761
2353,36.23646404594183
2354,35.201939987018704
2355,30.961850192397833
2356,32.68505702726543
2357,29.622172936797142
2358,37.12642611935735
2359,37.267245817929506
2360,34.089962020516396
2361,32.838315004482865
2362,35.4680260643363
2363,37.9141450393945
2364,35.630939062684774
2365,34.84294004738331
2366,37.34533116221428
2367,32.98193891532719
2368,41.943141957744956
2369,37.26843814365566
2370,33.52587507106364
2371,36.47930710576475
2372,35.80748988315463
2373,33.25547510758042
2374,34.8542460706085
2375,34.32872612029314
2376,32.73426089435816
2377,34.4779381994158
2378,32.782051945105195
2379,37.312103202566504
2380,34.53547297976911
2381,35.02672212198377
2382,32.762463204562664
2383,32.97790209762752
2384,30.65338497981429
2385,30.78358806669712
2386,35.31032311730087
2387,34.35836220160127
2388,36.05219488963485
2389,33.00351300276816
2390,30.207903822883964
2391,29.54469108954072
2392,31.125406036153436
2393,29.884053859859705
2394,29.22234288416803
2395,33.81918207742274
2396,37.649404956027865
2397,36.22341901063919
2398,37.93805208988488
2399,30.29591590166092
2400,30.309566063806415
2401,30.583611922338605
2402,31.33777086623013
2403,30.821595108136535
2404,33.01641088910401
2405,32.445395132526755
2406,34.85679090954363
2407,34.03375088237226
2408,33.081667963415384
2409,29.92456406354904
2410,30.70227801799774
2411,38.15435408614576
2412,36.21954284608364
2413,31.36245789937675
2414,31.028761994093657
2415,31.04767994955182
2416,39.01821607723832
2417,34.62420799769461
2418,31.74696979112923
2419,32.88185293786228
2420,30.502584064379334
2421,32.65920304693282
2422,32.41162607446313
2423,31.408097129315138
2424,35.297967959195375
2425,35.2263820823282
2426,34.78725999593735
2427,32.11624803952873
2428,29.15274095721543
2429,29.19530402868986
2430,32.49650215730071
2431,40.20134289748967
2432,37.14083298109472
2433,34.0936710126698
2434,30.991748906672
2435,35.0229199975729
2436,33.75859395600855
2437,35.64073611050844
2438,40.93112517148256
2439,31.99518797919154
2440,33.880415139719844
2441,31.651047058403492
2442,29.96890083886683
2443,31.713490141555667
2444,31.210153130814433
2445,30.12034692801535
2446,29.83678597956896
2447,29.87726707942784
2448,31.247680773958564
2449,29.761855956166983
2450,30.859735095873475
2451,35.00213101506233
2452,32.40112215280533
2453,33.13270793296397
2454,30.66824097186327
2455,36.7955609690398
2456,34.64368893764913
2457,34.59901292808354
2458,30.740357004106045
2459,32.71545795723796
2460,30.419902876019478
2461,32.36206294968724
2462,34.25749600864947
2463,36.1931580118835
2464,35.092705162242055
2465,34.205458825454116
2466,29.553367057815194
2467,33.78939186222851
2468,33.68150093592703
2469,35.85728001780808
2470,35.570434061810374
2471,32.15347486548126
2472,33.15524011850357
2473,32.42464712820947
2474,31.553823966532946
2475,32.70115703344345
2476,30.739285983145237
2477,33.33319490775466
2478,29.86225695349276
2479,34.18826498091221
2480,32.47943986207247
2481,30.854137847200036
2482,30.09944804944098
2483,33.66783307865262
2484,35.097273997962475
2485,31.280240043997765
2486,34.474259009584785
2487,34.17142014950514
2488,35.53242888301611
2489,35.78201006166637
2490,38.2458649110049
2491,34.173893043771386
2492,30.235109850764275
2493,30.37367481738329
2494,32.24028483964503
2495,37.57912595756352
2496,30.514915008097887
2497,29.61573121137917
2498,30.53918108344078
2499,35.63882689923048
2500,31.33202693425119
2501,32.716481015086174
2502,34.99737614765763
2503,32.90882590226829
2504,37.63999603688717
2505,32.85212302580476
2506,29.69503798522055
2507,30.586490873247385
2508,31.949785072356462
2509,32.15269721113145
2510,29.567891964688897
2511,29.061069013550878
2512,28.72940804809332
2513,28.7876739166677
2514,28.77545589581132
2515,34.21763004735112
2516,31.109980074688792
2517,33.34711887873709
2518,30.82178207114339
2519,35.27733311057091
2520,38.11890981160104
2521,39.30669091641903
2522,36.27066686749458
2523,34.50378496199846
2524,31.4882209058851
2525,31.969584990292788
2526,29.223310062661767
2527,32.134379958733916
2528,30.067202169448137
2529,36.06610419228673
2530,42.88018401712179
2531,38.8996871188283
2532,30.928679974749684
2533,32.10627706721425
2534,29.739676974713802
2535,33.74743298627436
2536,30.66956577822566
2537,37.96098497696221
2538,32.231113873422146
2539,37.5118600204587
2540,30.693884007632732
2541,41.514449985697865
2542,34.18181906454265
2543,32.95272518880665
2544,37.51503489911556
2545,35.34606681205332
2546,34.80404196307063
2547,35.578431095927954
2548,35.141433123499155
2549,37.12089988403022
2550,34.3229582067579
2551,55.15368701890111
2552,42.50271595083177
2553,35.31624190509319
2554,31.88135614618659
2555,35.17142799682915
2556,38.62702497281134
2557,38.263035006821156
2558,35.18523811362684
2559,32.98553405329585
2560,35.78656003810465
2561,34.911471884697676
2562,34.408525098115206
2563,37.34762594103813
2564,33.645713003352284
2565,38.34574786014855
2566,35.65402491949499
2567,39.08314392901957
2568,34.92925898171961
2569,33.22025411762297
2570,32.51230297610164
2571,35.17963085323572
2572,32.221212051808834
2573,39.17715302668512
2574,37.053131964057684
2575,37.93204599060118
2576,34.75033398717642
2577,30.372127890586853
2578,32.35489991493523
2579,29.784105019643903
2580,30.028647975996137
2581,30.463343020528555
2582,30.64539283514023
2583,36.14826803095639
2584,33.444877015426755
2585,31.511157983914018
2586,31.828148057684302
2587,33.75983494333923
2588,30.407639918848872
2589,35.266390070319176
2590,33.55871606618166
2591,31.145886052399874
2592,35.509570967406034
2593,41.28211713396013
2594,31.496777199208736
2595,32.39607298746705
2596,29.22602789476514
2597,34.815022023394704
2598,31.124755972996354
2599,38.43014710582793
2600,35.007378086447716
2601,29.73422291688621
2602,32.52356196753681
2603,33.73390808701515
2604,30.899252044036984
2605,32.006435096263885
2606,36.16299293935299
2607,37.431404925882816
2608,37.83109784126282
2609,37.2296751011163
2610,30.996716814115644
2611,33.39253203012049
2612,31.57414309680462
2613,32.84053201787174
2614,30.291029019281268
2615,30.529372859746218
2616,30.809308169409633
2617,32.53439790569246
2618,37.808454129844904
2619,29.95495079085231
2620,33.79342588596046
2621,29.1485539637506
2622,29.96133896522224
2623,33.383859088644385
2624,32.84421702846885
2625,30.61962709762156
2626,33.017757115885615
2627,36.152539076283574
2628,34.271798096597195
2629,30.854446114972234
2630,31.61354293115437
2631,28.985403012484312
2632,31.37873485684395
2633,33.35441602393985
2634,31.102665001526475
2635,37.54704794846475
2636,34.62012414820492
2637,37.3384989798069
2638,37.66881814226508
2639,34.347740933299065
2640,43.62341482192278
2641,33.506922889500856
2642,36.823263857513666
2643,36.350421840325
2644,32.511075027287006
2645,33.89249509200454
2646,34.58208800293505
2647,42.13263303972781
2648,30.914947157725692
2649,33.12606690451503
2650,35.6471580453217
2651,33.608052879571915
2652,30.102530028671026
2653,33.800338162109256
2654,31.13975003361702
2655,30.210993019863963
2656,33.425153931602836
2657,36.827403120696545
2658,32.03490003943443
2659,34.06582400202751
2660,30.705136945471168
2661,29.87441304139793
2662,34.59578985348344
2663,36.01077082566917
2664,38.35923597216606
2665,34.180593909695745
2666,36.2699250690639
2667,32.56142092868686
2668,29.108737828209996
2669,29.129647882655263
2670,29.420490143820643
2671,32.67082409001887
2672,29.833602951839566
2673,36.0694769769907
2674,32.919983146712184
2675,33.488807966932654
2676,31.05312306433916
2677,32.75372600182891
2678,33.48183794878423
2679,32.665585866197944
2680,31.701614847406745
2681,37.366511998698115
2682,30.591137008741498
2683,32.415183959528804
2684,32.06947189755738
2685,32.98431006260216
2686,36.36500798165798
2687,31.33996995165944
2688,30.176925007253885
2689,36.43920784816146
2690,30.709635000675917
2691,29.357809107750654
2692,29.830670915544033
2693,29.164100997149944
2694,33.38584606535733
2695,32.485189847648144
2696,31.625283882021904
2697,31.404907116666436
2698,36.793863866478205
2699,34.52751110307872
2700,31.0694791842252
2701,33.32096990197897
2702,39.21127179637551
2703,35.844985861331224
2704,32.010204857215285
2705,34.39914993941784
2706,32.84355206415057
2707,36.260883091017604
2708,32.30518312193453
2709,32.69333788193762
2710,37.896130932495
2711,36.13987402059138
2712,31.893512001261115
2713,35.87400005199015
2714,30.779348919168115
2715,33.17580604925752
2716,32.19163604080677
2717,32.254118006676435
2718,29.409175971522927
2719,33.90180389396846
2720,29.58183316513896
2721,38.94176403991878
2722,35.14020214788616
2723,32.364752842113376
2724,29.749711975455284
2725,37.90962207131088
2726,33.20337692275643
2727,30.641104094684124
2728,31.838281080126762
2729,33.29969081096351
2730,32.387987012043595
2731,36.03496006689966
2732,32.103936187922955
2733,33.91784685663879
2734,33.95811794325709
2735,29.551788000389934
2736,32.707210863009095
2737,32.17303799465299
2738,30.57079087011516
2739,29.827237129211426
2740,30.0041101872921
2741,28.817598009482026
2742,30.60480090789497
2743,35.45533888973296
2744,30.681945150718093
2745,30.073642963543534
2746,30.39828478358686
2747,33.35493407212198
2748,29.62045115418732
2749,30.387460021302104
2750,35.44185101054609
2751,33.69000111706555
2752,30.952779110521078
2753,29.799196869134903
2754,32.97135513275862
2755,36.56168305315077
2756,36.53035708703101
2757,30.215314822271466
2758,40.7395139336586
2759,32.48536307364702
2760,30.62875708565116
2761,37.65048901550472
2762,34.918425139039755
2763,50.19405600614846
2764,38.5792579036206
2765,29.465792002156377
2766,29.977641999721527
2767,37.93481201864779
2768,40.27662705630064
2769,34.07148807309568
2770,32.44932019151747
2771,34.96091812849045
2772,35.07744101807475
2773,30.875784112140536
2774,29.628512915223837
2775,46.05585616081953
2776,30.755336862057447
2777,29.96578486636281
2778,29.463169863447547
2779,33.481302903965116
2780,29.957763152197003
2781,33.22957898490131
2782,30.816528014838696
2783,38.45690796151757
2784,33.986442955210805
2785,38.11657289043069
2786,33.524197060614824
2787,34.73742795176804
2788,34.31704314425588
2789,34.595676930621266
2790,30.430595856159925
2791,32.49232494272292
2792,30.971318017691374
2793,30.895916046574712
2794,31.918383901938796
2795,32.28046093136072
2796,39.00627396069467
2797,34.629507921636105
2798,32.97496191225946
2799,34.2775450553745
2800,35.26186617091298
2801,33.968426985666156
2802,31.16265218704939
2803,39.093393133953214
2804,30.533237848430872
2805,33.38328888639808
2806,32.93897002004087
2807,37.883710116147995
2808,32.89413405582309
2809,29.93739489465952
2810,29.03489489108324
2811,28.683373937383294
2812,28.65243819542229
2813,29.699331847950816
2814,31.30663698539138
2815,36.574335070326924
2816,31.797986011952162
2817,32.20204613171518
2818,32.1502301376313
2819,34.34245311655104
2820,31.787360087037086
2821,38.45616918988526
2822,30.844161054119468
2823,30.422175070270896
2824,29.927521012723446
2825,28.60948396846652
2826,30.678834998980165
2827,38.126269821077585
2828,34.50124920345843
2829,29.967529932036996
2830,29.697989113628864
2831,29.631620971485972
2832,30.51424096338451
2833,29.697307851165533
2834,29.231146909296513
2835,29.340019216760993
2836,35.15072399750352
2837,34.904589178040624
2838,29.70234793610871
2839,33.51883217692375
2840,34.93699710816145
2841,34.226121846586466
2842,34.60979205556214
2843,37.04598709009588
2844,33.65061804652214
2845,44.931221986189485
2846,31.698189908638597
2847,37.57588402368128
2848,37.181419087573886
2849,36.11307288520038
2850,34.16910697706044
2851,33.74205296859145
2852,38.207883015275
2853,42.99473692663014
2854,36.58152814023197
2855,47.745638992637396
2856,39.81550899334252
2857,34.73883308470249
2858,35.1718058809638
2859,37.905853940173984
2860,34.43627501837909
2861,30.927505111321807
2862,30.022341990843415
2863,34.20474985614419
2864,39.58275401964784
2865,34.149060025811195
2866,33.33526197820902
2867,35.4730449616909
2868,33.12315698713064
2869,31.19549504481256
2870,30.950952088460326
2871,34.30444002151489
2872,31.94221411831677
2873,30.51152010448277
2874,34.45326094515622
2875,35.25638300925493
2876,31.866340897977352
2877,30.974237015470862
2878,33.85767689906061
2879,33.544851932674646
2880,32.06423483788967
2881,31.149618094787
2882,33.89212815091014
2883,34.294885117560625
2884,30.74693912640214
2885,32.44351805187762
2886,41.76834900863469
2887,36.964017897844315
2888,36.3160758279264
2889,36.368674132972956
2890,35.840380005538464
2891,34.95857119560242
2892,31.187333166599274
2893,32.65717509202659
2894,36.04879113845527
2895,31.49870689958334
2896,33.838409930467606
2897,30.004097847267985
2898,33.96194404922426
2899,34.841147949919105
2900,39.39130296930671
2901,33.06409087963402
2902,34.681631019338965
2903,31.38614003546536
2904,29.80857784859836
2905,30.14419600367546
2906,42.56513388827443
2907,32.82660781405866
2908,31.32297587580979
2909,31.737351091578603
2910,33.83238101378083
2911,33.03768183104694
2912,32.176743960008025
2913,36.79036186076701
2914,31.496744137257338
2915,34.84242013655603
2916,38.517385022714734
2917,36.97862196713686
2918,32.152216881513596
2919,34.01523316279054
2920,32.87590201944113
2921,30.843673972412944
2922,28.80400698632002
2923,33.18560100160539
2924,30.59948398731649
2925,38.99338492192328
2926,37.6712610013783
2927,34.209433011710644
2928,31.194306910037994
2929,31.22214786708355
2930,33.42480701394379
2931,33.59257709234953
2932,32.02375816181302
2933,29.323519906029105
2934,28.842625906690955
2935,32.718128990381956
2936,29.795069014653563
2937,35.59587011113763
2938,33.25056913308799
2939,28.905357932671905
2940,30.87322018109262
2941,43.87688380666077
2942,32.98905096016824
2943,32.995049841701984
2944,36.390029126778245
2945,34.15042511187494
2946,33.333922969177365
2947,39.440768072381616
2948,34.297053003683686
2949,31.664203852415085
2950,33.892902079969645
2951,35.79883207567036
2952,34.91062391549349
2953,33.470056019723415
2954,32.52439317293465
2955,29.365272959694266
2956,33.41135010123253
2957,33.285452984273434
2958,34.104739082977176
2959,36.7737109772861
2960,34.307949943467975
2961,38.89452992007136
2962,30.97383095882833
2963,30.13171092607081
2964,44.68372301198542
2965,37.776428973302245
2966,37.96708211302757
2967,35.069111036136746
2968,31.107018934562802
2969,28.966251062229276
2970,30.216207029297948
2971,34.85375107266009
2972,35.75323591940105
2973,35.376487066969275
2974,31.678817933425307
2975,32.89403114467859
2976,36.135904025286436
2977,39.42852187901735
2978,31.460283091291785
2979,29.664647998288274
2980,30.12017416767776
2981,36.620604107156396
2982,32.2127309627831
2983,35.46742396429181
2984,33.543037017807364
2985,36.51052201166749
2986,43.742177775129676
2987,32.39634493365884
2988,31.891515012830496
2989,30.941644916310906
2990,30.883587896823883
2991,33.96636503748596
2992,30.14969895593822
2993,34.163146978244185
2994,40.38328188471496
2995,35.62809177674353
2996,32.93561493046582
2997,34.15707894600928
2998,31.415276927873492
2999,34.18419882655144
3000,40.39294505491853
3001,33.26760698109865
3002,34.62830791249871
3003,36.92131186835468
3004,34.11086997948587
3005,38.905727909877896
3006,33.25127391144633
3007,39.287074003368616
3008,37.9624180495739
3009,31.213638139888644
3010,29.775333125144243
3011,29.846409102901816
3012,34.51584279537201
3013,35.87343799881637
3014,31.96724900044501
3015,32.8159190248698
3016,33.221710938960314
3017,29.047654010355473
3018,29.40682810731232
3019,37.480894941836596
3020,33.42669503763318
3021,36.28094308078289
3022,36.42599820159376
3023,31.397303100675344
3024,37.13982808403671
3025,33.809124026447535
3026,29.998915968462825
3027,30.186636140570045
3028,32.24722412414849
3029,33.00548018887639
3030,30.74931097216904
3031,40.60240788385272
3032,34.196098102256656
3033,36.2340931314975
3034,39.346314035356045
3035,35.14080005697906
3036,40.003169095143676
3037,34.902828047052026
3038,32.29348314926028
3039,29.65116989798844
3040,28.95875321701169
3041,28.902909951284528
3042,29.209956992417574
3043,34.071315079927444
3044,33.95222709514201
3045,34.514701925218105
3046,32.431700034067035
3047,37.35092282295227
3048,31.504953978583217
3049,32.34179597347975
3050,29.643461108207703
3051,29.141044011339545
3052,30.016023898497224
3053,30.38459992967546
3054,29.89162807352841
3055,37.015215028077364
3056,38.39925001375377
3057,30.601271893829107
3058,31.048116041347384
3059,31.011971877887845
3060,38.297138176858425
3061,38.89591689221561
3062,33.90891291201115
3063,31.34225308895111
3064,34.93888187222183
3065,31.164298066869378
3066,36.33861104026437
3067,35.97763390280306
3068,30.987134901806712
3069,33.29738508909941
3070,34.30795599706471
3071,29.154584975913167
3072,31.22982708737254
3073,34.738996997475624
3074,30.882290797308087
3075,32.567443093284965
3076,35.71627801284194
3077,36.28777712583542
3078,33.49893703125417
3079,36.77576198242605
3080,35.7360178604722
3081,32.256230944767594
3082,34.314447082579136
3083,34.073317889124155
3084,34.08570704050362
3085,33.79475581459701
3086,31.684922985732555
3087,35.57451814413071
3088,31.761617166921496
3089,30.01098707318306
3090,32.205736031755805
3091,37.28493792004883
3092,35.12579086236656
3093,30.937543837353587
3094,38.62676885910332
3095,39.32745987549424
3096,33.16617198288441
3097,30.94557602889836
3098,30.024546897038817
3099,30.121732037514448
3100,33.31902902573347
3101,29.46450700983405
3102,31.242256984114647
3103,35.739704966545105
3104,29.74138897843659
3105,32.56930713541806
3106,30.328191118314862
3107,29.266614001244307
3108,29.35026795603335
3109,29.627910116687417
3110,31.297569163143635
3111,30.498672975227237
3112,32.7185089699924
3113,33.52825087495148
3114,30.116355046629906
3115,34.496878972277045
3116,35.59648199006915
3117,35.55716387927532
3118,31.96516097523272
3119,29.24432000145316
3120,34.203784074634314
3121,32.659682212397456
3122,30.320368940010667
3123,41.755666956305504
3124,40.1859269477427
3125,37.03593905083835
3126,31.299282098188996
3127,37.78194705955684
3128,34.909642999991775
3129,36.19770519435406
3130,39.317546878010035
3131,34.65394303202629
3132,32.47530898079276
3133,32.77024696581066
3134,32.64140710234642
3135,33.263669814914465
3136,35.18442204222083
3137,30.59625905007124
3138,34.088254207745194
3139,33.301366958767176
3140,31.907156109809875
3141,36.611350951716304
3142,34.48299109004438
3143,32.918627839535475
3144,33.570866798982024
3145,42.80172195285559
3146,47.133264131844044
3147,38.40983100235462
3148,40.43411719612777
3149,36.20731015689671
3150,31.26915800385177
3151,39.60491600446403
3152,32.80384698882699
3153,39.342987118288875
3154,32.04849595203996
3155,34.339476842433214
3156,33.131823875010014
3157,32.73088904097676
3158,31.598216854035854
3159,35.73262598365545
3160,31.92127891816199
3161,37.369007943198085
3162,32.88447903469205
3163,38.354671094566584
3164,211.04543190449476
3165,29.440114041790366
3166,33.7238849606365
3167,30.334952985867858
3168,31.965203816071153
3169,35.14500521123409
3170,36.07841092161834
3171,37.03204705379903
3172,34.415512112900615
3173,35.748090827837586
3174,31.699700048193336
3175,29.483108082786202
3176,32.400059048086405
3177,34.32421595789492
3178,39.89356616511941
3179,38.87016698718071
3180,33.6145821493119
3181,33.58021192252636
3182,34.116899129003286
3183,34.16407806798816
3184,32.40702114999294
3185,31.574274878948927
3186,33.23977813124657
3187,31.350312987342477
3188,37.23592194728553
3189,37.44574310258031
3190,33.502368023619056
3191,32.95334288850427
3192,31.944744987413287
3193,35.60656192712486
3194,31.384222907945514
3195,31.949141062796116
3196,30.520589789375663
3197,34.782989881932735
3198,35.99482891149819
3199,31.57794987782836
3200,39.03060592710972
3201,30.87800112552941
3202,29.680552193894982
3203,29.695875011384487
3204,29.716896126046777
3205,31.019721878692508
3206,33.788882894441485
3207,30.429676175117493
3208,30.957159120589495
3209,32.58050908334553
3210,30.179013032466173
3211,31.460375990718603
3212,32.0799860637635
3213,32.804262125864625
3214,42.098502861335874
3215,32.76410303078592
3216,31.11626603640616
3217,30.398739967495203
3218,30.096803093329072
3219,38.034328958019614
3220,34.712376073002815
3221,33.91253901645541
3222,32.96932787634432
3223,31.37142490595579
3224,35.89781699702144
3225,38.32821501418948
3226,34.72614707425237
3227,31.612904043868184
3228,31.551341991871595
3229,31.71049803495407
3230,33.338997047394514
3231,32.27476589381695
3232,34.660279052332044
3233,32.4935510288924
3234,33.132619922980666
3235,35.45408812351525
3236,35.99084494635463
3237,33.590489998459816
3238,30.577135970816016
3239,35.19598511047661
3240,30.825974885374308
3241,33.27843686565757
3242,31.0057420283556
3243,36.10678715631366
3244,37.593486020341516
3245,35.420098807662725
3246,36.60653089173138
3247,33.13677781261504
3248,35.05957406014204
3249,34.27503793500364
3250,33.46794005483389
3251,33.07972406037152
3252,33.9197211433202
3253,36.089403089135885
3254,29.104511020705104
3255,31.66523389518261
3256,35.825211089104414
3257,33.44692895188928
3258,33.016910078004
3259,32.49070909805596
3260,33.22436916641891
3261,32.09430002607405
3262,31.27847914583981
3263,29.878359055146575
3264,29.245899990200996
3265,29.058922082185745
3266,30.102913035079837
3267,33.632834907621145
3268,34.05339899472892
3269,33.03078096359968
3270,33.86605181731284
3271,33.12634187750518
3272,32.160419039428234
3273,29.344656970351934
3274,29.854304157197475
3275,49.83737110160291
3276,31.962196109816432
3277,30.13157704845071
3278,33.86756498366594
3279,32.13800583034754
3280,29.91308202035725
3281,34.28223100490868
3282,30.85585287772119
3283,28.990431921556592
3284,35.5143710039556
3285,32.064036931842566
3286,35.757482051849365
3287,31.293561914935708
3288,37.496683886274695
3289,34.81705510057509
3290,35.52206186577678
3291,31.889436999335885
3292,36.15409112535417
3293,31.089690048247576
3294,32.15649491176009
3295,31.128327129408717
3296,39.088638965040445
3297,36.02981590665877
3298,33.87245303019881
3299,32.968059880658984
3300,32.47599885798991
3301,30.047481879591942
3302,29.653226025402546
3303,31.657232902944088
3304,32.88009902462363
3305,33.49213907495141
3306,33.16476312465966
3307,31.98584308847785
3308,38.93829695880413
3309,34.53214396722615
3310,35.09442904032767
3311,29.91723013110459
3312,33.10197894461453
3313,32.35400887206197
3314,30.85783706046641
3315,31.883359886705875
3316,30.391925014555454
3317,30.249753035604954
3318,35.73627187870443
3319,33.97452482022345
3320,37.46321611106396
3321,31.682070810347795
3322,32.30261313728988
3323,34.288270864635706
3324,29.79846391826868
3325,32.34853106550872
3326,32.72493905387819
3327,29.965871945023537
3328,35.60251393355429
3329,30.556360026821494
3330,35.25429707951844
3331,33.4611430298537
3332,39.29551783949137
3333,34.01702898554504
3334,31.21998510323465
3335,30.013995012268424
3336,32.248103991150856
3337,31.32756589911878
3338,39.77423091419041
3339,38.208615966141224
3340,31.408887123689055
3341,29.44457996636629
3342,35.03775596618652
3343,34.01485690847039
3344,35.09347909130156
3345,34.17976200580597
3346,36.80185601115227
3347,35.15070420689881
3348,34.23284087330103
3349,39.960527094081044
3350,29.960145009681582
3351,30.528358882293105
3352,30.238989973440766
3353,32.63700008392334
3354,32.82327810302377
3355,29.032116988673806
3356,32.45610184967518
3357,37.62135305441916
3358,30.116356909275055
3359,31.273755943402648
3360,46.13462695851922
3361,35.19404819235206
3362,32.17880008742213
3363,30.031711095944047
3364,29.80583719909191
3365,38.62131992354989
3366,32.7307409606874
3367,33.702014945447445
3368,36.68199013918638
3369,36.83389606885612
3370,42.49669495038688
3371,35.31205514445901
3372,42.016352992504835
3373,37.619502982124686
3374,35.30590585432947
3375,35.14047106727958
3376,32.57904597558081
3377,31.346856150776148
3378,32.36893401481211
3379,34.17404508218169
3380,32.46749984100461
3381,31.336791114881635
3382,29.156943084672093
3383,29.801842058077455
3384,29.775372939184308
3385,52.61139804497361
3386,32.42862317711115
3387,33.20729988627136
3388,34.523324109613895
3389,40.44339619576931
3390,35.494305891916156
3391,29.476086841896176
3392,41.68904712423682
3393,33.22114096954465
3394,29.36757798306644
3395,29.940258944407105
3396,31.591360922902822
3397,34.28051504306495
3398,35.70480109192431
3399,33.777618082240224
3400,35.40243091993034
3401,31.677959952503443
3402,30.242948094382882
3403,31.97906701825559
3404,32.29001886211336
3405,32.87833207286894
3406,31.434787902981043
3407,37.47118404135108
3408,34.08090793527663
3409,36.280986154451966
3410,30.087346909567714
3411,45.74322002008557
3412,37.63521811924875
3413,32.96615299768746
3414,34.02521600946784
3415,31.898357206955552
3416,35.52693594247103
3417,29.858607100322843
3418,33.13422319479287
3419,30.388384824618697
3420,35.06966703571379
3421,35.40008794516325
3422,32.77096408419311
3423,47.601642087101936
3424,34.231513971462846
3425,34.87480012699962
3426,34.532071091234684
3427,33.73891208320856
3428,36.80382389575243
3429,35.91920109465718
3430,38.87834586203098
3431,38.573672994971275
3432,36.919596837833524
3433,37.51625306904316
3434,36.06885299086571
3435,43.918672017753124
3436,37.17832011170685
3437,34.52365705743432
3438,34.471309976652265
3439,47.0174141228199
3440,40.48843705095351
3441,38.16197207197547
3442,41.81212279945612
3443,37.18772507272661
3444,38.51327300071716
3445,34.06360489316285
3446,52.90073319338262
3447,33.38524606078863
3448,53.60380816273391
3449,38.232929073274136
3450,39.13718182593584
3451,38.298366125673056
3452,39.26384006626904
3453,37.16907906346023
3454,32.68797299824655
3455,29.51573091559112
3456,29.589890968054533
3457,32.15587302111089
3458,30.986245023086667
3459,32.241259003058076
3460,32.661853823810816
3461,32.22742909565568
3462,33.65290584042668
3463,37.97709895297885
3464,36.48231807164848
3465,33.02487311884761
3466,37.030844017863274
3467,36.83682600967586
3468,32.51173091121018
3469,33.37236004881561
3470,29.79297307319939
3471,29.545554891228676
3472,29.45999801158905
3473,36.76898404955864
3474,32.373515889048576
3475,32.70068182609975
3476,32.6548139564693
3477,32.62310707941651
3478,36.216014996171
3479,32.26130083203316
3480,30.485762981697917
3481,30.288170091807842
3482,37.22248016856611
3483,31.885112170130014
3484,30.281729996204376
3485,30.9240841306746
3486,34.605683060362935
3487,31.97619691491127
3488,39.464369881898165
3489,33.48293504677713
3490,38.9452688395977
3491,30.715954955667257
3492,33.98479986935854
3493,34.47534888982773
3494,33.28064410015941
3495,35.55028606206179
3496,38.08783506974578
3497,29.458196833729744
3498,33.694560173898935
3499,31.731332885101438
3500,34.379417076706886
3501,33.2550669554621
3502,30.032899929210544
3503,29.528641141951084
3504,29.50474596582353
3505,29.167675180360675
3506,32.46828820556402
3507,35.993354162201285
3508,41.12671106122434
3509,32.07169007509947
3510,31.379853142425418
3511,38.98808383382857
3512,35.760399885475636
3513,36.399819888174534
3514,36.103249061852694
3515,36.770711187273264
3516,37.78902301564813
3517,39.24511605873704
3518,34.08771497197449
3519,32.85923087969422
3520,30.312487157061696
3521,30.145089142024517
3522,30.371495988219976
3523,33.65535312332213
3524,35.5509789660573
3525,35.02420708537102
3526,34.527437994256616
3527,35.69281008094549
3528,33.03191694431007
3529,32.026042928919196
3530,34.198609879240394
3531,35.86855996400118
3532,30.961030861362815
3533,33.079077024012804
3534,30.138488858938217
3535,29.048880096524954
3536,35.09163693524897
3537,40.64753092825413
3538,33.31163385882974
3539,32.36538916826248
3540,30.042938888072968
3541,30.03174182958901
3542,32.98809286206961
3543,31.572100007906556
3544,30.843196902424097
3545,29.542073840275407
3546,29.11500004120171
3547,30.17039713449776
3548,34.39731686376035
3549,29.553641099482775
3550,32.64997084625065
3551,30.214573023840785
3552,32.820563996210694
3553,38.86921005323529
3554,34.02050700969994
3555,37.65567718073726
3556,31.932614976540208
3557,31.402989057824016
3558,37.02325792983174
3559,39.06425996683538
3560,33.66057202219963
3561,36.882609128952026
3562,32.23606594838202
3563,30.944277066737413
3564,30.252269003540277
3565,32.207724172621965
3566,30.18752415664494
3567,29.387315036728978
3568,29.78511620312929
3569,29.240637784823775
3570,29.28806794807315
3571,29.713801108300686
3572,35.98054009489715
3573,35.119350999593735
3574,32.41885895840824
3575,33.66270684637129
3576,32.60974306613207
3577,31.980527797713876
3578,32.578926999121904
3579,32.06578502431512
3580,31.7006919067353
3581,34.569283947348595
3582,32.30021405033767
3583,32.63852605596185
3584,42.49544790945947
3585,35.05662805400789
3586,33.03828998468816
3587,32.64507604762912
3588,33.63491501659155
3589,30.160333961248398
3590,29.910322045907378
3591,33.69686799123883
3592,33.57125096954405
3593,30.066715087741613
3594,33.92024990171194
3595,31.100972089916468
3596,34.27881305105984
3597,32.9349460080266
3598,34.957953030243516
3599,32.633960945531726
3600,31.38960199430585
3601,34.385111881420016
3602,34.96966091915965
3603,31.09749802388251
3604,32.04785007983446
3605,33.98546786047518
3606,34.83908693306148
3607,34.388866974040866
3608,33.62928912974894
3609,30.149899888783693
3610,33.848895924165845
3611,29.8731189686805
3612,35.722468979656696
3613,39.757453138008714
3614,35.17342312261462
3615,33.77680806443095
3616,29.69640609808266
3617,29.817105969414115
3618,29.597850050777197
3619,29.160690028220415
3620,31.813472043722868
3621,36.827760050073266
3622,29.91324895992875
3623,30.692285858094692
3624,32.146144891157746
3625,31.1525899451226
3626,32.640440156683326
3627,35.19744798541069
3628,29.40621506422758
3629,30.123593052849174
3630,32.57788787595928
3631,37.64968295581639
3632,38.147373124957085
3633,30.296799959614873
3634,29.271306935697794
3635,29.47273594327271
3636,37.29366511106491
3637,34.44708604365587
3638,35.74001602828503
3639,33.501210156828165
3640,29.460327932611108
3641,30.122241005301476
3642,31.557602807879448
3643,31.903636874631047
3644,37.9218680318445
3645,34.125237027183175
3646,34.95747409760952
3647,34.88518693484366
3648,29.771569184958935
3649,30.929110012948513
3650,30.110352905467153
3651,30.84169002249837
3652,32.138876151293516
3653,30.01524112187326
3654,29.471563873812556
3655,33.37022592313588
3656,36.54110594652593
3657,30.559580074623227
3658,32.42040518671274
3659,31.975976191461086
3660,37.011266918852925
3661,32.450060127303004
3662,33.53103599511087
3663,36.65442718192935
3664,31.190468929708004
3665,32.95356803573668
3666,33.21748995222151
3667,36.82859591208398
3668,42.413322953507304
3669,37.05258807167411
3670,40.65772402100265
3671,34.86149292439222
3672,29.94583989493549
3673,31.974704936146736
3674,31.31221910007298
3675,31.689621042460203
3676,29.779493110254407
3677,28.877271804958582
3678,29.461871134117246
3679,28.87076186016202
3680,32.979317009449005
3681,30.585040105506778
3682,32.12542808614671
3683,34.32204085402191
3684,34.4877780880779
3685,31.32603084668517
3686,36.337675992399454
3687,30.74874309822917
3688,29.47475900873542
3689,33.75852503813803
3690,33.2101508975029
3691,33.080898923799396
3692,34.49684311635792
3693,29.76500289514661
3694,29.66430294327438
3695,33.98275887593627
3696,32.0622359868139
3697,35.136053105816245
3698,36.87877207994461
3699,32.90042094886303
3700,30.63154104165733
3701,34.88700184971094
3702,32.36225200816989
3703,34.4973742030561
3704,37.000671960413456
3705,39.7037691436708
3706,36.973862908780575
3707,34.9543618503958
3708,30.61342309229076
3709,38.40413806028664
3710,35.47855210490525
3711,32.58712496608496
3712,29.99591617844999
3713,29.07471708022058
3714,30.318845063447952
3715,30.736095970496535
3716,32.936534844338894
3717,37.257554940879345
3718,35.04730109125376
3719,29.87520699389279
3720,31.33203205652535
3721,34.247233998030424
3722,31.182288890704513
3723,32.45663293637335
3724,90.00667906366289
3725,36.08097811229527
3726,37.806170992553234
3727,34.358859062194824
3728,39.25177897326648
3729,36.07332683168352
3730,40.86496611125767
3731,33.72551896609366
3732,35.20190203562379
3733,39.424455957487226
3734,33.660392044112086
3735,32.12586115114391
3736,35.55781999602914
3737,34.72663601860404
3738,30.068424995988607
3739,35.428678849712014
3740,35.74374713934958
3741,37.23986982367933
3742,48.728639958426356
3743,60.02830807119608
3744,33.581403782591224
3745,34.01143406517804
3746,31.796382972970605
3747,35.62357998453081
3748,34.43888993933797
3749,29.961847001686692
3750,29.819366056472063
3751,34.31732999160886
3752,34.484117990359664
3753,29.687510104849935
3754,29.700068989768624
3755,35.173752112314105
3756,32.36767300404608
3757,31.799999065697193
3758,31.30432218313217
3759,29.89548002369702
3760,30.74548300355673
3761,29.58401688374579
3762,31.273607164621353
3763,28.783898102119565
3764,34.56426598131657
3765,32.63526107184589
3766,42.9521391633898
3767,33.47248397767544
3768,33.05338090285659
3769,34.03215506114066
3770,30.442191986367106
3771,33.753562020137906
3772,31.810445012524724
3773,32.83967403694987
3774,34.815188962966204
3775,37.41361992433667
3776,38.842254085466266
3777,40.835735853761435
3778,31.463400926440954
3779,34.019178012385964
3780,32.60636888444424
3781,36.16362391039729
3782,34.09884590655565
3783,33.90863421373069
3784,30.566417146474123
3785,34.551339223980904
3786,32.73043315857649
3787,32.80014684423804
3788,32.70909213460982
3789,29.744016006588936
3790,30.261273961514235
3791,35.30683112330735
3792,30.934934969991446
3793,31.64018294773996
3794,35.48899199813604
3795,32.42840408347547
3796,30.453589977696538
3797,29.49399407953024
3798,30.382023891434073
3799,31.622066162526608
3800,42.390516959130764
3801,32.43369213305414
3802,33.43518008477986
3803,34.623857121914625
3804,39.08515512011945
3805,30.32165509648621
3806,29.772609006613493
3807,29.772319132462144
3808,34.78032094426453
3809,31.808493891730905
3810,29.106589034199715
3811,28.790290001779795
3812,31.48145880550146
3813,30.322936829179525
3814,33.16147509030998
3815,34.3658949714154
3816,35.06451309658587
3817,36.59673989750445
3818,31.276193913072348
3819,30.881316866725683
3820,29.67428299598396
3821,29.428028035908937
3822,29.859527945518494
3823,30.094678048044443
3824,39.98993197456002
3825,32.08884107880294
3826,32.70099009387195
3827,29.505051905289292
3828,30.623754020780325
3829,37.06416394561529
3830,34.469448029994965
3831,45.35172786563635
3832,34.35751283541322
3833,35.08464293554425
3834,30.95292393118143
3835,31.88778320327401
3836,36.599494982510805
3837,34.37064401805401
3838,30.611086171120405
3839,33.18457119166851
3840,29.95405998080969
3841,29.89629516378045
3842,37.57807891815901
3843,33.41582394205034
3844,29.69315298832953
3845,30.071795918047428
3846,33.60747988335788
3847,30.73937795124948
3848,37.740489933639765
3849,35.42841598391533
3850,36.80259711109102
3851,29.870305908843875
3852,33.12305989675224
3853,30.688622035086155
3854,30.259595019742846
3855,33.02040696144104
3856,32.93852508068085
3857,31.6384038887918
3858,33.674058970063925
3859,35.34267796203494
3860,34.79175013490021
3861,41.25846899114549
3862,32.88668906316161
3863,36.11294203437865
3864,34.02684303000569
3865,32.0266701746732
3866,34.170767990872264
3867,39.00129604153335
3868,33.92897895537317
3869,33.124343026429415
3870,30.744627118110657
3871,30.21058300510049
3872,37.94154105708003
3873,35.29051202349365
3874,30.316580086946487
3875,29.729358153417706
3876,31.22887690551579
3877,33.7987148668617
3878,32.48985996469855
3879,33.77261688001454
3880,33.20188797079027
3881,28.98902795277536
3882,28.59623497352004
3883,29.001666931435466
3884,35.376450046896935
3885,29.333400074392557
3886,31.192681984975934
3887,29.42594699561596
3888,31.165031949058175
3889,29.41135480068624
3890,35.25773296132684
3891,31.632636208087206
3892,34.043538849800825
3893,31.566428020596504
3894,32.81612484715879
3895,31.685114139690995
3896,37.16620919294655
3897,32.28446701541543
3898,33.48110383376479
3899,37.15383284725249
3900,31.243178993463516
3901,29.50811106711626
3902,31.666378024965525
3903,32.41021395660937
3904,37.27551409974694
3905,34.30157387629151
3906,31.53002494946122
3907,41.24844796024263
3908,34.48044019751251
3909,36.5566851105541
3910,42.8990600630641
3911,34.30626098997891
3912,35.03013704903424
3913,35.12279503047466
3914,35.93938797712326
3915,31.01354814134538
3916,29.84328893944621
3917,29.44195200689137
3918,29.0944860316813
3919,30.26794013567269
3920,34.15939211845398
3921,35.47622007317841
3922,32.541298074647784
3923,29.940552776679397
3924,32.20790298655629
3925,33.51916209794581
3926,35.80305608920753
3927,39.62858207523823
3928,33.19712495431304
3929,33.97681307978928
3930,30.493977013975382
3931,38.72986603528261
3932,34.096230985596776
3933,33.23060390539467
3934,32.30104292742908
3935,34.56872305832803
3936,30.79749899916351
3937,34.53726600855589
3938,33.09405199252069
3939,33.44040620140731
3940,33.15875795669854
3941,34.51368119567633
3942,29.539037961512804
3943,29.589632991701365
3944,32.349003944545984
3945,30.054735019803047
3946,30.308702029287815
3947,30.90240410529077
3948,29.564386000856757
3949,31.21935506351292
3950,30.606754822656512
3951,36.77396988496184
3952,31.121478881686926
3953,29.873534804210067
3954,32.46663906611502
3955,30.86846391670406
3956,33.40021590702236
3957,35.45047505758703
3958,34.0136201120913
3959,29.255507979542017
3960,33.44816900789738
3961,34.779957961291075
3962,34.0507950168103
3963,35.5880290735513
3964,30.734566040337086
3965,30.26161319576204
3966,33.110396936535835
3967,35.598344868049026
3968,35.52469494752586
3969,31.163663836196065
3970,38.76775479875505
3971,34.5680529717356
3972,32.62276202440262
3973,30.95801896415651
3974,31.376088969409466
3975,33.889594953507185
3976,29.503065859898925
3977,34.502336056903005
3978,35.165410954505205
3979,31.960737891495228
3980,37.76347194798291
3981,30.091460095718503
3982,33.84260507300496
3983,33.042286057025194
3984,35.96529993228614
3985,34.718237118795514
3986,33.9894441422075
3987,31.101273139938712
3988,31.307057943195105
3989,31.159168109297752
3990,29.82187084853649
3991,29.371933080255985
3992,32.909190049394965
3993,33.814024878665805
3994,30.03305592574179
3995,32.825264148414135
3996,32.873416086658835
3997,31.624960945919156
3998,34.23795406706631
3999,29.646960785612464
4000,30.598285142332315
4001,31.691038981080055
4002,30.778542859479785
4003,32.79015189036727
4004,35.0712719373405
4005,35.862558986991644
4006,31.272147083655
4007,33.875866094604135
4008,34.30057712830603
4009,40.28881713747978
4010,32.709694001823664
4011,32.539499923586845
4012,35.040728049352765
4013,32.75763406418264
4014,33.92395796254277
4015,32.236841041594744
4016,34.91908684372902
4017,30.480140121653676
4018,31.338145956397057
4019,33.55320799164474
4020,34.211957128718495
4021,36.6595049854368
4022,34.145598066970706
4023,33.84065511636436
4024,29.924085130915046
4025,29.610869009047747
4026,32.60854398831725
4027,34.95299909263849
4028,37.128221010789275
4029,34.90635892376304
4030,37.41534799337387
4031,41.493639117106795
4032,34.38333189114928
4033,35.42027296498418
4034,38.042520172894
4035,34.07503291964531
4036,34.45571893826127
4037,36.748608108609915
4038,38.028799928724766
4039,32.9018400516361
4040,38.037783931940794
4041,36.72170708887279
4042,33.98590092547238
4043,32.78088988736272
4044,37.08794200792909
4045,37.2085808776319
4046,44.00414205156267
4047,35.64797295257449
4048,35.27675196528435
4049,31.618844950571656
4050,29.711779905483127
4051,34.28506781347096
4052,32.081603072583675
4053,29.02913512662053
4054,32.79127716086805
4055,28.974123997613788
4056,32.24246180616319
4057,34.694335190579295
4058,34.42206094041467
4059,29.574095970019698
4060,28.837249847128987
4061,28.517895145341754
4062,28.755489038303494
4063,30.397129012271762
4064,33.49358192645013
4065,36.54004889540374
4066,29.85200798138976
4067,30.820599058642983
4068,36.22180595993996
4069,33.46556005999446
4070,33.50953501649201
4071,33.82036695256829
4072,32.613944029435515
4073,32.159287948161364
4074,32.378603937104344
4075,37.73141000419855
4076,34.97377107851207
4077,31.845842953771353
4078,31.428492860868573
4079,34.618735080584884
4080,37.358778063207865
4081,32.549529103562236
4082,30.095992842689157
4083,48.315243097022176
4084,34.67121301218867
4085,34.933573100715876
4086,29.851818922907114
4087,31.760406913235784
4088,35.19432991743088
4089,30.60035314410925
4090,35.82037100568414
4091,35.053821047768
4092,33.39536697603762
4093,38.26886019669473
4094,35.55372403934598
4095,30.35861300304532
4096,30.12039908207953
4097,41.29982506856322
4098,31.187796033918858
4099,32.80224488116801
4100,33.578668953850865
4101,30.30142793431878
4102,36.805554991588
4103,36.00991307757795
4104,32.34737878665328
4105,30.326375039294362
4106,30.465133022516966
4107,31.31602704524994
4108,31.769631896167994
4109,32.14294696226716
4110,28.99982500821352
4111,33.81546284072101
4112,36.46958712488413
4113,36.99441789649427
4114,33.92248181626201
4115,31.01588087156415
4116,31.68592695146799
4117,30.13146691955626
4118,30.44389095157385
4119,29.984017135575414
4120,30.008304165676236
4121,32.99058717675507
4122,32.07397391088307
4123,31.188588123768568
4124,33.75294990837574
4125,38.31251710653305
4126,30.64890601672232
4127,35.65193200483918
4128,33.13129604794085
4129,30.55414487607777
4130,46.78055411204696
4131,35.55003087967634
4132,34.49560306034982
4133,29.574169078841805
4134,32.27180801331997
4135,34.058263059705496
4136,33.094762824475765
4137,33.57607894577086
4138,35.395924001932144
4139,39.59205118007958
4140,32.0656830444932
4141,30.187541851773858
4142,32.919542863965034
4143,34.27593898959458
4144,29.88978917710483
4145,33.93314895220101
4146,34.68766110017896
4147,28.856974095106125
4148,32.71209402009845
4149,43.82438212633133
4150,33.13674498349428
4151,30.15441307798028
4152,31.30838694050908
4153,33.29551196657121
4154,30.098709044978023
4155,29.917570063844323
4156,29.747206950560212
4157,29.844301054254174
4158,33.61341403797269
4159,30.16325505450368
4160,34.97635992243886
4161,33.447877038270235
4162,30.598752899095416
4163,29.36127409338951
4164,32.30441804043949
4165,35.14081402681768
4166,33.13913894817233
4167,33.29828707501292
4168,34.71119701862335
4169,31.254027970135212
4170,30.88894486427307
4171,29.56244396045804
4172,34.23617104999721
4173,36.7124411277473
4174,33.24413695372641
4175,39.348138961941004
4176,33.480457961559296
4177,31.786399893462658
4178,31.610968988388777
4179,34.585780929774046
4180,35.05223477259278
4181,34.17904698289931
4182,35.2321220561862
4183,33.919681096449494
4184,32.40043297410011
4185,30.02052498050034
4186,29.67936685308814
4187,36.85707692056894
4188,33.473748015239835
4189,30.575118958950043
4190,31.09253803268075
4191,33.53107301518321
4192,35.062229027971625
4193,31.23273584060371
4194,35.63117515295744
4195,30.872961971908808
4196,35.164982080459595
4197,29.761301120743155
4198,32.81445917673409
4199,35.2762290276587
4200,31.487536849454045
4201,30.63720208592713
4202,30.631584115326405
4203,33.851289888843894
4204,34.38593493774533
4205,36.371816881000996
4206,29.62959511205554
4207,28.668896993622184
4208,40.81234894692898
4209,37.218104815110564
4210,40.15548201277852
4211,49.441165989264846
4212,30.846093082800508
4213,38.08533400297165
4214,32.32830693013966
4215,30.04240896552801
4216,29.704286018386483
4217,29.308066936209798
4218,28.719643130898476
4219,30.234154080972075
4220,31.948572024703026
4221,36.38226282782853
4222,31.75537404604256
4223,37.2248359490186
4224,33.25685695745051
4225,35.608451813459396
4226,33.42223400250077
4227,32.630718080326915
4228,33.66697812452912
4229,33.04644604213536
4230,48.142826883122325
4231,30.979322968050838
4232,36.35420184582472
4233,33.917550928890705
4234,35.34380090422928
4235,30.243138084188104
4236,30.58079001493752
4237,38.76827098429203
4238,33.71907491236925
4239,31.733614159747958
4240,33.54548802599311
4241,32.46324905194342
4242,30.572528950870037
4243,35.74308496899903
4244,34.279819810763
4245,37.7071239054203
4246,34.777218010276556
4247,40.019822074100375
4248,34.77632789872587
4249,32.10646798834205
4250,40.18250294029713
4251,31.53997682966292
4252,33.679726999253035
4253,32.432503066957
4254,28.996534878388047
4255,32.12066902779043
4256,34.03322398662567
4257,34.32612004689872
4258,34.823599038645625
4259,36.67168598622084
4260,36.699037067592144
4261,31.848676037043333
4262,37.610362051054835
4263,34.321672981604934
4264,32.780221197754145
4265,32.03454287722707
4266,32.366596860811114
4267,29.034182894974947
4268,40.671632857993245
4269,30.025285901501775
4270,31.84532094746828
4271,32.646412029862404
4272,40.462391916662455
4273,35.455949138849974
4274,34.57638178952038
4275,34.292589873075485
4276,38.37922494858503
4277,37.081276066601276
4278,33.32942817360163
4279,34.99645600095391
4280,38.99719403125346
4281,36.61298891529441
4282,37.269454915076494
4283,34.29774707183242
4284,29.839030001312494
4285,34.010011004284024
4286,31.043640803545713
4287,33.144915010780096
4288,29.34706909582019
4289,31.83247405104339
4290,32.55038079805672
4291,36.122150951996446
4292,32.90657000616193
4293,30.359904980286956
4294,30.334586976096034
4295,36.03886696510017
4296,31.240823911502957
4297,34.637854900211096
4298,31.644294038414955
4299,33.42614299617708
4300,31.16774605587125
4301,33.06334279477596
4302,30.64790298230946
4303,29.305246891453862
4304,32.82321593724191
4305,29.841725016012788
4306,31.176348915323615
4307,33.12654816545546
4308,37.257579155266285
4309,30.501736095175147
4310,30.43336304835975
4311,30.293977120891213
4312,31.541001051664352
4313,32.94809302315116
4314,34.25949299708009
4315,33.65952102467418
4316,45.788793824613094
4317,32.455150969326496
4318,30.2944490686059
4319,31.660720007494092
4320,36.972186993807554
4321,38.017389830201864
4322,32.031060894951224
4323,31.629413831979036
4324,34.736973932012916
4325,31.688201008364558
4326,33.81799696944654
4327,37.09445893764496
4328,39.68625096604228
4329,41.825221851468086
4330,37.82123886048794
4331,44.4487021304667
4332,35.974693950265646
4333,40.95556912943721
4334,35.339199006557465
4335,34.41849001683295
4336,41.251819813624024
4337,36.3538870587945
4338,37.516145035624504
4339,35.178750986233354
4340,37.45323093608022
4341,36.45105194300413
4342,36.424211924895644
4343,31.837424030527472
4344,34.7618218511343
4345,49.78035087697208
4346,43.81553316488862
4347,36.85734700411558
4348,31.86024888418615
4349,32.64428395777941
4350,31.791496090590954
4351,35.0101909134537
4352,33.458303892984986
4353,30.781354987993836
4354,30.81267001107335
4355,33.729777904227376
4356,30.95514210872352
4357,30.446836026385427
4358,34.313987009227276
4359,32.357036136090755
4360,37.08581696264446
4361,33.56548398733139
4362,30.299236997961998
4363,30.240430030971766
4364,35.55387002415955
4365,29.803340090438724
4366,31.086307018995285
4367,29.965180903673172
4368,30.747704207897186
4369,34.684107173234224
4370,30.693684006109834
4371,31.639330089092255
4372,30.56860901415348
4373,34.125737845897675
4374,29.26870691590011
4375,45.17335398122668
4376,40.36933113820851
4377,33.23549497872591
4378,33.77868188545108
4379,35.464138025417924
4380,30.741817085072398
4381,29.511116910725832
4382,33.38543698191643
4383,31.669295858591795
4384,35.46864492818713
4385,34.38441199250519
4386,33.719263039529324
4387,32.29762916453183
4388,33.4376550745219
4389,32.95279387384653
4390,34.24049890600145
4391,32.03749284148216
4392,36.57685196958482
4393,35.55927914567292
4394,32.95640996657312
4395,33.57015200890601
4396,29.87043117173016
4397,29.16408097371459
4398,28.92612712457776
4399,29.658386018127203
4400,33.88738399371505
4401,32.6329180970788
4402,36.196687957271934
4403,31.59100003540516
4404,31.64433897472918
4405,31.582338036969304
4406,32.771495869383216
4407,33.25197007507086
4408,29.758014949038625
4409,34.36767007224262
4410,31.682817032560706
4411,31.77598607726395
4412,33.38362602517009
4413,32.086658058688045
4414,34.39268609508872
4415,35.47705803066492
4416,37.78428887017071
4417,35.82064900547266
4418,33.32525887526572
4419,52.511014975607395
4420,39.46883394382894
4421,33.22091395966709
4422,35.92643700540066
4423,31.799770891666412
4424,33.71655102819204
4425,30.251840129494667
4426,37.722596898674965
4427,35.39841086603701
4428,35.40070494636893
4429,35.94302083365619
4430,30.780144967138767
4431,29.376278165727854
4432,29.090022901073098
4433,32.76423714123666
4434,34.78142595849931
4435,30.38798295892775
4436,35.661083878949285
4437,29.98191979713738
4438,29.316639993339777
4439,32.86695899441838
4440,33.3407639991492
4441,34.36319390311837
4442,30.403948156163096
4443,30.690073035657406
4444,36.28294891677797
4445,37.847874918952584
4446,36.02244099602103
4447,33.224611077457666
4448,35.039519891142845
4449,30.27633694000542
4450,33.82082702592015
4451,31.239688862115145
4452,31.117078149691224
4453,35.99097393453121
4454,35.24821996688843
4455,32.680111937224865
4456,31.59896400757134
4457,32.9842041246593
4458,31.47895517759025
4459,30.65977687947452
4460,31.992729054763913
4461,36.90982097759843
4462,30.12720705009997
4463,30.24427080526948
4464,30.968117993324995
4465,32.06868399865925
4466,35.33092397265136
4467,40.43866996653378
4468,34.510205034166574
4469,31.677501974627376
4470,34.677222138270736
4471,30.723584117367864
4472,32.72975701838732
4473,32.12365601211786
4474,38.514818996191025
4475,33.18006615154445
4476,34.15077994577587
4477,31.93348296917975
4478,38.63201313652098
4479,31.995304161682725
4480,35.462780855596066
4481,45.98498600535095
4482,31.882397131994367
4483,29.226246988400817
4484,32.28030912578106
4485,31.364956870675087
4486,33.51561585441232
4487,36.555435974150896
4488,33.29710988327861
4489,34.16342893615365
4490,31.844169832766056
4491,31.891341088339686
4492,31.645987182855606
4493,31.597624998539686
4494,29.93684494867921
4495,31.22830600477755
4496,32.737079076468945
4497,38.9263229444623
4498,34.48340599425137
4499,33.229801105335355
4500,31.722140032798052
4501,32.9480420332402
4502,30.034129973500967
4503,36.27642197534442
4504,31.68905107304454
4505,34.337810007855296
4506,40.619219187647104
4507,33.981790067628026
4508,42.74286818690598
4509,34.927746979519725
4510,34.40710203722119
4511,33.432343043386936
4512,31.785574974492192
4513,30.908440006896853
4514,29.64714402332902
4515,31.512689078226686
4516,33.59568491578102
4517,35.444395150989294
4518,32.15746791101992
4519,49.41177391447127
4520,34.648621920496225
4521,31.301226001232862
4522,32.31055592186749
4523,30.330222100019455
4524,31.735962023958564
4525,37.05542301759124
4526,36.742216208949685
4527,33.06536911986768
4528,35.33354098908603
4529,35.0609568413347
4530,39.514618925750256
4531,32.53507101908326
4532,42.18414891511202
4533,32.13807009160519
4534,33.5996940266341
4535,38.68563589639962
4536,30.703997937962413
4537,31.550797168165445
4538,31.304641161113977
4539,30.56025318801403
4540,33.39781309477985
4541,30.79894813708961
4542,35.37581395357847
4543,32.761547015979886
4544,34.887859132140875
4545,33.261461183428764
4546,29.765621991828084
4547,30.78619996085763
4548,39.928955025970936
4549,32.51571208238602
4550,30.317423166707158
4551,33.32376410253346
4552,30.438583809882402
4553,32.39468298852444
4554,35.49917903728783
4555,32.17199188657105
4556,42.365580098703504
4557,35.3253111243248
4558,35.155608085915446
4559,45.128199039027095
4560,35.89223395101726
4561,37.068402860313654
4562,37.58738515898585
4563,35.40943586267531
4564,35.11947486549616
4565,29.33731605298817
4566,38.45359315164387
4567,32.60848089121282
4568,35.433140816167
4569,33.354580169543624
4570,45.88149907067418
4571,34.47064012289047
4572,30.42667591944337
4573,36.51005309075117
4574,35.256109200417995
4575,33.116806065663695
4576,29.527038102969527
4577,31.70907311141491
4578,27.992977993562818
4579,31.157734105363488
4580,34.42228911444545
4581,36.35064698755741
4582,34.50237889774144
4583,36.09160194173455
4584,37.76089381426573
4585,32.621001126244664
4586,34.70468893647194
4587,29.54165101982653
4588,32.561422092840075
4589,30.11246118694544
4590,33.35618390701711
4591,33.90337806195021
4592,37.814633920788765
4593,37.34164987690747
4594,31.912838108837605
4595,33.82856701500714
4596,33.24282611720264
4597,35.494894022122025
4598,33.75581814907491
4599,33.902576891705394
4600,32.42024197243154
4601,31.83117718435824
4602,38.566092029213905
4603,32.91676100343466
4604,33.42000884003937
4605,216.48871595971286
4606,41.93456284701824
4607,33.91676000319421
4608,34.65245384722948
4609,32.04830107279122
4610,38.19932811893523
4611,37.29662601836026
4612,34.46885012090206
4613,37.975915940478444
4614,36.68314288370311
4615,35.59320303611457
4616,42.3398248385638
4617,34.146571066230536
4618,34.05825002118945
4619,33.3004929125309
4620,39.88698800094426
4621,38.96580799482763
4622,32.65438205562532
4623,36.01025301031768
4624,32.758005894720554
4625,38.32482500001788
4626,36.33563709445298
4627,34.24072195775807
4628,33.09299401007593
4629,35.3105419781059
4630,34.138798946514726
4631,36.18417214602232
4632,34.31406104937196
4633,67.36925104632974
4634,36.85287688858807
4635,34.93872098624706
4636,31.9104571826756
4637,33.26641395688057
4638,35.0929400883615
4639,33.35847007110715
4640,32.254859106615186
4641,39.975130930542946
4642,30.280933948233724
4643,31.492586014792323
4644,29.714501230046153
4645,34.366559935733676
4646,31.95876907557249
4647,33.29394501633942
4648,41.70545400120318
4649,42.047872906550765
4650,37.10293001495302
4651,30.876450007781386
4652,33.57525309547782
4653,32.529496820643544
4654,29.614151921123266
4655,29.942060122266412
4656,29.76934309117496
4657,29.89583113230765
4658,34.430525032803416
4659,30.211600940674543
4660,36.13007417879999
4661,31.94889589212835
4662,32.595808152109385
4663,33.54580095037818
4664,33.16028695553541
4665,44.657336082309484
4666,39.362621027976274
4667,31.314672902226448
4668,30.10263992473483
4669,30.616203090175986
4670,32.7871129848063
4671,31.229274813085794
4672,33.40811585076153
4673,36.186157958582044
4674,37.55128779448569
4675,34.76613597013056
4676,28.625793056562543
4677,32.55389607511461
4678,34.087826032191515
4679,32.86704095080495
4680,29.87022395245731
4681,29.96045909821987
4682,30.75963701121509
4683,33.19260594435036
4684,32.50362002290785
4685,30.13870306313038
4686,29.631539015099406
4687,28.97580387070775
4688,31.949216965585947
4689,37.76735905557871
4690,33.44021504744887
4691,31.842658994719386
4692,32.21782692708075
4693,32.05028781667352
4694,33.33374694921076
4695,34.03698303736746
4696,34.41523504443467
4697,36.00255586206913
4698,31.61197598092258
4699,39.356543915346265
4700,32.59918396361172
4701,34.390327986329794
4702,31.04586387053132
4703,37.36288915388286
4704,32.57127292454243
4705,30.151763930916786
4706,30.347555177286267
4707,33.366746036335826
4708,31.910039018839598
4709,32.916886964812875
4710,30.68776219151914
4711,29.354178113862872
4712,31.031301943585277
4713,36.83565487153828
4714,33.57741911895573
4715,33.530420158058405
4716,35.19462398253381
4717,31.020336085930467
4718,30.647330917418003
4719,29.95620295405388
4720,42.09982487373054
4721,35.966123919934034
4722,32.73451700806618
4723,31.20824694633484
4724,31.54841298237443
4725,38.46964705735445
4726,31.62007895298302
4727,32.899452140554786
4728,30.684818048030138
4729,32.73854311555624
4730,35.39048810489476
4731,30.80913284793496
4732,35.68609710782766
4733,32.63771301135421
4734,36.33335907943547
4735,33.09808811172843
4736,33.99095591157675
4737,36.852060817182064
4738,30.623486964032054
4739,30.171044170856476
4740,37.81111701391637
4741,30.753339873626828
4742,30.440214090049267
4743,35.71718279272318
4744,32.2931909468025
4745,30.379775213077664
4746,29.131218092516065
4747,29.144456842914224
4748,29.622968984767795
4749,32.956497045233846
4750,32.31016616337001
4751,29.812461929395795
4752,34.691008972004056
4753,32.54471602849662
4754,29.74707493558526
4755,31.88387304544449
4756,34.09402095712721
4757,33.24146196246147
4758,35.88858898729086
4759,32.19073894433677
4760,33.91791903413832
4761,36.63556114770472
4762,42.732839938253164
4763,33.89728697948158
4764,37.02024300582707
4765,32.233602833002806
4766,31.108419876545668
4767,29.876137152314186
4768,29.95723788626492
4769,34.38889002427459
4770,29.787994921207428
4771,29.39795609563589
4772,29.876687796786427
4773,36.74784698523581
4774,31.677186023443937
4775,30.109564075246453
4776,31.728781992569566
4777,32.22742397338152
4778,32.05391694791615
4779,30.504300957545638
4780,29.517282964661717
4781,30.74500896036625
4782,34.5032608602196
4783,38.79952081479132
4784,31.604398973286152
4785,36.84436297044158
4786,36.46621108055115
4787,35.33451701514423
4788,33.78044511191547
4789,31.830284977331758
4790,41.864090133458376
4791,31.62551997229457
4792,30.95531417056918
4793,36.01886495016515
4794,31.677288003265858
4795,36.34008299559355
4796,34.78381806053221
4797,32.185483956709504
4798,36.875609774142504
4799,33.72948011383414
4800,31.01551393046975
4801,32.33008785173297
4802,34.81816896237433
4803,35.63537518493831
4804,32.274435041472316
4805,33.64314092323184
4806,33.37648487649858
4807,39.086316945031285
4808,32.187056029215455
4809,42.3501820769161
4810,30.781045090407133
4811,30.7028298266232
4812,29.122297884896398
4813,29.104792047291994
4814,35.44252994470298
4815,35.93166684731841
4816,37.751434138044715
4817,32.817574916407466
4818,30.518534826114774
4819,30.38336499594152
4820,31.037417007610202
4821,34.100983990356326
4822,31.985277077183127
4823,35.29932699166238
4824,33.62285299226642
4825,30.03809996880591
4826,31.86006098985672
4827,30.322983860969543
4828,34.25411111675203
4829,35.528177162632346
4830,37.947044940665364
4831,32.37937297672033
4832,39.511402137577534
4833,36.61158797331154
4834,30.087263090536
4835,30.475731007754803
4836,30.659083975479007
4837,33.409646013751626
4838,32.74871199391782
4839,34.519897075369954
4840,30.908505897969007
4841,31.167241046205163
4842,32.31968614272773
4843,34.89554696716368
4844,28.96625711582601
4845,32.54007385112345
4846,32.493164064362645
4847,31.58649615943432
4848,36.39077115803957
4849,29.91645084694028
4850,30.68400314077735
4851,35.502910846844316
4852,35.34848103299737
4853,31.356612918898463
4854,30.527639901265502
4855,40.76061211526394
4856,31.672342913225293
4857,32.43432613089681
4858,30.738753965124488
4859,29.25246302038431
4860,29.61241896264255
4861,29.830161947757006
4862,34.45366001687944
4863,37.16514306142926
4864,33.471188973635435
4865,36.12081008031964
4866,37.14348096400499
4867,29.56557902507484
4868,28.988700825721025
4869,37.12700610049069
4870,37.27607801556587
4871,30.54220206104219
4872,30.118752969428897
4873,30.598127050325274
4874,37.778066005557775
4875,34.475293941795826
4876,30.884752050042152
4877,40.155263151973486
4878,32.00844512321055
4879,34.322156105190516
4880,30.260204104706645
4881,35.64718714915216
4882,30.851032119244337
4883,30.227754963561893
4884,30.51706519909203
4885,37.862332072108984
4886,30.15560796484351
4887,30.500089982524514
4888,42.95241390354931
4889,34.837723011150956
4890,32.82850398682058
4891,32.34180109575391
4892,38.63079589791596
4893,50.534673035144806
4894,36.716428119689226
4895,36.616339115425944
4896,34.05828308314085
4897,31.97057801298797
4898,34.42357713356614
4899,30.41220991872251
4900,30.796212144196033
4901,29.655935941264033
4902,31.548832077533007
4903,35.787447122856975
4904,31.462294049561024
4905,40.29873898252845
4906,35.68929200991988
4907,33.47815200686455
4908,29.910785146057606
4909,30.082520097494125
4910,31.59327805042267
4911,39.40721205435693
4912,37.898398004472256
4913,35.17437493428588
4914,34.31322402320802
4915,37.42222907021642
4916,32.05776889808476
4917,42.90802893228829
4918,36.42029804177582
4919,38.14328205771744
4920,31.62690787576139
4921,37.842373829334974
4922,34.0163130313158
4923,40.40621919557452
4924,36.887172842398286
4925,35.741898929700255
4926,35.6180549133569
4927,35.956738982349634
4928,36.66022582910955
4929,44.7310630697757
4930,36.8549469858408
4931,38.41928392648697
4932,35.23780219256878
4933,32.673245994374156
4934,33.9914970099926
4935,35.973574966192245
4936,36.83257312513888
4937,37.964036921039224
4938,34.51688913628459
4939,40.86885787546635
4940,31.596173997968435
4941,33.9215830899775
4942,30.152436112985015
4943,32.97825017943978
4944,33.96679018624127
4945,32.19649684615433
4946,36.65164392441511
4947,32.989706844091415
4948,34.30920001119375
4949,34.15533108636737
4950,31.371899880468845
4951,47.23842302337289
4952,32.06058498471975
4953,32.32468804344535
4954,32.13360300287604
4955,29.949965188279748
4956,31.786686973646283
4957,29.639672953635454
4958,29.495990136638284
4959,31.721201026812196
4960,35.819889046251774
4961,29.758871998637915
4962,30.0530600361526
4963,32.63264684937894
4964,32.366621075198054
4965,35.70912405848503
4966,31.178263016045094
4967,32.84966922365129
4968,33.938148990273476
4969,32.297889003530145
4970,34.43550015799701
4971,30.712960986420512
4972,31.485761050134897
4973,33.533838111907244
4974,31.36831591837108
4975,31.009332044050097
4976,29.365847120061517
4977,31.998242950066924
4978,32.19093009829521
4979,31.226615188643336
4980,38.11766696162522
4981,35.43302300386131
4982,35.225232830271125
4983,32.78133808635175
4984,36.15508694201708
4985,33.05915207602084
4986,32.015308970585465
4987,32.969709020107985
4988,31.42527211457491
4989,33.281113021075726
4990,28.918492142111063
4991,29.357546009123325
4992,31.117874896153808
4993,29.709558933973312
4994,32.82809886150062
4995,29.503311961889267
4996,31.99961711652577
4997,31.017386121675372
4998,31.997713958844543
4999,29.667797032743692
5000,31.252695946022868
5001,36.93327703513205
5002,30.372756998986006
5003,31.757837161421776
5004,33.97530713118613
5005,32.85267506726086
5006,38.06862607598305
5007,51.36651895008981
5008,34.88136408850551
5009,37.006526021286845
5010,31.836904119700193
5011,31.379394000396132
5012,31.809282954782248
5013,41.17900296114385
5014,31.707521993666887
5015,43.99113683030009
5016,37.57941792719066
5017,30.144546879455447
5018,30.872361036017537
5019,32.44566102512181
5020,29.329105047509074
5021,30.47242504544556
5022,33.923469949513674
5023,32.685899175703526
5024,33.05490780621767
5025,35.28490616008639
5026,32.716403948143125
5027,33.78283092752099
5028,32.46798412874341
5029,32.69361099228263
5030,31.298625050112605
5031,44.364675180986524
5032,35.59786104597151
5033,35.65374412573874
5034,38.73164393007755
5035,28.797573875635862
5036,29.671603813767433
5037,33.48031104542315
5038,34.88140506669879
5039,39.98606000095606
5040,37.64417604543269
5041,36.56226606108248
5042,38.39398198761046
5043,34.338016994297504
5044,35.58555315248668
5045,33.52886391803622
5046,36.59485396929085
5047,31.503340927883983
5048,29.62190192192793
5049,33.32318807952106
5050,36.99050494469702
5051,31.377122970297933
5052,30.681097880005836
5053,32.8766240272671
5054,30.191859928891063
5055,30.18345683813095
5056,31.96875285357237
5057,32.454787055030465
5058,37.43767994455993
5059,34.95333413593471
5060,31.71746013686061
5061,35.44566687196493
5062,29.425258981063962
5063,33.73148594982922
5064,29.008198995143175
5065,29.417728073894978
5066,30.566648114472628
5067,31.11921902745962
5068,37.04299312084913
5069,31.77852090448141
5070,35.335252061486244
5071,30.898621072992682
5072,31.006020959466696
5073,32.428979175165296
5074,30.220062006264925
5075,35.57270602323115
5076,31.245776917785406
5077,32.85582293756306
5078,29.601042857393622
5079,31.304656993597746
5080,33.65824790671468
5081,34.06780818477273
5082,29.670766089111567
5083,29.58856406621635
5084,33.4209359716624
5085,32.521798042580485
5086,29.48176395148039
5087,35.51586181856692
5088,33.57158997096121
5089,30.407242011278868
5090,29.127828078344464
5091,31.609129859134555
5092,32.413706881925464
5093,34.91494897753
5094,34.19558797031641
5095,35.55960790254176
5096,32.06376591697335
5097,35.03160201944411
5098,28.978716116398573
5099,30.36511898972094
5100,37.4552879948169
5101,32.69199002534151
5102,35.341362934559584
5103,32.76066295802593
5104,32.09960996173322
5105,35.697743063792586
5106,32.669798005372286
5107,29.55892006866634
5108,29.448374873027205
5109,33.17930712364614
5110,35.454783122986555
5111,33.89534307643771
5112,31.43900795839727
5113,29.55039800144732
5114,30.227415962144732
5115,33.48721587099135
5116,31.002908945083618
5117,33.64637214690447
5118,32.61182317510247
5119,29.937064042314887
5120,33.5288078058511
5121,33.81614503450692
5122,32.21484296955168
5123,34.28020607680082
5124,31.216606963425875
5125,33.433706033974886
5126,32.78502100147307
5127,40.225911885499954
5128,31.92759514786303
5129,34.32821715250611
5130,31.113944016397
5131,31.248865881934762
5132,36.13434499129653
5133,32.369691878557205
5134,30.442835995927453
5135,30.25085013359785
5136,29.42811604589224
5137,29.58870492875576
5138,30.008790083229542
5139,29.70324596390128
5140,34.658920019865036
5141,34.98597699217498
5142,33.57208287343383
5143,29.723196988925338
5144,30.433112988248467
5145,38.25658303685486
5146,32.958290074020624
5147,30.271391849964857
5148,34.36626493930817
5149,36.33077791891992
5150,36.535874009132385
5151,33.315692096948624
5152,35.4001740925014
5153,33.2094538025558
5154,31.882829032838345
5155,31.96418099105358
5156,29.231183929368854
5157,32.05048991367221
5158,31.94726607762277
5159,30.597818084061146
5160,31.248625833541155
5161,64.62443806231022
5162,36.202237010002136
5163,35.597487119957805
5164,34.689756808802485
5165,32.232258934527636
5166,30.581263126805425
5167,35.969340009614825
5168,32.055407064035535
5169,33.91713788732886
5170,37.712565157562494
5171,31.303279101848602
5172,33.18950510583818
5173,30.367867089807987
5174,30.29679087921977
5175,31.030382961034775
5176,34.41460803151131
5177,30.725809978321195
5178,30.724097043275833
5179,39.482919964939356
5180,31.690064119175076
5181,39.5274858456105
5182,36.5940909832716
5183,34.16452603414655
5184,35.18309211358428
5185,30.03590297885239
5186,31.15505794994533
5187,32.54140098579228
5188,34.178828122094274
5189,38.36593683809042
5190,33.19665603339672
5191,31.362246023491025
5192,30.209260992705822
5193,37.6973629463464
5194,30.68102290853858
5195,30.368508072569966
5196,31.020297901704907
5197,32.16156596317887
5198,29.88020097836852
5199,37.008470157161355
5200,29.71925283782184
5201,35.52508191205561
5202,33.26615202240646
5203,34.166981000453234
5204,35.315830959007144
5205,34.449220867827535
5206,52.699067862704396
5207,34.448490012437105
5208,35.52740509621799
5209,37.19506785273552
5210,36.98027809150517
5211,37.56228415295482
5212,39.36526691541076
5213,49.1072831209749
5214,43.94730506464839
5215,37.77067409828305
5216,33.873614855110645
5217,40.76710203662515
5218,41.1364221945405
5219,36.280706990510225
5220,37.62887301854789
5221,33.82495301775634
5222,34.31152692064643
5223,34.93581595830619
5224,33.84651383385062
5225,35.84443801082671
5226,42.92358388192952
5227,31.66555007919669
5228,36.526234121993184
5229,36.82947484776378
5230,41.19946784339845
5231,39.89459597505629
5232,31.58425004221499
5233,32.97317586839199
5234,32.05151483416557
5235,29.3001108802855
5236,33.646628027781844
5237,30.06951604038477
5238,28.820908162742853
5239,28.6662969738245
5240,29.30674096569419
5241,32.357619842514396
5242,29.934805119410157
5243,32.73586300201714
5244,32.61714591644704
5245,30.28539684601128
5246,31.383661087602377
5247,33.86284993030131
5248,32.056282041594386
5249,36.17994813248515
5250,30.836567981168628
5251,30.455248896032572
5252,29.784040991216898
5253,33.568943152204156
5254,48.36667305789888
5255,32.89220598526299
5256,32.419403083622456
5257,32.606131164357066
5258,42.955303099006414
5259,37.81489306129515
5260,34.53655494377017
5261,36.94761288352311
5262,35.55220505222678
5263,32.68166398629546
5264,35.77618906274438
5265,38.99237513542175
5266,36.44061810337007
5267,33.02404400892556
5268,31.683988869190216
5269,35.34750104881823
5270,33.42118393629789
5271,60.2223570458591
5272,32.188540091738105
5273,29.938302002847195
5274,29.980964958667755
5275,30.764430994167924
5276,30.206891940906644
5277,42.02349600382149
5278,28.947226935997605
5279,33.661621855571866
5280,31.059480970725417
5281,31.240189215168357
5282,30.07548488676548
5283,30.563321197405457
5284,29.966895002871752
5285,30.502662993967533
5286,35.447752103209496
5287,29.140485916286707
5288,29.854407999664545
5289,37.43003192357719
5290,33.04760996252298
5291,35.638706060126424
5292,35.46742210164666
5293,35.918110981583595
5294,32.04480791464448
5295,31.248142011463642
5296,32.872969983145595
5297,30.1662920974195
5298,31.39663301408291
5299,31.884588999673724
5300,30.458407010883093
5301,33.50306814536452
5302,40.99621903151274
5303,41.12388892099261
5304,39.52519898302853
5305,33.05322886444628
5306,34.26164691336453
5307,29.956799931824207
5308,29.92973104119301
5309,33.370821038261056
5310,36.067002918571234
5311,32.65459602698684
5312,29.39274115487933
5313,34.39393383450806
5314,38.241100031882524
5315,36.93165094591677
5316,38.901332998648286
5317,29.6829950530082
5318,31.533228000625968
5319,33.39534904807806
5320,32.706924015656114
5321,32.65939396806061
5322,32.40575594827533
5323,32.07727684639394
5324,36.83600900694728
5325,35.32188618555665
5326,29.85242591239512
5327,37.46255184523761
5328,40.585658978670835
5329,34.737345995381474
5330,37.23527304828167
5331,30.671725049614906
5332,34.70950503833592
5333,33.87861815281212
5334,28.998345136642456
5335,30.620069010183215
5336,35.93488805927336
5337,35.768870962783694
5338,32.12757199071348
5339,33.96025998517871
5340,30.61442100442946
5341,32.5812678784132
5342,29.53789895400405
5343,33.49419590085745
5344,30.06011713296175
5345,30.918534146621823
5346,29.22660601325333
5347,29.590057907626033
5348,28.456880943849683
5349,33.53763208724558
5350,30.83308693021536
5351,29.424100182950497
5352,29.696845915168524
5353,37.250829162076116
5354,37.17291308566928
5355,36.4212840795517
5356,51.496710162609816
5357,42.186803882941604
5358,32.83295291475952
5359,30.449626967310905
5360,32.165228854864836
5361,38.818750996142626
5362,39.25913805142045
5363,33.097648061811924
5364,35.59689596295357
5365,34.81892915442586
5366,33.156465040519834
5367,35.148028982803226
5368,33.53198291733861
5369,35.45290301553905
5370,30.02861002460122
5371,31.759306089952588
5372,30.392141081392765
5373,34.94767099618912
5374,30.06907203234732
5375,33.94655208103359
5376,33.768848050385714
5377,29.702995903789997
5378,32.35886013135314
5379,32.645987113937736
5380,30.30955884605646
5381,34.430883126333356
5382,37.27345401421189
5383,38.52439485490322
5384,35.40939884260297
5385,32.82334003597498
5386,30.542795779183507
5387,34.957706928253174
5388,32.73976594209671
5389,35.30078683979809
5390,36.27440705895424
5391,35.602516029030085
5392,35.476227989420295
5393,32.24286693148315
5394,32.900725957006216
5395,32.98638295382261
5396,31.76200995221734
5397,34.90374702960253
5398,32.421753043308854
5399,32.87926409393549
5400,37.58731111884117
5401,38.239642046391964
5402,38.5402690153569
5403,31.69926884584129
5404,29.837938025593758
5405,32.96720585785806
5406,44.47157890535891
5407,38.25508593581617
5408,35.11692606844008
5409,34.00983801111579
5410,36.691179033368826
5411,33.085231902077794
5412,34.483482828363776
5413,32.5307659804821
5414,35.72691394947469
5415,34.49307684786618
5416,34.47258612141013
5417,30.149643076583743
5418,30.225005000829697
5419,32.63203683309257
5420,30.756735941395164
5421,38.80918095819652
5422,35.83540394902229
5423,34.32772005908191
5424,34.7150769084692
5425,34.44475494325161
5426,37.82998397946358
5427,33.69944496080279
5428,32.22484095022082
5429,29.358085012063384
5430,30.839809915050864
5431,29.64423014782369
5432,31.42851614393294
5433,37.42224792949855
5434,35.896958084777
5435,30.900471843779087
5436,31.608444871380925
5437,30.03818797878921
5438,29.50687683187425
5439,31.330150086432695
5440,35.27214704081416
5441,33.424106892198324
5442,35.23954004049301
5443,34.4033339060843
5444,32.36462105996907
5445,36.936225136741996
5446,30.367668950930238
5447,35.055134911090136
5448,39.95537897571921
5449,32.52973593771458
5450,30.763977905735373
5451,30.35075287334621
5452,29.86250608228147
5453,32.80931315384805
5454,34.36568891629577
5455,29.90946709178388
5456,30.696147121489048
5457,37.01934893615544
5458,30.697830021381378
5459,29.873902909457684
5460,32.86934085190296
5461,34.058572025969625
5462,31.861522002145648
5463,30.457213055342436
5464,35.723341163247824
5465,35.37132707424462
5466,30.353127978742123
5467,28.875448973849416
5468,29.57248594611883
5469,33.64873304963112
5470,31.49784100241959
5471,35.43208702467382
5472,35.96496116369963
5473,34.455213928595185
5474,33.868439961224794
5475,35.48793005757034
5476,36.0143450088799
5477,47.61513113044202
5478,36.690030014142394
5479,33.24056509882212
5480,36.3097139634192
5481,38.77851786091924
5482,37.68179612234235
5483,36.761686904355884
5484,33.50296593271196
5485,33.846477046608925
5486,37.48266980983317
5487,33.75291801057756
5488,46.15648998878896
5489,30.873832991346717
5490,30.24434600956738
5491,35.85232398472726
5492,33.68017100729048
5493,36.042468156665564
5494,30.711852945387363
5495,39.00269395671785
5496,34.33883190155029
5497,33.00279285758734
5498,31.4964409917593
5499,32.115862937644124
5500,33.22191908955574
5501,35.87560006417334
5502,36.364556988701224
5503,40.322267916053534
5504,37.40618680603802
5505,40.615664795041084
5506,43.12740312889218
5507,40.60687101446092
5508,38.18729007616639
5509,45.4327838961035
5510,33.33590994589031
5511,36.329024005681276
5512,37.20835200510919
5513,36.31004597991705
5514,34.29817105643451
5515,32.73220080882311
5516,34.55884987488389
5517,35.01604893244803
5518,31.209192937240005
5519,35.360643872991204
5520,30.46192298643291
5521,37.191559094935656
5522,36.06332000344992
5523,35.66708997823298
5524,32.384493853896856
5525,34.20664696022868
5526,36.633898969739676
5527,32.96611015684903
5528,30.543593922629952
5529,38.515581050887704
5530,39.72204611636698
5531,31.292357947677374
5532,33.042342867702246
5533,37.55642217583954
5534,34.86318397335708
5535,32.43763279169798
5536,34.1825308278203
5537,29.528673039749265
5538,32.378015108406544
5539,32.55426697432995
5540,32.23025496117771
5541,37.18590084463358
5542,31.0406640637666
5543,38.17428206093609
5544,32.38295181654394
5545,34.36380997300148
5546,38.90410903841257
5547,30.224209185689688
5548,30.579968821257353
5549,34.256241051480174
5550,31.48488700389862
5551,33.16165297292173
5552,31.071930890902877
5553,39.03719782829285
5554,35.03608191385865
5555,35.67434195429087
5556,31.33874898776412
5557,29.83602206222713
5558,29.936341103166342
5559,29.78014899417758
5560,31.384375877678394
5561,33.239818178117275
5562,29.606881085783243
5563,33.28114002943039
5564,34.2901018448174
5565,33.00578985363245
5566,29.098103987053037
5567,29.676204081624746
5568,29.384169029071927
5569,29.45727901533246
5570,29.831925872713327
5571,31.40596905723214
5572,33.077507046982646
5573,31.929538119584322
5574,29.46723299100995
5575,32.27841784246266
5576,28.821391984820366
5577,32.65395713970065
5578,35.2611280977726
5579,30.79614182934165
5580,30.569114023819566
5581,29.597417917102575
5582,33.33254810422659
5583,30.375957023352385
5584,29.582445975393057
5585,30.07583087310195
5586,30.51912016235292
5587,33.05024793371558
5588,37.472600815817714
5589,37.91545983403921
5590,33.82876701653004
5591,36.21207410469651
5592,31.34451899677515
5593,34.98602006584406
5594,31.939754961058497
5595,29.904355062171817
5596,32.37674618139863
5597,36.10706888139248
5598,31.30424884147942
5599,38.3592511061579
5600,36.797085078433156
5601,36.18144919164479
5602,35.09972896426916
5603,41.96723201312125
5604,31.67557087726891
5605,29.902201844379306
5606,30.25094117037952
5607,30.722602969035506
5608,30.358060961589217
5609,31.734628835693
5610,32.60241216048598
5611,32.17876190319657
5612,32.99777116626501
5613,33.5894119925797
5614,30.42564308270812
5615,38.94373192451894
5616,33.511586021631956
5617,42.39579103887081
5618,36.37963579967618
5619,37.32837806455791
5620,32.567320158705115
5621,29.55565694719553
5622,30.115561094135046
5623,38.20211812853813
5624,32.40683092735708
5625,32.43635594844818
5626,34.07271113246679
5627,33.92502199858427
5628,32.15741994790733
5629,36.06658894568682
5630,36.7910279892385
5631,34.62461312301457
5632,32.437988091260195
5633,34.94427911937237
5634,38.55870896950364
5635,29.523598961532116
5636,29.44520302116871
5637,37.99176518805325
5638,29.868363169953227
5639,29.56617414020002
5640,36.972959991544485
5641,42.010779958218336
5642,32.58048091083765
5643,31.204562867060304
5644,31.157442834228277
5645,32.3633779771626
5646,36.368540953844786
5647,34.54195195809007
5648,32.034487929195166
5649,42.62916091829538
5650,33.68587698787451
5651,37.12599794380367
5652,30.84148303605616
5653,31.80404589511454
5654,31.340525951236486
5655,31.350099947303534
5656,34.23507395200431
5657,30.297843040898442
5658,29.12744111381471
5659,32.5457789003849
5660,29.982804087921977
5661,32.43793989531696
5662,29.740973841398954
5663,32.79458009637892
5664,33.43115793541074
5665,30.92183289118111
5666,29.837768990546465
5667,30.794942984357476
5668,33.34547998383641
5669,30.525251990184188
5670,31.049232929944992
5671,38.11277914792299
5672,35.686325980350375
5673,35.64757900312543
5674,33.543495927006006
5675,35.14234605245292
5676,33.74758013524115
5677,34.108066000044346
5678,36.578334867954254
5679,31.425552908331156
5680,33.077974105253816
5681,33.40189601294696
5682,30.45126306824386
5683,30.982963973656297
5684,32.030944945290685
5685,41.34386801160872
5686,30.912279151380062
5687,29.644422000274062
5688,29.45481985807419
5689,30.401719035580754
5690,32.91135584004223
5691,29.724360909312963
5692,31.391371972858906
5693,34.299931954592466
5694,31.031436985358596
5695,30.992689076811075
5696,30.42514412663877
5697,32.24329114891589
5698,29.68184696510434
5699,29.996235156431794
5700,35.2366678416729
5701,38.022595923393965
5702,39.324523881077766
5703,38.536790991202
5704,32.23471995443106
5705,34.53350206837058
5706,29.913434060290456
5707,35.00599507242441
5708,33.84837112389505
5709,35.48722201958299
5710,32.259656116366386
5711,34.32875592261553
5712,32.13680279441178
5713,32.950676046311855
5714,39.432294899597764
5715,33.54084398597479
5716,31.902024056762457
5717,40.06687900982797
5718,36.45530319772661
5719,35.04071687348187
5720,35.510696936398745
5721,32.50422002747655
5722,33.978265011683106
5723,36.760105984285474
5724,33.26201904565096
5725,34.2504910659045
5726,31.898709014058113
5727,34.49623589403927
5728,34.03974720276892
5729,32.50662493519485
5730,32.139478949829936
5731,32.96625893563032
5732,30.413668835535645
5733,36.923381965607405
5734,35.826859064400196
5735,32.78548992238939
5736,32.084065955132246
5737,40.18345498479903
5738,35.865647019818425
5739,33.85209897533059
5740,33.395818900316954
5741,33.75609498471022
5742,32.255972968414426
5743,32.72265684790909
5744,30.63035197556019
5745,38.48703904077411
5746,31.784180086106062
5747,34.120708936825395
5748,32.91007620282471
5749,30.677571892738342
5750,42.58393915370107
5751,38.82324998266995
5752,32.651221146807075
5753,31.62219887599349
5754,31.555639812722802
5755,28.9329350925982
5756,28.821528889238834
5757,33.06654887273908
5758,29.653668170794845
5759,33.811739878728986
5760,32.85722807049751
5761,34.81747698970139
5762,33.86554983444512
5763,32.51000214368105
5764,29.44617997854948
5765,30.38287488743663
5766,29.43399199284613
5767,32.0411438588053
5768,31.08032396994531
5769,35.166837042197585
5770,30.173052102327347
5771,30.091230990365148
5772,38.29651698470116
5773,32.06084296107292
5774,35.137282917276025
5775,33.985167974606156
5776,31.21267003007233
5777,36.05295694433153
5778,33.54166797362268
5779,33.064496936276555
5780,37.076851120218635
5781,34.922493854537606
5782,32.32308407314122
5783,29.932785080745816
5784,31.128535978496075
5785,34.07199704088271
5786,33.45965617336333
5787,34.555126912891865
5788,33.854915061965585
5789,35.196883138269186
5790,32.58609608747065
5791,30.169878853484988
5792,31.38508810661733
5793,33.461809856817126
5794,35.05781595595181
5795,33.59914501197636
5796,35.60667298734188
5797,31.13328292965889
5798,34.51573895290494
5799,36.60153481177986
5800,40.312489960342646
5801,52.05609509721398
5802,32.25861908867955
5803,34.4631508924067
5804,35.19490105099976
5805,34.227140014991164
5806,36.87514294870198
5807,40.53394892252982
5808,44.215481961146
5809,33.70483196340501
5810,41.1996110342443
5811,41.010218905285
5812,37.450999952852726
5813,33.26959488913417
5814,35.69355281069875
5815,40.462563978508115
5816,33.54021697305143
5817,38.67798810824752
5818,35.72591277770698
5819,38.569547003135085
5820,33.985071117058396
5821,29.878546949476004
5822,29.74912291392684
5823,32.13241300545633
5824,36.30694793537259
5825,33.528130035847425
5826,29.588534962385893
5827,31.645135954022408
5828,31.699558021500707
5829,35.27739504352212
5830,32.411607913672924
5831,29.725158121436834
5832,29.737205943092704
5833,29.763744911178946
5834,32.7357710339129
5835,31.6537800244987
5836,30.038363998755813
5837,33.826704835519195
5838,29.067909810692072
5839,30.09355696849525
5840,31.089019030332565
5841,40.649984031915665
5842,29.74348608404398
5843,30.237450962886214
5844,34.98106403276324
5845,30.021138954907656
5846,30.15772206708789
5847,29.772308887913823
5848,30.99606209434569
5849,29.70988699235022
5850,29.086838010698557
5851,30.202660942450166
5852,30.020068865269423
5853,36.25184716656804
5854,30.224363086745143
5855,30.753960832953453
5856,32.204079907387495
5857,30.26512311771512
5858,29.93479184806347
5859,29.45110108703375
5860,37.18401584774256
5861,36.01235104724765
5862,35.54192022420466
5863,33.61520101316273
5864,30.767661053687334
5865,32.666548853740096
5866,32.42207504808903
5867,37.48775785788894
5868,36.042916122823954
5869,37.30557579547167
5870,33.479108940809965
5871,29.854260850697756
5872,36.133371060714126
5873,30.098455026745796
5874,31.289799138903618
5875,33.225842053070664
5876,34.53460102900863
5877,33.98488205857575
5878,29.750537825748324
5879,31.598950969055295
5880,32.49724814668298
5881,32.388685969635844
5882,35.11458495631814
5883,37.39204700104892
5884,33.066526055336
5885,31.905306037515402
5886,38.912119111046195
5887,32.824835972860456
5888,30.496348859742284
5889,32.38065494224429
5890,40.7501058652997
5891,34.32380803860724
5892,30.7102978695184
5893,29.96013010852039
5894,37.49544080346823
5895,37.69934410229325
5896,37.43712301366031
5897,31.976052094250917
5898,33.59679481945932
5899,29.98307510279119
5900,33.77021406777203
5901,35.88681505061686
5902,35.98739509470761
5903,36.1678940244019
5904,34.76156899705529
5905,35.72945110499859
5906,37.89983200840652
5907,33.292182022705674
5908,31.411132076755166
5909,31.996344216167927
5910,29.839321970939636
5911,31.595356995239854
5912,32.1650649420917
5913,34.50949606485665
5914,36.81759303435683
5915,30.599973862990737
5916,29.711953131482005
5917,29.32442515157163
5918,37.73914510384202
5919,32.599031925201416
5920,36.456745117902756
5921,34.090392058715224
5922,32.963644014671445
5923,29.632654041051865
5924,30.13387997634709
5925,34.35804997570813
5926,37.17775898985565
5927,29.80401902459562
5928,30.1822021137923
5929,32.67491399310529
5930,36.53874807059765
5931,41.18688893504441
5932,35.929561126977205
5933,30.519114807248116
5934,34.96215003542602
5935,30.38931079208851
5936,30.138107016682625
5937,32.53332292661071
5938,30.028814915567636
5939,31.07020608149469
5940,41.942286072298884
5941,32.722665928304195
5942,30.916505958884954
5943,29.578394955024123
5944,29.433517949655652
5945,31.445384956896305
5946,29.21986090950668
5947,28.840895975008607
5948,28.608961030840874
5949,39.25930010154843
5950,35.94388393685222
5951,36.70469601638615
5952,33.865468110889196
5953,36.58768208697438
5954,29.97719799168408
5955,29.538224916905165
5956,30.176525004208088
5957,31.64038504473865
5958,31.8647890817374
5959,28.777081985026598
5960,29.275272972881794
5961,34.43374508060515
5962,29.558965004980564
5963,31.14417614415288
5964,31.045950017869473
5965,32.859591068699956
5966,38.19762892089784
5967,32.014741795137525
5968,29.5223209541291
5969,30.02293803729117
5970,28.832174139097333
5971,29.646887909621
5972,33.86720200069249
5973,34.326705848798156
5974,30.855997931212187
5975,32.16830221936107
5976,29.538475908339024
5977,30.145159922540188
5978,31.55059297569096
5979,33.82758307270706
5980,34.9500949960202
5981,36.58318682573736
5982,38.96085801534355
5983,30.297266086563468
5984,29.51238793320954
5985,33.02792296744883
5986,34.98799097724259
5987,31.926722964271903
5988,33.361399080604315
5989,33.52514188736677
5990,30.620858073234558
5991,36.66181303560734
5992,29.75839306600392
5993,31.523242127150297
5994,37.48148400336504
5995,31.105881091207266
5996,34.0775060467422
5997,35.01754510216415
5998,33.44327094964683
5999,32.439697068184614
6000,29.864422045648098
6001,29.707920039072633
6002,37.65116911381483
6003,32.286559930071235
6004,32.76448207907379
6005,31.738041900098324
6006,32.152439933270216
6007,33.66799699142575
6008,29.883860843256116
6009,33.99444301612675
6010,31.008346937596798
6011,30.007615918293595
6012,34.80441891588271
6013,32.0500279776752
6014,38.7123990803957
6015,31.520189018920064
6016,30.466550029814243
6017,33.74637383967638
6018,31.91452589817345
6019,31.398867955431342
6020,34.846661845222116
6021,34.852510783821344
6022,30.416204826906323
6023,29.94789695367217
6024,29.52180290594697
6025,29.24993704073131
6026,37.731647957116365
6027,37.519732024520636
6028,34.74298818036914
6029,30.13677801936865
6030,38.415698101744056
6031,32.234492944553494
6032,29.84479395672679
6033,34.17989099398255
6034,31.338720116764307
6035,30.656232964247465
6036,32.74457296356559
6037,29.61971890181303
6038,35.2341600228101
6039,34.973582951352
6040,32.03415498137474
6041,33.11627684161067
6042,30.85358696989715
6043,36.57857305370271
6044,28.890143148601055
6045,35.71073990315199
6046,32.242665998637676
6047,30.963810859248042
6048,32.51241706311703
6049,35.70356988348067
6050,40.34314909949899
6051,38.25676208361983
6052,32.2921599727124
6053,34.297706093639135
6054,29.714229982346296
6055,32.227173214778304
6056,39.06458499841392
6057,34.91760906763375
6058,34.09317182376981
6059,30.254303943365812
6060,30.345111154019833
6061,29.195749200880527
6062,29.821121133863926
6063,29.511519940569997
6064,35.89251288212836
6065,36.76610300317407
6066,32.549234107136726
6067,30.37250181660056
6068,30.796022852882743
6069,34.83802196569741
6070,31.034858198836446
6071,29.14827805943787
6072,30.198052991181612
6073,34.88050610758364
6074,31.637085136026144
6075,31.393472105264664
6076,31.522243982180953
6077,29.446522938087583
6078,31.555894995108247
6079,43.311381014063954
6080,31.030972953885794
6081,36.393037997186184
6082,33.86798710562289
6083,35.0811539683491
6084,34.0414650272578
6085,34.19163986109197
6086,32.42888394743204
6087,38.35630207322538
6088,35.11145897209644
6089,34.52980308793485
6090,34.44275516085327
6091,35.32474907115102
6092,31.12937998957932
6093,35.999152809381485
6094,241.14463198930025
6095,35.834095906466246
6096,37.3509859200567
6097,35.523965023458004
6098,33.9077680837363
6099,38.88974781148136
6100,33.831343986094
6101,38.59647107310593
6102,34.83890509232879
6103,37.76511293835938
6104,33.54645008221269
6105,34.660439006984234
6106,50.09662709198892
6107,49.24060311168432
6108,36.08339885249734
6109,37.26841299794614
6110,40.3504827991128
6111,35.55745491757989
6112,38.625165121629834
6113,30.870076036080718
6114,35.411179065704346
6115,37.98856702633202
6116,38.848679047077894
6117,34.8298829048872
6118,39.86448096111417
6119,35.809983033686876
6120,42.85376309417188
6121,31.7301070317626
6122,31.112316995859146
6123,33.11620093882084
6124,30.355769908055663
6125,31.52493084780872
6126,32.47055900283158
6127,34.68127199448645
6128,49.03698107227683
6129,37.1726721059531
6130,37.659486988559365
6131,32.0047561544925
6132,29.35280604287982
6133,31.619010027498007
6134,33.43800990842283
6135,31.28978004679084
6136,35.184651147574186
6137,36.17987292818725
6138,31.420956132933497
6139,33.44334801658988
6140,32.48892701230943
6141,31.062092864885926
6142,36.932515911757946
6143,33.20449381135404
6144,30.055284034460783
6145,31.48184809833765
6146,30.98010108806193
6147,38.08023501187563
6148,32.75180887430906
6149,30.152276856824756
6150,33.56376802548766
6151,31.704709865152836
6152,30.397052876651287
6153,32.99080487340689
6154,34.68663990497589
6155,38.30551099963486
6156,43.347158934921026
6157,35.35580798052251
6158,35.43395409360528
6159,34.851786913350224
6160,39.419300155714154
6161,32.30955987237394
6162,31.106588896363974
6163,35.413854056969285
6164,34.92295299656689
6165,34.40535208210349
6166,61.41773401759565
6167,35.91249696910381
6168,34.02332286350429
6169,30.804881127551198
6170,32.825921196490526
6171,36.60411783494055
6172,33.81008701398969
6173,33.99535291828215
6174,38.01161493174732
6175,36.14276088774204
6176,35.331642953678966
6177,32.53583889454603
6178,35.48229695297778
6179,41.26042407006025
6180,34.890545066446066
6181,32.479014014825225
6182,32.77187095955014
6183,38.87158492580056
6184,34.68215512111783
6185,34.585712011903524
6186,34.57697806879878
6187,32.869776943698525
6188,30.880003003403544
6189,32.42679592221975
6190,35.25399696081877
6191,31.219657976180315
6192,30.194571940228343
6193,30.702708987519145
6194,33.22261106222868
6195,37.77990909293294
6196,30.164708150550723
6197,34.779912093654275
6198,32.25417993962765
6199,32.77486586011946
6200,33.4587749093771
6201,32.37747400999069
6202,34.65673886239529
6203,31.871790997684002
6204,33.4650338627398
6205,35.509008914232254
6206,34.247098956257105
6207,32.270795898512006
6208,37.79265005141497
6209,34.383521880954504
6210,29.728808905929327
6211,31.304094940423965
6212,38.7287640478462
6213,32.05954120494425
6214,35.193067975342274
6215,31.16093180142343
6216,36.999508971348405
6217,34.540906082838774
6218,31.49450896307826
6219,35.41418700478971
6220,31.64336085319519
6221,31.540687894448638
6222,34.60436104796827
6223,34.5048219896853
6224,33.33453997038305
6225,36.16377408616245
6226,36.18902200832963
6227,30.22869396954775
6228,34.4859859906137
6229,29.817091999575496
6230,33.31550303846598
6231,45.480482978746295
6232,32.435211818665266
6233,36.18120215833187
6234,31.183808110654354
6235,33.98853610269725
6236,33.994643948972225
6237,32.324206084012985
6238,37.134561920538545
6239,35.5202560313046
6240,33.671313198283315
6241,34.139700001105666
6242,29.988788068294525
6243,31.812935136258602
6244,33.31148694269359
6245,35.27949913404882
6246,47.9042821098119
6247,31.98035410605371
6248,30.53458104841411
6249,33.51266589015722
6250,39.37389701604843
6251,34.1300661675632
6252,31.285759061574936
6253,31.963038025423884
6254,33.21466292254627
6255,33.61786296591163
6256,34.088625106960535
6257,30.668461928144097
6258,34.941315883770585
6259,31.361873960122466
6260,33.62826001830399
6261,37.280829856172204
6262,37.827895022928715
6263,32.75113389827311
6264,35.432007163763046
6265,30.874849064275622
6266,30.489103868603706
6267,34.14549003355205
6268,33.371678087860346
6269,35.23255907930434
6270,32.37676597200334
6271,32.76691702194512
6272,31.98044514283538
6273,34.975986927747726
6274,38.493837928399444
6275,33.54788990691304
6276,38.29763503745198
6277,35.684963921085
6278,32.21402294002473
6279,31.643593916669488
6280,29.853236861526966
6281,34.29082687944174
6282,29.820838943123817
6283,31.356635969132185
6284,35.40083020925522
6285,34.88302882760763
6286,36.25185787677765
6287,29.788382118567824
6288,30.666880076751113
6289,38.04013296030462
6290,35.075687104836106
6291,34.296747064217925
6292,32.68889198079705
6293,30.49083799123764
6294,35.1470538880676
6295,30.93779389746487
6296,32.452229876071215
6297,34.042699029669166
6298,41.02193494327366
6299,37.76297997683287
6300,33.82206987589598
6301,32.56589896045625
6302,31.28619189374149
6303,32.79817500151694
6304,30.970032094046474
6305,37.013402907177806
6306,33.23373291641474
6307,30.70084098726511
6308,32.253183191642165
6309,30.754781095311046
6310,37.07953216508031
6311,30.330949928611517
6312,34.9390241317451
6313,29.571597930043936
6314,29.741632053628564
6315,30.14966007322073
6316,29.56582116894424
6317,30.281868064776063
6318,32.078464049845934
6319,32.050822861492634
6320,29.698238940909505
6321,29.5720009598881
6322,32.78757119551301
6323,32.772387843579054
6324,34.328695852309465
6325,33.26490195468068
6326,34.998313058167696
6327,38.77455904148519
6328,32.99029194749892
6329,33.772477181628346
6330,40.73107289150357
6331,34.09824310801923
6332,33.56092190369964
6333,37.786396918818355
6334,34.91758299060166
6335,31.78606810979545
6336,30.12149897404015
6337,29.81654484756291
6338,37.32242598198354
6339,34.183319890871644
6340,34.139164024963975
6341,33.80872099660337
6342,31.671168049797416
6343,30.598609941080213
6344,37.43077698163688
6345,35.9006579965353
6346,33.982109976932406
6347,30.429539969190955
6348,33.1070669926703
6349,38.52898394688964
6350,46.48841102607548
6351,32.13373781181872
6352,32.45152113959193
6353,35.41663778014481
6354,30.68585111759603
6355,32.29504800401628
6356,40.97064188681543
6357,38.080005906522274
6358,37.99861390143633
6359,33.20866893045604
6360,35.19867290742695
6361,33.98383315652609
6362,30.260257190093398
6363,32.20947086811066
6364,38.804095005616546
6365,30.76007100753486
6366,74.38687910325825
6367,33.8360529858619
6368,36.39986296184361
6369,32.81559399329126
6370,35.825146827846766
6371,35.00840999186039
6372,29.61305296048522
6373,36.65357013233006
6374,34.49552715755999
6375,44.0780830103904
6376,41.49469407275319
6377,33.258825074881315
6378,35.01311899162829
6379,34.94007885456085
6380,32.13936695829034
6381,36.99054382741451
6382,46.281354036182165
6383,35.30922997742891
6384,38.83573203347623
6385,39.930152939632535
6386,35.35968391224742
6387,34.74472789093852
6388,38.25278393924236
6389,34.14031793363392
6390,37.413693964481354
6391,35.01013410277665
6392,33.38938998058438
6393,29.489730019122362
6394,44.58167310804129
6395,33.32568402402103
6396,35.68659094162285
6397,33.610719023272395
6398,36.159716080874205
6399,32.46037499047816
6400,29.618422035127878
6401,30.032599112018943
6402,35.93135718256235
6403,30.65454587340355
6404,33.98563992232084
6405,35.09960789233446
6406,34.83083797618747
6407,29.45729298517108
6408,32.09147811867297
6409,34.88832409493625
6410,33.5510210134089
6411,31.342442147433758
6412,36.43760201521218
6413,30.223884852603078
6414,31.252536922693253
6415,29.837650014087558
6416,33.51659094914794
6417,32.69626782275736
6418,35.8827761374414
6419,32.71012892946601
6420,37.64289803802967
6421,35.26027803309262
6422,39.294649148359895
6423,32.90050197392702
6424,29.56864912994206
6425,33.213548827916384
6426,31.82832500897348
6427,33.15564198419452
6428,29.91420403122902
6429,30.394570203498006
6430,32.77438506484032
6431,29.72957817837596
6432,32.62170893140137
6433,30.900725163519382
6434,33.221572171896696
6435,32.95894083566964
6436,30.67655093036592
6437,35.8675941824913
6438,36.90585098229349
6439,31.731472117826343
6440,32.5981630012393
6441,29.979252023622394
6442,33.7367900647223
6443,33.42213109135628
6444,41.940921917557716
6445,38.49389706738293
6446,34.2953319195658
6447,31.020603142678738
6448,30.37055511958897
6449,29.141303850337863
6450,30.317936092615128
6451,29.576872009783983
6452,29.2132708709687
6453,30.692214146256447
6454,36.126891151070595
6455,36.17426101118326
6456,33.28081010840833
6457,34.411175176501274
6458,31.001234194263816
6459,30.19380196928978
6460,30.52094904705882
6461,30.547478003427386
6462,31.294360989704728
6463,27.634399943053722
6464,31.58617694862187
6465,30.905714025720954
6466,40.38495500572026
6467,35.746555076912045
6468,29.608942102640867
6469,30.097799841314554
6470,31.74303099513054
6471,30.598424840718508
6472,30.198269058018923
6473,33.21794793009758
6474,35.223695915192366
6475,34.912202041596174
6476,32.2110780980438
6477,30.45449103228748
6478,40.871950797736645
6479,31.03090007789433
6480,33.36976398713887
6481,31.288983998820186
6482,35.552676068618894
6483,30.761508969590068
6484,30.012293020263314
6485,31.71238605864346
6486,30.083017889410257
6487,31.42395499162376
6488,36.31858713924885
6489,34.770971862599254
6490,36.583981942385435
6491,31.752635026350617
6492,32.92109491303563
6493,29.66516581363976
6494,32.85019192844629
6495,33.578226109966636
6496,32.41749689914286
6497,31.870402162894607
6498,31.087775947526097
6499,36.36511787772179
6500,31.38166293501854
6501,34.228564938530326
6502,42.750200955197215
6503,33.917872002348304
6504,31.631815945729613
6505,38.504134863615036
6506,36.08168591745198
6507,35.37820791825652
6508,31.596043147146702
6509,31.643043039366603
6510,30.217658961191773
6511,51.15363094955683
6512,32.930901972576976
6513,34.889299888163805
6514,36.84568405151367
6515,31.454751966521144
6516,31.59619285725057
6517,35.15145997516811
6518,34.22615211457014
6519,31.444376800209284
6520,32.64490584842861
6521,36.359470104798675
6522,34.44042103365064
6523,32.381665194407105
6524,34.398328978568316
6525,33.695832127705216
6526,39.8554599378258
6527,35.78238096088171
6528,34.03801191598177
6529,32.47290989384055
6530,31.899326015263796
6531,30.98097792826593
6532,34.01225386187434
6533,57.39011405967176
6534,41.01783107034862
6535,31.79691405966878
6536,32.41010708734393
6537,32.4804421979934
6538,32.04661584459245
6539,32.61987888254225
6540,41.05565813370049
6541,31.94712707772851
6542,35.85482016205788
6543,34.963341196998954
6544,38.95786311477423
6545,33.25126017443836
6546,29.408634873107076
6547,29.059776104986668
6548,28.66001008078456
6549,30.688042053952813
6550,39.68516597524285
6551,29.494404094293714
6552,29.33522709645331
6553,31.00305190309882
6554,36.772849038243294
6555,29.738017125055194
6556,29.807430924847722
6557,37.77874703519046
6558,33.090892946347594
6559,32.141347881406546
6560,34.21832202002406
6561,35.164782078936696
6562,45.31323304399848
6563,36.28574195317924
6564,38.802062161266804
6565,32.786939991638064
6566,34.948550164699554
6567,31.150421127676964
6568,46.879016095772386
6569,34.73190707154572
6570,33.38965820148587
6571,29.505009995773435
6572,29.83084600418806
6573,30.84408608265221
6574,48.5082040540874
6575,33.558710012584925
6576,37.09292481653392
6577,32.58923487737775
6578,29.682544991374016
6579,29.769574059173465
6580,31.50395816192031
6581,33.18078792653978
6582,30.495997983962297
6583,30.312685063108802
6584,32.65746799297631
6585,33.10267091728747
6586,33.6060409899801
6587,32.794482074677944
6588,31.896864995360374
6589,35.11567087844014
6590,35.00024904496968
6591,30.486974865198135
6592,30.839579878374934
6593,30.231213895604014
6594,46.21396609582007
6595,34.438351169228554
6596,36.50524094700813
6597,34.01447017677128
6598,38.64819393493235
6599,40.832068072631955
6600,34.072876907885075
6601,37.07147412933409
6602,35.833321046084166
6603,35.53766896948218
6604,35.961822140961885
6605,33.07360806502402
6606,33.34602387621999
6607,34.985195845365524
6608,35.51231091842055
6609,28.82775291800499
6610,34.638630924746394
6611,33.86679198592901
6612,35.916275111958385
6613,32.23372809588909
6614,39.84349709935486
6615,33.55990396812558
6616,29.780142940580845
6617,35.111685981974006
6618,32.955453963950276
6619,31.813401961699128
6620,40.594195015728474
6621,30.201500048860908
6622,32.21863601356745
6623,29.85880011692643
6624,29.173578834161162
6625,35.243073012679815
6626,31.339715933427215
6627,36.92295495420694
6628,31.31678211502731
6629,29.72874604165554
6630,29.82423803769052
6631,31.3894001301378
6632,33.44988008029759
6633,31.39732195995748
6634,37.000461015850306
6635,32.67263201996684
6636,30.999819980934262
6637,30.868483940139413
6638,30.479504028335214
6639,32.2615799959749
6640,30.916776973754168
6641,32.61907305568457
6642,31.94800321944058
6643,30.616889940574765
6644,29.574457090348005
6645,32.67418616451323
6646,32.76536101475358
6647,32.99842914566398
6648,30.70787596516311
6649,30.110605992376804
6650,31.368991127237678
6651,36.709948908537626
6652,30.692993197590113
6653,33.918068977072835
6654,30.162031995132565
6655,33.36873999796808
6656,30.463180970400572
6657,29.449600027874112
6658,38.02377707324922
6659,31.066460069268942
6660,29.22791102901101
6661,30.963315861299634
6662,36.12233302555978
6663,42.766153113916516
6664,33.72169705107808
6665,33.38282206095755
6666,30.713284155353904
6667,34.89964222535491
6668,34.87422410398722
6669,29.282963136211038
6670,61.81980483233929
6671,31.245437916368246
6672,30.435461085289717
6673,35.15084716491401
6674,32.529131043702364
6675,30.343294143676758
6676,30.231036944314837
6677,49.829680006951094
6678,35.72620404884219
6679,34.30938394740224
6680,36.08268592506647
6681,41.25876887701452
6682,42.01842099428177
6683,38.15001714974642
6684,40.010228054597974
6685,41.78804694674909
6686,42.886084178462625
6687,33.25403085909784
6688,53.17632597871125
6689,35.77518695965409
6690,48.632055055350065
6691,36.83344414457679
6692,36.1028159968555
6693,32.82530186697841
6694,35.9585708938539
6695,38.63505879417062
6696,41.02621297352016
6697,34.409184008836746
6698,33.25850889086723
6699,33.460709964856505
6700,33.21433300152421
6701,31.72539407387376
6702,30.09181981906295
6703,30.36160208284855
6704,30.505215981975198
6705,35.66221985965967
6706,34.80733698233962
6707,30.41871706955135
6708,29.707697918638587
6709,29.611315112560987
6710,30.410505132749677
6711,38.85449795052409
6712,32.592065865173936
6713,32.613968942314386
6714,29.5395168941468
6715,31.642029993236065
6716,33.68359291926026
6717,29.352067969739437
6718,36.301863845437765
6719,34.44259404204786
6720,30.033031944185495
6721,30.523642897605896
6722,32.00171608477831
6723,32.63287711888552
6724,31.043108087033033
6725,31.49749501608312
6726,30.356805073097348
6727,33.60100998543203
6728,33.00001518800855
6729,32.40307490341365
6730,33.31544483080506
6731,30.786105897277594
6732,33.656803192570806
6733,30.965634156018496
6734,32.260503154248
6735,37.713960045948625
6736,34.26599106751382
6737,31.39947005547583
6738,37.42469917051494
6739,36.37689701281488
6740,33.502683974802494
6741,30.784212984144688
6742,37.558988900855184
6743,33.57988898642361
6744,32.64157101511955
6745,33.5326490458101
6746,30.562191968783736
6747,41.626619873568416
6748,33.0990229267627
6749,32.85306692123413
6750,30.10698384605348
6751,29.543555108830333
6752,31.235284870490432
6753,29.170968802645802
6754,32.25762885995209
6755,33.14138506539166
6756,31.11719014123082
6757,30.296046985313296
6758,36.303339060395956
6759,33.72989408671856
6760,34.25815119408071
6761,30.694250017404556
6762,30.915269162505865
6763,29.52477801591158
6764,29.709543101489544
6765,34.25042983144522
6766,35.46030190773308
6767,32.55337988957763
6768,31.568242935463786
6769,34.82770989648998
6770,29.882190050557256
6771,30.62079008668661
6772,30.6362840346992
6773,31.34979703463614
6774,35.27655894868076
6775,35.84094997495413
6776,33.91137416474521
6777,36.24638402834535
6778,38.73617481440306
6779,34.124481957405806
6780,30.5449478328228
6781,33.5597509983927
6782,38.756594993174076
6783,35.43336200527847
6784,39.865778060629964
6785,35.4711078107357
6786,35.23871209472418
6787,35.69926996715367
6788,30.70928412489593
6789,29.08380189910531
6790,34.38174701295793
6791,30.544667970389128
6792,34.8309560213238
6793,31.565550016239285
6794,31.674301950260997
6795,29.861851129680872
6796,31.783103942871094
6797,32.509868033230305
6798,30.943152029067278
6799,30.098554212599993
6800,31.79391985759139
6801,33.23305491358042
6802,39.80971500277519
6803,32.95109514147043
6804,30.379503034055233
6805,30.755522893741727
6806,34.33250309899449
6807,33.925055991858244
6808,28.441313887014985
6809,29.89694313146174
6810,38.567655021324754
6811,52.95369285158813
6812,32.66245499253273
6813,40.38439178839326
6814,33.478239784017205
6815,34.28325988352299
6816,38.12313196249306
6817,35.574554931372404
6818,29.971314826980233
6819,28.96714909002185
6820,30.03697283565998
6821,30.679570976644754
6822,29.489618027582765
6823,29.24008504487574
6824,30.94391501508653
6825,31.2972420360893
6826,39.31702300906181
6827,30.776956118643284
6828,40.43513908982277
6829,33.18811906501651
6830,33.016944071277976
6831,34.02673895470798
6832,32.014671014621854
6833,35.36288999021053
6834,30.127397971227765
6835,29.473453061655164
6836,30.85306892171502
6837,33.15217490307987
6838,35.28705704957247
6839,33.73155905865133
6840,29.595975996926427
6841,29.81406101025641
6842,33.50601298734546
6843,35.35205405205488
6844,32.417831011116505
6845,30.97298787906766
6846,30.344211030751467
6847,30.639922013506293
6848,29.79355212301016
6849,37.15105610899627
6850,35.40316200815141
6851,33.58916798606515
6852,51.11639900133014
6853,35.429080948233604
6854,32.400366151705384
6855,35.39682202972472
6856,34.949676133692265
6857,30.395708978176117
6858,41.21499299071729
6859,32.5715618673712
6860,33.38429285213351
6861,29.668103903532028
6862,39.372076047584414
6863,34.22121983021498
6864,46.61718406714499
6865,34.092517802491784
6866,36.911348812282085
6867,39.010738022625446
6868,31.299686059355736
6869,30.57379391975701
6870,30.76253505423665
6871,31.99974005110562
6872,33.48191804252565
6873,30.558530939742923
6874,35.99036717787385
6875,32.848154194653034
6876,32.89679600857198
6877,30.037805903702974
6878,31.59496793523431
6879,31.161010963842273
6880,36.042846040800214
6881,31.256452901288867
6882,30.837979866191745
6883,30.708896927535534
6884,31.37978701852262
6885,34.302933141589165
6886,40.74544506147504
6887,32.058357959613204
6888,31.099680112674832
6889,31.579094007611275
6890,31.290894141420722
6891,34.192128106951714
6892,30.81785887479782
6893,29.827442951500416
6894,29.825629899278283
6895,30.43671092018485
6896,36.00068297237158
6897,37.40599821321666
6898,32.42105897516012
6899,31.948053976520896
6900,33.402470871806145
6901,29.972419142723083
6902,30.877928948029876
6903,33.244977006688714
6904,36.37092490680516
6905,30.895124888047576
6906,33.48305099643767
6907,36.59776411950588
6908,33.63881492987275
6909,33.877269830554724
6910,36.10177501104772
6911,29.86094495281577
6912,30.84112494252622
6913,36.375273019075394
6914,35.8878371771425
6915,35.842749988660216
6916,41.347624035552144
6917,33.96175615489483
6918,37.04350907355547
6919,33.071188954636455
6920,31.611663987860084
6921,29.337724903598428
6922,34.17802811600268
6923,29.48393183760345
6924,29.39111413434148
6925,29.004167998209596
6926,30.080220894888043
6927,31.2521168962121
6928,32.52977202646434
6929,38.7813588604331
6930,39.75476999767125
6931,34.90279894322157
6932,33.56649703346193
6933,30.315431067720056
6934,34.09006702713668
6935,31.97699785232544
6936,29.509229818359017
6937,30.610322020947933
6938,36.755311070010066
6939,31.91383508965373
6940,31.867075012996793
6941,32.719224924221635
6942,34.947637002915144
6943,30.87388491258025
6944,29.76251789368689
6945,29.752233996987343
6946,38.44826412387192
6947,30.168874887749553
6948,29.842006973922253
6949,30.92023404315114
6950,31.695961020886898
6951,46.91220913082361
6952,30.417826026678085
6953,35.105541814118624
6954,35.38441704586148
6955,31.962356995791197
6956,35.36311606876552
6957,29.616921907290816
6958,39.893228095024824
6959,47.195720952004194
6960,97.0843369141221
6961,32.9666540492326
6962,35.30478896573186
6963,40.466442005708814
6964,39.20754697173834
6965,36.22477198950946
6966,37.17675106599927
6967,29.40975409001112
6968,34.157350193709135
6969,36.15663992241025
6970,34.441694151610136
6971,38.972536800429225
6972,33.598067006096244
6973,35.82471492700279
6974,58.08539409190416
6975,39.13987590931356
6976,37.80465689487755
6977,35.70879180915654
6978,35.21160106174648
6979,31.070108991116285
6980,36.669934866949916
6981,40.94341513700783
6982,51.77697096951306
6983,33.15370390191674
6984,42.098436038941145
6985,49.46055915206671
6986,38.09240506961942
6987,58.31196182407439
6988,32.64734894037247
6989,39.72693090327084
6990,38.798138964921236
6991,31.590996077284217
6992,30.273892916738987
6993,39.017445873469114
6994,35.407244926318526
6995,34.061668906360865
6996,32.895261188969016
6997,30.438719084486365
6998,30.716832960024476
6999,30.0207759719342
7000,33.957072999328375
7001,37.634153151884675
7002,29.980855993926525
7003,29.79258494451642
7004,29.60476605221629
7005,30.687190126627684
7006,40.103262988850474
7007,32.0623388979584
7008,34.252893878147006
7009,36.17660095915198
7010,33.980737905949354
7011,30.059462878853083
7012,34.38194585032761
7013,37.0077898260206
7014,34.24024488776922
7015,33.99392799474299
7016,31.73765493556857
7017,30.977491987869143
7018,37.049100967124104
7019,30.817824183031917
7020,33.29317411407828
7021,32.2861538734287
7022,30.493931844830513
7023,29.64917290955782
7024,29.227173887193203
7025,33.02006796002388
7026,33.229039050638676
7027,33.30708504654467
7028,31.060446985065937
7029,31.608214136213064
7030,34.18282000347972
7031,37.76781493797898
7032,36.51462588459253
7033,31.205613166093826
7034,34.83120701275766
7035,34.79438181966543
7036,35.520894918590784
7037,30.026375083252788
7038,29.971973970532417
7039,34.16169015690684
7040,34.6885051112622
7041,36.61160101182759
7042,42.34669986180961
7043,33.16024714149535
7044,30.882430961355567
7045,36.81644611060619
7046,31.26963903196156
7047,37.85640583373606
7048,31.143620843067765
7049,33.89313002116978
7050,37.21665497869253
7051,32.01925684697926
7052,32.76661108247936
7053,31.150683062151074
7054,37.166388938203454
7055,33.074629958719015
7056,30.209899879992008
7057,30.5643689353019
7058,43.0694380775094
7059,32.225694973021746
7060,35.04595905542374
7061,30.03789414651692
7062,30.32952779904008
7063,32.5688561424613
7064,33.11786497943103
7065,31.86203306540847
7066,43.02615416236222
7067,35.56594392284751
7068,35.41283588856459
7069,33.43538800254464
7070,41.69298708438873
7071,34.138796152547
7072,33.734472934156656
7073,30.054077971726656
7074,30.30909807421267
7075,29.787831008434296
7076,29.485760955139995
7077,29.16038502007723
7078,35.269602201879025
7079,34.84944603405893
7080,32.34715713188052
7081,29.647803166881204
7082,35.11296887882054
7083,34.04993610456586
7084,31.647864961996675
7085,32.79570606537163
7086,29.660030966624618
7087,35.13980004936457
7088,34.51762301847339
7089,31.800412107259035
7090,33.88902498409152
7091,30.778509099036455
7092,32.677219016477466
7093,30.870166141539812
7094,30.926469014957547
7095,30.746622011065483
7096,37.49256697483361
7097,29.772068141028285
7098,35.1017031352967
7099,37.557162810117006
7100,33.97522401064634
7101,30.00390389934182
7102,34.59122194908559
7103,39.20938586816192
7104,35.106190014630556
7105,33.37454795837402
7106,36.73579916357994
7107,30.373604968190193
7108,30.44460085220635
7109,30.371592147275805
7110,32.129002967849374
7111,31.577090034261346
7112,32.45614096522331
7113,34.90156610496342
7114,32.673925859853625
7115,33.96632196381688
7116,31.12323395907879
7117,30.238374136388302
7118,33.00240496173501
7119,37.43805713020265
7120,33.13915920443833
7121,35.19362211227417
7122,32.7915099915117
7123,33.11622398905456
7124,32.61009999550879
7125,36.28177288919687
7126,36.67873493395746
7127,31.096974853426218
7128,34.990509040653706
7129,35.93705012463033
7130,36.086552077904344
7131,34.23152700997889
7132,32.76212699711323
7133,32.203124137595296
7134,37.763211876153946
7135,31.838629860430956
7136,30.96545790322125
7137,32.74204698391259
7138,38.008596980944276
7139,32.84291783347726
7140,30.787363881245255
7141,30.70090594701469
7142,33.127472968772054
7143,32.714566914364696
7144,37.44217497296631
7145,32.11347106844187
7146,35.306110978126526
7147,29.613874852657318
7148,33.91528711654246
7149,31.28268290311098
7150,32.98372798599303
7151,30.396602116525173
7152,31.3895121216774
7153,29.665742069482803
7154,30.10742086917162
7155,30.786572955548763
7156,30.41501878760755
7157,30.52044613286853
7158,34.711193991824985
7159,40.309579111635685
7160,37.03251387923956
7161,32.187792006880045
7162,33.3253878634423
7163,33.01634709350765
7164,35.10269685648382
7165,34.13275093771517
7166,39.961460046470165
7167,34.07356305979192
7168,34.52459583058953
7169,32.103506149724126
7170,35.45824903994799
7171,30.17768682911992
7172,50.89379916898906
7173,35.29390413314104
7174,39.12296099588275
7175,35.03549797460437
7176,32.37066604197025
7177,39.658239809796214
7178,36.536706844344735
7179,30.22902295924723
7180,30.826953938230872
7181,33.42387592419982
7182,33.84733689017594
7183,35.341113805770874
7184,30.597373144701123
7185,32.561731059104204
7186,37.47547580860555
7187,33.654690021649
7188,29.750620014965534
7189,29.66950903646648
7190,33.32559880800545
7191,32.61467907577753
7192,34.97898392379284
7193,33.713958924636245
7194,48.197478987276554
7195,32.31315012089908
7196,29.29753391072154
7197,31.977940117940307
7198,40.24053900502622
7199,37.356188986450434
7200,31.9893981795758
7201,34.15108099579811
7202,34.504068084061146
7203,35.23850184865296
7204,32.44254388846457
7205,30.262835090979934
7206,38.42518315650523
7207,34.62890302762389
7208,35.38841498084366
7209,40.28181103058159
7210,40.78017291612923
7211,45.813677133992314
7212,32.95559901744127
7213,32.887587789446115
7214,29.658553889021277
7215,28.63086201250553
7216,31.43859701231122
7217,39.84808409586549
7218,36.37672890909016
7219,32.915740041062236
7220,30.624764040112495
7221,33.68824115023017
7222,37.45382488705218
7223,31.353289959952235
7224,32.318840036168694
7225,36.28899808973074
7226,30.7842418551445
7227,32.98837901093066
7228,30.082527082413435
7229,30.085190199315548
7230,38.82473008707166
7231,30.513239093124866
7232,32.74014894850552
7233,30.727138044312596
7234,35.851777996867895
7235,33.83560199290514
7236,31.687299022451043
7237,31.191359972581267
7238,32.95220504514873
7239,44.236178044229746
7240,35.75130784884095
7241,33.06085686199367
7242,31.71760495752096
7243,29.392197960987687
7244,32.62297390028834
7245,32.27153094485402
7246,33.086426090449095
7247,32.769041834399104
7248,37.01380989514291
7249,34.11232493817806
7250,33.7057679425925
7251,31.659336993470788
7252,33.49561500363052
7253,31.50509810075164
7254,34.32895801961422
7255,33.23316411115229
7256,34.42810592241585
7257,28.76992989331484
7258,32.38497115671635
7259,29.616763815283775
7260,29.933685902506113
7261,36.005958914756775
7262,32.09117311052978
7263,32.80287398956716
7264,35.35552998073399
7265,33.923825016245246
7266,48.78090391866863
7267,46.13674199208617
7268,33.100806875154376
7269,31.11030999571085
7270,43.09829301200807
7271,39.255714043974876
7272,34.87412096001208
7273,50.26640905998647
7274,39.88970909267664
7275,34.85295013524592
7276,33.75481301918626
7277,38.55060203932226
7278,36.738501163199544
7279,31.846507918089628
7280,32.53580583259463
7281,33.4399938583374
7282,37.95906086452305
7283,31.07563895173371
7284,31.234094873070717
7285,37.41583204828203
7286,33.000159077346325
7287,32.95903792604804
7288,29.87451897934079
7289,32.14820916764438
7290,33.093778882175684
7291,29.99769290909171
7292,32.38102584145963
7293,40.005894144997
7294,33.91618514433503
7295,30.15456604771316
7296,30.175036983564496
7297,30.362486839294434
7298,29.855611035600305
7299,33.99057500064373
7300,32.166566932573915
7301,32.1209579706192
7302,32.04138996079564
7303,29.242465971037745
7304,30.29646910727024
7305,31.386472983285785
7306,32.82666997984052
7307,30.068207997828722
7308,30.630826950073242
7309,30.284690903499722
7310,35.49964493140578
7311,29.763865051791072
7312,29.951433883979917
7313,33.679911866784096
7314,32.98551682382822
7315,33.61674793995917
7316,31.40245797112584
7317,29.796093003824353
7318,31.92847198806703
7319,36.01098898798227
7320,36.01288213394582
7321,38.03071100264788
7322,34.396531991660595
7323,33.66042487323284
7324,29.877153923735023
7325,33.64168596453965
7326,32.57380495779216
7327,30.14873992651701
7328,30.336539959535003
7329,37.20225510187447
7330,34.50942086055875
7331,35.23475211113691
7332,31.816965900361538
7333,29.335605911910534
7334,29.315317049622536
7335,33.58959895558655
7336,30.76284402050078
7337,30.685039004310966
7338,29.679639963433146
7339,30.6418240070343
7340,34.70992902293801
7341,36.86723602004349
7342,33.56236801482737
7343,32.092907931655645
7344,32.69591694697738
7345,34.69779109582305
7346,30.778237152844667
7347,29.32433201931417
7348,30.190583085641265
7349,32.06808213144541
7350,29.529597843065858
7351,30.750076984986663
7352,33.81166188046336
7353,33.359337132424116
7354,37.79361816123128
7355,31.97430190630257
7356,30.491041019558907
7357,32.855786150321364
7358,34.569391049444675
7359,33.61412696540356
7360,30.072176130488515
7361,29.998196056112647
7362,35.920466063544154
7363,33.372286008670926
7364,32.48468320816755
7365,32.903837971389294
7366,33.65209395997226
7367,30.04030790179968
7368,30.113167129456997
7369,34.5972531940788
7370,33.050647005438805
7371,33.23387890122831
7372,33.60047587193549
7373,35.34958488307893
7374,31.391403172165155
7375,29.046707088127732
7376,31.980392057448626
7377,31.087079783901572
7378,32.28278295136988
7379,31.4656849950552
7380,29.18045804835856
7381,30.49993491731584
7382,30.16187995672226
7383,30.075463000684977
7384,31.833723885938525
7385,46.527341939508915
7386,30.99284996278584
7387,32.667376101017
7388,45.31811806373298
7389,35.15389398671687
7390,38.640422048047185
7391,35.84951115772128
7392,34.20204506255686
7393,31.985029112547636
7394,34.353549825027585
7395,33.783680060878396
7396,37.87578293122351
7397,33.26135198585689
7398,30.21034295670688
7399,29.811128042638302
7400,34.754197811707854
7401,31.55399695970118
7402,38.12246979214251
7403,39.14483403787017
7404,34.05393287539482
7405,32.33527089469135
7406,33.89225294813514
7407,31.04870393872261
7408,30.483742011711
7409,34.45674618706107
7410,36.90334293060005
7411,32.456432934850454
7412,32.213290920481086
7413,30.34378308802843
7414,34.563635010272264
7415,33.033984946087
7416,31.52389288879931
7417,45.55308097042143
7418,30.68689489737153
7419,34.50516797602177
7420,35.455705132335424
7421,29.79636797681451
7422,29.88032205030322
7423,33.214634051546454
7424,31.166940927505493
7425,31.541469041258097
7426,41.590411914512515
7427,35.14745598658919
7428,30.66835692152381
7429,32.57774515077472
7430,33.56327419169247
7431,30.480177141726017
7432,36.803996190428734
7433,31.698173144832253
7434,35.91430885717273
7435,38.22926105931401
7436,35.69280891679227
7437,37.57466608658433
7438,35.845247097313404
7439,32.376415096223354
7440,34.996171947568655
7441,33.289256040006876
7442,31.2886128667742
7443,31.422081869095564
7444,30.109124025329947
7445,30.269172973930836
7446,33.03552814759314
7447,31.718614976853132
7448,29.861225048080087
7449,29.047230957075953
7450,32.81276603229344
7451,32.82861993648112
7452,30.570853035897017
7453,29.727575136348605
7454,31.9640408270061
7455,37.2185951564461
7456,34.37122004106641
7457,33.70214207097888
7458,30.574648873880506
7459,30.260599916800857
7460,33.32238597795367
7461,29.01077689602971
7462,32.514811027795076
7463,33.56261411681771
7464,32.3307269718498
7465,32.07335411570966
7466,37.51873294822872
7467,32.83473988994956
7468,32.92307094670832
7469,29.617131920531392
7470,32.42653189226985
7471,30.006532091647387
7472,34.384921891614795
7473,29.348631855100393
7474,31.695481156930327
7475,29.49565090239048
7476,36.86351701617241
7477,32.49402204528451
7478,29.479305958375335
7479,30.073312809690833
7480,29.983307933434844
7481,30.484325950965285
7482,32.21258195117116
7483,31.968848081305623
7484,33.90368400141597
7485,31.315044034272432
7486,36.99970990419388
7487,35.55032890290022
7488,34.148778999224305
7489,34.914972027763724
7490,30.72926984168589
7491,31.117308884859085
7492,35.13605101034045
7493,34.028919879347086
7494,35.24957993067801
7495,31.29663597792387
7496,36.275200080126524
7497,31.29452303983271
7498,36.65944398380816
7499,35.69507598876953
7500,31.121757114306092
7501,33.08855020441115
7502,38.419647840783
7503,31.113374046981335
7504,29.514430090785027
7505,30.77571000903845
7506,32.599960919469595
7507,36.790048936381936
7508,33.45910203643143
7509,29.24132184125483
7510,37.065260112285614
7511,33.406935166567564
7512,29.75669107399881
7513,30.646507861092687
7514,34.35668000020087
7515,33.286013873293996
7516,32.97035279683769
7517,31.882470939308405
7518,32.53174992278218
7519,31.565147917717695
7520,32.865396002307534
7521,29.009916819632053
7522,55.64272101037204
7523,32.72803220897913
7524,35.272476030513644
7525,36.59312496893108
7526,35.139989107847214
7527,30.08449007757008
7528,30.951163033023477
7529,29.94193905033171
7530,29.197839088737965
7531,28.997340006753802
7532,31.525871017947793
7533,28.608761029317975
7534,34.18146003969014
7535,39.129659067839384
7536,30.355124967172742
7537,30.919857090339065
7538,30.03914305008948
7539,33.840151969343424
7540,29.825775884091854
7541,30.05571779794991
7542,29.19457503594458
7543,28.66200008429587
7544,34.0378659311682
7545,31.421154970303178
7546,33.46784599125385
7547,33.27592997811735
7548,31.51826886460185
7549,35.490313079208136
7550,32.459854148328304
7551,37.10947697982192
7552,37.037929985672235
7553,30.014827148988843
7554,35.89735901914537
7555,36.839314037933946
7556,31.812909059226513
7557,34.62542197667062
7558,35.64333007670939
7559,31.005936907604337
7560,40.41607794351876
7561,33.24114019051194
7562,32.08087896928191
7563,35.68762703798711
7564,35.33271886408329
7565,34.014713019132614
7566,34.17447116225958
7567,34.34471506625414
7568,35.87765106931329
7569,37.02094592154026
7570,45.64930195920169
7571,36.994165973737836
7572,38.47108921036124
7573,35.503423074260354
7574,53.39626409113407
7575,37.82554599456489
7576,37.91309706866741
7577,32.504681032150984
7578,49.169301986694336
7579,35.33759596757591
7580,34.46686686947942
7581,35.51055397838354
7582,37.69610309973359
7583,39.3284868914634
7584,34.205036936327815
7585,35.50828085280955
7586,34.81727093458176
7587,32.321359030902386
7588,35.64825002104044
7589,34.40712881274521
7590,31.631940975785255
7591,33.332306891679764
7592,38.83697488345206
7593,38.19650993682444
7594,34.34430598281324
7595,36.29418392665684
7596,37.07829304039478
7597,30.623066006228328
7598,33.09983992949128
7599,33.13090605661273
7600,30.155618907883763
7601,32.681485870853066
7602,37.45172917842865
7603,29.394974932074547
7604,28.976320987567306
7605,29.71008513122797
7606,35.759927006438375
7607,38.16864895634353
7608,31.60957805812359
7609,33.041062066331506
7610,29.968620976433158
7611,30.041449004784226
7612,31.929954886436462
7613,29.719148064032197
7614,28.86293106712401
7615,33.4640028886497
7616,47.58710600435734
7617,35.97722202539444
7618,35.68256297148764
7619,29.53572617843747
7620,32.146580051630735
7621,32.17180701903999
7622,36.203951109200716
7623,29.885448049753904
7624,33.59314682893455
7625,31.301449052989483
7626,36.612859927117825
7627,33.03556586615741
7628,29.141647974029183
7629,31.9971670396626
7630,37.696155020967126
7631,238.47262002527714
7632,38.24183996766806
7633,34.467139979824424
7634,36.36956796981394
7635,34.38952495343983
7636,37.72402694448829
7637,32.60884899646044
7638,30.85004584863782
7639,37.0933678932488
7640,33.675460843369365
7641,34.88441393710673
7642,30.651370994746685
7643,33.92094699665904
7644,29.132955940440297
7645,33.27907994389534
7646,31.004498014226556
7647,30.892040114849806
7648,31.48824884556234
7649,37.263432051986456
7650,35.65968992188573
7651,35.98831011913717
7652,35.45747906900942
7653,32.910751178860664
7654,36.72992577776313
7655,40.552366990596056
7656,33.28647091984749
7657,33.17777905613184
7658,33.41380087658763
7659,37.31794189661741
7660,41.30065208300948
7661,37.98109199851751
7662,34.500070847570896
7663,29.710597824305296
7664,32.137316884472966
7665,33.98929885588586
7666,30.433576088398695
7667,36.07413801364601
7668,35.35603894852102
7669,33.80149998702109
7670,29.698781901970506
7671,30.963598052039742
7672,30.82920704036951
7673,31.641838839277625
7674,30.059860087931156
7675,29.550289968028665
7676,29.497452080249786
7677,29.844357864931226
7678,29.712642077356577
7679,32.00809587724507
7680,29.78602098301053
7681,29.474727110937238
7682,36.68295801617205
7683,35.177781945094466
7684,32.901488011702895
7685,35.05705203860998
7686,31.64878999814391
7687,29.833662090823054
7688,29.741965932771564
7689,30.44342203065753
7690,29.842996038496494
7691,38.83518697693944
7692,35.370039055123925
7693,34.188607009127736
7694,33.887278055772185
7695,37.63708006590605
7696,34.25766993314028
7697,33.54203305207193
7698,30.850199051201344
7699,35.07793485186994
7700,31.18586982600391
7701,39.922529831528664
7702,34.319292986765504
7703,38.8446229044348
7704,34.09082302823663
7705,35.81951092928648
7706,31.571676023304462
7707,30.958401039242744
7708,30.191917903721333
7709,33.785338047891855
7710,32.186283031478524
7711,29.839481925591826
7712,30.564564047381282
7713,34.38645415008068
7714,33.632599050179124
7715,35.616819048300385
7716,30.631894012913108
7717,30.267391121014953
7718,34.31821195408702
7719,33.164230175316334
7720,32.768449978902936
7721,31.461802078410983
7722,33.1283169798553
7723,30.06713092327118
7724,29.805040219798684
7725,30.285537941381335
7726,29.56705610267818
7727,32.61688398197293
7728,30.01977107487619
7729,31.714759999886155
7730,35.93842010013759
7731,30.294721946120262
7732,34.05793500132859
7733,29.96564214117825
7734,29.82763503678143
7735,33.20962912403047
7736,32.69717609509826
7737,32.69337001256645
7738,31.523435143753886
7739,33.84711989201605
7740,31.19040816091001
7741,38.00089587457478
7742,31.301303999498487
7743,30.770983081310987
7744,32.194775994867086
7745,32.04247890971601
7746,30.23594501428306
7747,35.51720082759857
7748,33.68637105450034
7749,33.63414295017719
7750,36.132118897512555
7751,37.66957204788923
7752,30.731864972040057
7753,30.984040815383196
7754,29.90028401836753
7755,33.126686001196504
7756,30.066632898524404
7757,30.61351808719337
7758,31.946946866810322
7759,35.03542183898389
7760,32.15839294716716
7761,30.328313121572137
7762,37.59090602397919
7763,38.10615395195782
7764,33.780002035200596
7765,39.10822910256684
7766,37.03741985373199
7767,30.68406507372856
7768,34.82779394835234
7769,32.663205871358514
7770,34.22780008986592
7771,35.708529176190495
7772,31.424758955836296
7773,31.26169601455331
7774,34.9318899679929
7775,32.54604106768966
7776,29.90033500827849
7777,29.90426099859178
7778,29.98005412518978
7779,36.18098306469619
7780,32.82399498857558
7781,39.5793910138309
7782,37.06997795961797
7783,33.16005691885948
7784,30.89429810643196
7785,37.26951591670513
7786,30.515793012455106
7787,38.130709901452065
7788,34.36530404724181
7789,37.85303793847561
7790,41.2449159193784
7791,33.423671033233404
7792,34.88614200614393
7793,35.07577581331134
7794,31.163851032033563
7795,29.42485688254237
7796,30.06585408002138
7797,33.248871099203825
7798,37.25425503216684
7799,46.65110004134476
7800,40.6098288949579
7801,35.555111011490226
7802,29.769662069156766
7803,38.113455986604095
7804,33.63632783293724
7805,31.494082883000374
7806,30.908599961549044
7807,31.21874202042818
7808,33.11014408245683
7809,32.648514956235886
7810,35.203136038035154
7811,33.37380802258849
7812,31.64921491406858
7813,37.900579161942005
7814,31.228586798533797
7815,30.833969125524163
7816,33.97761797532439
7817,35.90194811113179
7818,31.768352957442403
7819,44.28142705000937
7820,33.06870302185416
7821,30.1166910212487
7822,31.24791686423123
7823,38.09930616989732
7824,32.63621800579131
7825,33.60975091345608
7826,35.26944597251713
7827,33.36585592478514
7828,37.470127921551466
7829,31.696897000074387
7830,56.330628925934434
7831,33.04646909236908
7832,36.58922389149666
7833,47.81833291053772
7834,30.378571012988687
7835,32.6861129142344
7836,30.30679398216307
7837,35.36076098680496
7838,31.930695986375213
7839,35.2105179335922
7840,32.698120921850204
7841,34.504435025155544
7842,33.87126000598073
7843,31.728534027934074
7844,34.412557957693934
7845,30.86139098741114
7846,40.85489688441157
7847,36.49273095652461
7848,33.1099450122565
7849,36.434645066037774
7850,38.60306879505515
7851,33.877139911055565
7852,31.033128034323454
7853,36.81156714446843
7854,33.21422194130719
7855,43.07467909529805
7856,35.54122196510434
7857,34.85066187568009
7858,35.23932187817991
7859,48.1865128967911
7860,33.725574845448136
7861,38.23661291971803
7862,36.948760971426964
7863,36.039535189047456
7864,55.98264280706644
7865,39.01534480974078
7866,45.975446002557874
7867,41.214164113625884
7868,36.8802601005882
7869,37.690277909860015
7870,39.24199310131371
7871,45.935506001114845
7872,55.31398509629071
7873,51.000503124669194
7874,35.17720103263855
7875,45.23939988575876
7876,36.035411059856415
7877,33.00731396302581
7878,32.788998214527965
7879,35.08064616471529
7880,31.310873804613948
7881,33.09776890091598
7882,34.74639798514545
7883,33.33669505082071
7884,31.70778602361679
7885,33.07957202196121
7886,37.08910197019577
7887,33.176996977999806
7888,33.36889389902353
7889,34.61671504192054
7890,32.2758830152452
7891,36.48530202917755
7892,29.641863889992237
7893,31.98149404488504
7894,29.266715049743652
7895,33.91813300549984
7896,33.59267697669566
7897,30.467235017567873
7898,35.196979995816946
7899,37.804198917001486
7900,34.85325793735683
7901,31.472506001591682
7902,31.077496940270066
7903,30.05007398314774
7904,39.96252012439072
7905,37.32966189272702
7906,32.17361099086702
7907,36.48192808032036
7908,35.1295811124146
7909,30.01649398356676
7910,29.950615018606186
7911,32.312339171767235
7912,35.00736900605261
7913,34.62000121362507
7914,34.438230097293854
7915,32.751933904364705
7916,36.12098004668951
7917,32.114522997289896
7918,32.96181699261069
7919,33.064981224015355
7920,39.45935005322099
7921,30.43041191995144
7922,47.17216384597123
7923,31.924210023134947
7924,36.496069049462676
7925,32.31368097476661
7926,32.42579801008105
7927,30.929194996133447
7928,34.842872992157936
7929,33.17753900773823
7930,32.25544421002269
7931,33.97659212350845
7932,30.01178801059723
7933,37.632235093042254
7934,67.67031294293702
7935,31.070957891643047
7936,35.088510951027274
7937,38.40317507274449
7938,36.36655700393021
7939,32.306801062077284
7940,32.93690085411072
7941,32.88445295765996
7942,32.711905892938375
7943,33.853848930448294
7944,32.94291999191046
7945,32.35149779357016
7946,35.40601395070553
7947,37.763301050290465
7948,30.534718185663223
7949,32.50838303938508
7950,35.21938598714769
7951,38.27609587460756
7952,29.87047703936696
7953,35.54766601882875
7954,32.216095831245184
7955,31.577973859384656
7956,28.957075206562877
7957,33.48285495303571
7958,36.97605710476637
7959,29.66472110711038
7960,29.890357051044703
7961,30.265788082033396
7962,30.795597936958075
7963,31.899374909698963
7964,29.11797584965825
7965,28.99609412997961
7966,33.67479285225272
7967,34.16631696745753
7968,32.600280130282044
7969,32.35251107253134
7970,33.18897797726095
7971,30.629369895905256
7972,33.5287950001657
7973,31.207763124257326
7974,40.51951295696199
7975,32.97667088918388
7976,33.290269784629345
7977,30.770301120355725
7978,32.302896957844496
7979,37.45296993292868
7980,35.93223984353244
7981,34.28264008834958
7982,34.01590185239911
7983,37.424956914037466
7984,47.02641977928579
7985,32.74665889330208
7986,30.49984690733254
7987,33.339221961796284
7988,31.001696130260825
7989,33.21552905254066
7990,33.25712191872299
7991,34.525934141129255
7992,35.97521618939936
7993,32.925906823948026
7994,31.78188088349998
7995,33.367906929925084
7996,34.044967032969
7997,31.620800029486418
7998,32.87762519903481
7999,34.609168069437146
8000,31.45579411648214
8001,34.68646318651736
8002,34.02269305661321
8003,37.94386284425855
8004,30.10874497704208
8005,33.381226006895304
8006,40.52457306534052
8007,40.89293209835887
8008,32.37278200685978
8009,31.915590167045593
8010,32.84308407455683
8011,30.82849900238216
8012,29.56154802814126
8013,29.46138894185424
8014,31.472778879106045
8015,36.61851608194411
8016,32.94576704502106
8017,31.252922024577856
8018,33.8300762232393
8019,29.268842888996005
8020,30.455482890829444
8021,32.84020093269646
8022,31.44723200239241
8023,31.53978008776903
8024,32.74361579678953
8025,34.38276192173362
8026,35.24771216325462
8027,33.241017954424024
8028,29.547328129410744
8029,29.869128949940205
8030,29.639565851539373
8031,30.23440414108336
8032,29.300950933247805
8033,31.48154402151704
8034,34.15984893217683
8035,30.483854934573174
8036,31.573461135849357
8037,29.254620894789696
8038,34.339386969804764
8039,36.896571051329374
8040,34.020381048321724
8041,36.97212506085634
8042,33.29840395599604
8043,31.35352279059589
8044,35.76135798357427
8045,33.002302050590515
8046,30.068736989051104
8047,30.955610098317266
8048,31.403376953676343
8049,30.444005969911814
8050,33.9514990337193
8051,38.793122163042426
8052,34.76674621924758
8053,32.204892951995134
8054,32.58555196225643
8055,30.229357071220875
8056,32.80990710482001
8057,46.25422297976911
8058,36.68453707359731
8059,35.32608016394079
8060,33.885340904816985
8061,32.4685771483928
8062,29.30307504720986
8063,35.69814492948353
8064,35.54000984877348
8065,29.737272998318076
8066,29.105510096997023
8067,46.480681048706174
8068,33.60438207164407
8069,35.24303715676069
8070,32.19006187282503
8071,37.5645300373435
8072,31.9552521687001
8073,29.294512001797557
8074,28.936737915501
8075,31.170901842415333
8076,29.341312125325203
8077,29.965042835101485
8078,35.96679610200226
8079,35.065641859546304
8080,32.51604991964996
8081,32.32113900594413
8082,45.354231959208846
8083,33.93398504704237
8084,29.681270942091942
8085,29.488031985238194
8086,29.33672582730651
8087,33.56255008839071
8088,43.406154960393906
8089,33.62851892597973
8090,31.883986201137304
8091,31.990014016628265
8092,35.612278152257204
8093,38.55262487195432
8094,36.98996314778924
8095,33.999972976744175
8096,32.69048989750445
8097,29.808319872245193
8098,31.10662684775889
8099,37.00371482409537
8100,46.89946793951094
8101,34.05063902027905
8102,31.746631022542715
8103,31.157552963122725
8104,32.84547105431557
8105,29.99100205488503
8106,29.81964685022831
8107,31.322899973019958
8108,39.32071081362665
8109,30.44801508076489
8110,30.112674925476313
8111,33.89593889005482
8112,41.77310108207166
8113,36.59895109012723
8114,32.872413052245975
8115,35.76509701088071
8116,33.11306214891374
8117,33.38305396027863
8118,30.942311976104975
8119,32.272676937282085
8120,29.87317694351077
8121,33.65807398222387
8122,36.69711900874972
8123,40.485109901055694
8124,33.47361902706325
8125,29.881919967010617
8126,30.948552070185542
8127,35.43998301029205
8128,33.95793098025024
8129,31.969034112989902
8130,34.98703707009554
8131,39.6009711548686
8132,31.76837507635355
8133,29.784374870359898
8134,32.14918402954936
8135,32.28186094202101
8136,30.700522009283304
8137,31.37495811097324
8138,39.054976077750325
8139,35.76486883684993
8140,36.52305016294122
8141,39.77437084540725
8142,32.37973782233894
8143,35.493453964591026
8144,34.39188003540039
8145,32.86233893595636
8146,34.80318398214877
8147,36.95253096520901
8148,36.52397217229009
8149,35.66268598660827
8150,36.35080298408866
8151,41.00548708811402
8152,38.30728214234114
8153,41.788776172325015
8154,35.60214606113732
8155,34.34048406779766
8156,37.51623188145459
8157,35.77928990125656
8158,36.17321792989969
8159,42.98046394251287
8160,38.64542581140995
8161,37.07176796160638
8162,31.874294858425856
8163,36.01085511036217
8164,38.16800401546061
8165,35.31872294843197
8166,34.573903074488044
8167,38.9327360317111
8168,35.18279083073139
8169,33.469635993242264
8170,32.25656505674124
8171,37.35779598355293
8172,37.57557086646557
8173,33.084910828620195
8174,32.423004042357206
8175,29.63489410467446
8176,29.764126986265182
8177,32.97665994614363
8178,34.768993966281414
8179,33.00162777304649
8180,29.604998882859945
8181,31.564241973683238
8182,30.478351982310414
8183,34.5407840795815
8184,36.47301602177322
8185,31.047501834109426
8186,30.623259022831917
8187,32.51926810480654
8188,29.43195099942386
8189,30.774485087022185
8190,29.71812803298235
8191,31.481348909437656
8192,31.65852394886315
8193,29.034258099272847
8194,30.626183142885566
8195,41.95534600876272
8196,30.026197899132967
8197,30.27125494554639
8198,32.09252213127911
8199,33.02510408684611
8200,31.8778520449996
8201,30.27663310058415
8202,33.28892705030739
8203,31.34432598017156
8204,33.28726417385042
8205,29.80143390595913
8206,30.173518927767873
8207,39.08221097663045
8208,34.54941790550947
8209,33.220063894987106
8210,30.150654958561063
8211,30.734254978597164
8212,35.99652694538236
8213,46.72536416910589
8214,33.94512692466378
8215,32.99447800964117
8216,30.427969060838223
8217,39.43896293640137
8218,29.532582964748144
8219,33.38066395372152
8220,32.00933709740639
8221,28.82079081609845
8222,28.88818085193634
8223,29.446213971823454
8224,35.97768908366561
8225,33.81045488640666
8226,35.27798503637314
8227,36.50250309146941
8228,29.513495042920113
8229,28.72514887712896
8230,40.72499298490584
8231,34.78969796560705
8232,35.7878259383142
8233,33.42814603820443
8234,31.99852304533124
8235,30.832533026114106
8236,34.64372898451984
8237,32.99622097983956
8238,36.93663002923131
8239,31.50605782866478
8240,32.39413304254413
8241,29.501596931368113
8242,31.029646983370185
8243,35.129854921251535
8244,45.357725117355585
8245,31.93324594758451
8246,29.5387317892164
8247,29.827682999894023
8248,30.388040002435446
8249,33.63429312594235
8250,30.187010066583753
8251,32.41932112723589
8252,34.53211300075054
8253,32.231580931693316
8254,29.8819150775671
8255,32.621753169223666
8256,29.233716893941164
8257,35.41309805586934
8258,35.21198802627623
8259,30.07945092394948
8260,31.84504504315555
8261,38.76548120751977
8262,30.79870413057506
8263,32.30486111715436
8264,33.47171191126108
8265,50.20477902144194
8266,31.6480309702456
8267,38.44953910447657
8268,36.56505700200796
8269,32.765317941084504
8270,30.993364052847028
8271,32.186485128477216
8272,35.27799807488918
8273,31.9078981410712
8274,34.82159599661827
8275,31.406350899487734
8276,37.67343098297715
8277,30.494299018755555
8278,40.66773015074432
8279,35.12872406281531
8280,30.427099904045463
8281,29.937278013676405
8282,30.466889031231403
8283,32.82470698468387
8284,35.802038852125406
8285,37.5753550324589
8286,34.38127995468676
8287,33.70867692865431
8288,30.96452192403376
8289,33.815826987847686
8290,33.36808900348842
8291,33.63252407871187
8292,32.622426049783826
8293,35.8305131085217
8294,31.980267958715558
8295,36.07871406711638
8296,31.658066902309656
8297,32.86913479678333
8298,40.012893034145236
8299,30.44501692056656
8300,32.082441030070186
8301,29.256273061037064
8302,28.802365995943546
8303,31.309837941080332
8304,29.752754140645266
8305,29.631544137373567
8306,33.49993494339287
8307,29.832283034920692
8308,29.468490043655038
8309,38.094551069661975
8310,34.23450095579028
8311,29.614868806675076
8312,30.48370499163866
8313,29.51277606189251
8314,29.085257789120078
8315,38.39997691102326
8316,38.82725490257144
8317,29.702640138566494
8318,37.223783088847995
8319,37.48578415252268
8320,37.236290983855724
8321,31.065704068168998
8322,33.136894926428795
8323,31.74956515431404
8324,35.36096285097301
8325,30.116377864032984
8326,33.710440155118704
8327,32.71210100501776
8328,33.01785793155432
8329,34.787487937137485
8330,30.832825927063823
8331,36.74501902423799
8332,31.419442035257816
8333,29.82849790714681
8334,31.481605023145676
8335,29.900314984843135
8336,31.804446829482913
8337,32.31615084223449
8338,47.1473999787122
8339,38.209083024412394
8340,32.90178393945098
8341,32.53845195285976
8342,37.139486987143755
8343,30.509734991937876
8344,35.52361601032317
8345,32.984868157655
8346,30.784163856878877
8347,32.53579908050597
8348,30.307913897559047
8349,33.505496103316545
8350,32.800534972921014
8351,38.611013907939196
8352,32.640104880556464
8353,31.015570042654872
8354,35.885447170585394
8355,33.020643051713705
8356,33.33456115797162
8357,36.61747998557985
8358,34.932524897158146
8359,34.225921146571636
8360,34.1025369707495
8361,29.960816958919168
8362,28.98134500719607
8363,32.14540705084801
8364,38.15296106040478
8365,31.647292897105217
8366,33.37705507874489
8367,33.52608694694936
8368,34.78102898225188
8369,29.996990924701095
8370,46.14318301901221
8371,32.375911017879844
8372,29.244708130136132
8373,30.538249062374234
8374,30.513240955770016
8375,37.74154791608453
8376,31.74483892507851
8377,30.780240893363953
8378,32.15107577852905
8379,31.552692875266075
8380,33.52014906704426
8381,33.45845686271787
8382,32.75519795715809
8383,32.610611990094185
8384,33.47074496559799
8385,33.33725593984127
8386,31.211644876748323
8387,36.251554964110255
8388,39.83518294990063
8389,36.221269983798265
8390,32.891059992834926
8391,29.557074885815382
8392,33.77115400508046
8393,29.44430708885193
8394,30.14163812622428
8395,31.633283011615276
8396,34.495434956625104
8397,33.66012801416218
8398,35.80088191665709
8399,40.12157907709479
8400,36.74109489656985
8401,36.179286893457174
8402,36.11800610087812
8403,34.89412902854383
8404,30.189308105036616
8405,33.21593510918319
8406,32.85211301408708
8407,34.5400320366025
8408,32.32113108970225
8409,31.388129107654095
8410,34.757165936753154
8411,37.192960968241096
8412,31.741386046633124
8413,31.045937910676003
8414,32.22394594922662
8415,29.988500056788325
8416,32.294600969180465
8417,32.63217490166426
8418,35.492303082719445
8419,32.06811286509037
8420,30.14970989897847
8421,32.237485982477665
8422,30.1018999889493
8423,40.215290850028396
8424,35.42338986881077
8425,29.77380994707346
8426,29.360932996496558
8427,35.887353122234344
8428,34.416798036545515
8429,33.8995058555156
8430,34.086094005033374
8431,35.211184062063694
8432,30.003261985257268
8433,29.8077710904181
8434,29.714701930060983
8435,35.509128123521805
8436,30.537649989128113
8437,32.57199586369097
8438,29.27510696463287
8439,32.74942096322775
8440,39.54504197463393
8441,35.76829587109387
8442,37.86282194778323
8443,36.11214901320636
8444,53.40484483167529
8445,35.79943301156163
8446,36.40019986778498
8447,43.13489003106952
8448,36.92509303800762
8449,34.26549304276705
8450,38.14599406905472
8451,54.67679305002093
8452,63.48208314739168
8453,34.02494383044541
8454,34.913289826363325
8455,40.666125947609544
8456,44.54252892173827
8457,34.04530510306358
8458,33.34374795667827
8459,35.55931383743882
8460,30.546784168109298
8461,34.661083947867155
8462,32.422723015770316
8463,38.76024205237627
8464,35.84029502235353
8465,38.96460705436766
8466,33.390409080311656
8467,39.18792004697025
8468,31.91980393603444
8469,30.91628709807992
8470,32.07892086356878
8471,34.78201595135033
8472,35.12844303622842
8473,29.925948940217495
8474,31.602510018274188
8475,32.10970782674849
8476,35.577943082898855
8477,34.79184000752866
8478,29.77005601860583
8479,32.550505828112364
8480,38.104132981970906
8481,38.319714833050966
8482,31.968676950782537
8483,35.98506096750498
8484,32.87270595319569
8485,32.717535039409995
8486,32.16763399541378
8487,34.02620810084045
8488,29.788914835080504
8489,30.989296035841107
8490,38.857277017086744
8491,31.953393947333097
8492,35.50493507646024
8493,29.70547112636268
8494,29.729848029091954
8495,37.572300992906094
8496,35.47398000955582
8497,36.97072388604283
8498,30.516481027007103
8499,30.68216796964407
8500,34.140879986807704
8501,32.43191004730761
8502,29.51386501081288
8503,31.217116862535477
8504,36.00376006215811
8505,34.14815082214773
8506,29.908473137766123
8507,43.443261878564954
8508,30.442510033026338
8509,30.02387611195445
8510,33.442669082432985
8511,32.446220982819796
8512,34.554627956822515
8513,34.213348058983684
8514,32.28984703309834
8515,29.635176062583923
8516,29.334917897358537
8517,28.558559017255902
8518,28.849964030086994
8519,32.371368957683444
8520,32.72015997208655
8521,29.49543809518218
8522,29.494405956938863
8523,30.916347866877913
8524,41.53548600152135
8525,36.48596093989909
8526,31.056238105520606
8527,36.72699094749987
8528,36.70298517681658
8529,46.33747390471399
8530,34.119909862056375
8531,36.54172387905419
8532,33.32971106283367
8533,39.92065601050854
8534,30.364596052095294
8535,29.465113999322057
8536,29.879551148042083
8537,32.993698958307505
8538,35.56155180558562
8539,34.16323498822749
8540,40.190699975937605
8541,30.347900930792093
8542,30.732405139133334
8543,36.36643313802779
8544,34.196995198726654
8545,40.99801508709788
8546,31.66683902963996
8547,32.65237994492054
8548,30.902267899364233
8549,30.91154107823968
8550,30.885672895237803
8551,31.52434597723186
8552,29.03681411407888
8553,28.89739698730409
8554,29.917689971625805
8555,34.824522910639644
8556,29.964819084852934
8557,30.407401034608483
8558,29.498142888769507
8559,29.438153840601444
8560,29.64395098388195
8561,30.737773049622774
8562,30.383815057575703
8563,29.339967062696815
8564,29.16944306343794
8565,29.813884058967233
8566,28.9275620598346
8567,32.10876998491585
8568,35.336998058483005
8569,31.697274884209037
8570,31.614881940186024
8571,35.00138712115586
8572,32.983444863930345
8573,29.76593398489058
8574,29.70572398044169
8575,31.49554505944252
8576,37.282421020790935
8577,30.367921106517315
8578,28.977517038583755
8579,39.867178071290255
8580,35.14866600744426
8581,33.29226607456803
8582,29.691851930692792
8583,32.69771905615926
8584,31.107356073334813
8585,37.33811597339809
8586,32.70551096647978
8587,33.17779581993818
8588,29.20142188668251
8589,33.14993507228792
8590,30.114153865724802
8591,32.25413803011179
8592,35.324780037626624
8593,31.027386896312237
8594,33.03427202627063
8595,33.24663918465376
8596,32.11015299893916
8597,35.10718606412411
8598,38.31751714460552
8599,33.05853786878288
8600,32.386485021561384
8601,29.70037586055696
8602,30.1630268804729
8603,33.27827691100538
8604,30.813607154414058
8605,34.091108944267035
8606,36.34045599028468
8607,33.45988690853119
8608,33.203264931216836
8609,34.90111790597439
8610,31.0577021446079
8611,34.59237702190876
8612,30.714148888364434
8613,32.0435231551528
8614,30.31918010674417
8615,32.29666198603809
8616,31.722476007416844
8617,32.7289670240134
8618,34.467271994799376
8619,36.64917801506817
8620,36.18497611023486
8621,54.03294390998781
8622,31.223659869283438
8623,29.402924003079534
8624,30.60094197280705
8625,28.891509864479303
8626,30.463775852695107
8627,34.890743903815746
8628,32.595827942714095
8629,31.56014299020171
8630,37.339407950639725
8631,53.166399942710996
8632,33.60692784190178
8633,35.49025813117623
8634,29.918303014710546
8635,31.03720280341804
8636,33.880335977301
8637,28.76894688233733
8638,32.04160090535879
8639,36.80302808061242
8640,31.26335982233286
8641,31.87778708525002
8642,33.91471691429615
8643,38.3957561571151
8644,30.08874785155058
8645,30.319673009216785
8646,33.25806907378137
8647,32.91835100390017
8648,38.30067510716617
8649,33.64589693956077
8650,29.050417942926288
8651,32.47560118325055
8652,31.829647021368146
8653,32.69643988460302
8654,31.9804809987545
8655,31.826752005144954
8656,32.36755891703069
8657,30.694251880049706
8658,32.34748891554773
8659,29.88643618300557
8660,34.05138198286295
8661,32.43619203567505
8662,31.346444971859455
8663,32.8775099478662
8664,30.3855009842664
8665,31.419042963534594
8666,33.20715203881264
8667,35.498182056471705
8668,29.862239956855774
8669,29.961097985506058
8670,30.720009934157133
8671,30.419581104069948
8672,29.544005170464516
8673,31.351692974567413
8674,36.45272715948522
8675,33.75331778079271
8676,37.88065887056291
8677,31.150614144280553
8678,33.06214697659016
8679,33.09123101644218
8680,31.45005088299513
8681,30.999839073047042
8682,32.15108695439994
8683,29.916652012616396
8684,33.364369068294764
8685,38.017382845282555
8686,33.74879201874137
8687,37.009297870099545
8688,34.55685800872743
8689,31.894282903522253
8690,33.930081874132156
8691,30.769265023991466
8692,33.16965792328119
8693,31.596589833498
8694,31.213487964123487
8695,32.560227904468775
8696,30.794551828876138
8697,36.640316946431994
8698,32.39174606278539
8699,36.78228985518217
8700,33.36056205444038
8701,30.550678027793765
8702,30.454033985733986
8703,30.070411041378975
8704,30.90132214128971
8705,32.30213397182524
8706,31.406526919454336
8707,30.448046047240496
8708,31.846604077145457
8709,34.45047093555331
8710,28.72074907645583
8711,38.149351021274924
8712,30.117763904854655
8713,34.687905106693506
8714,32.175984932109714
8715,31.405344838276505
8716,34.15315714664757
8717,29.959307052195072
8718,33.44006207771599
8719,30.720874201506376
8720,34.56115582957864
8721,31.20809094980359
8722,31.02440689690411
8723,35.706025082618
8724,34.923536935821176
8725,33.82047009654343
8726,34.50368996709585
8727,35.66742688417435
8728,31.741437036544085
8729,34.71203101798892
8730,29.98824999667704
8731,30.22335097193718
8732,33.031512051820755
8733,38.94570004194975
8734,33.687051152810454
8735,36.16831498220563
8736,32.05459611490369
8737,35.35238699987531
8738,31.207340070977807
8739,46.226407866925
8740,37.12887899018824
8741,34.03840702958405
8742,38.99842011742294
8743,33.65436405874789
8744,40.18109501339495
8745,46.70144710689783
8746,31.49952692911029
8747,47.66605794429779
8748,36.046043038368225
8749,34.68210715800524
8750,40.30199605040252
8751,40.05967313423753
8752,40.88939307257533
8753,40.51234992220998
8754,32.019021920859814
8755,34.41243479028344
8756,36.7750721052289
8757,34.11695407703519
8758,31.821266980841756
8759,40.781721007078886
8760,49.130343133583665
8761,48.98940282873809
8762,51.518199034035206
8763,40.199643932282925
8764,34.58194900304079
8765,39.30189390666783
8766,38.18810195662081
8767,33.80193398334086
8768,29.256459092721343
8769,29.363780049607158
8770,29.18957988731563
8771,42.317825835198164
8772,30.231334967538714
8773,30.314248986542225
8774,30.865522101521492
8775,32.2918810416013
8776,32.02243917621672
8777,30.65372514538467
8778,30.7226178701967
8779,36.35407402180135
8780,36.57963080331683
8781,29.643698129802942
8782,30.698271933943033
8783,35.4525288566947
8784,30.127881094813347
8785,30.503941932693124
8786,35.62983311712742
8787,34.62681593373418
8788,32.36083406955004
8789,34.91713898256421
8790,32.03157288953662
8791,32.31171099469066
8792,31.408482929691672
8793,35.59647500514984
8794,32.89017383940518
8795,33.0832430627197
8796,31.143296975642443
8797,30.754606937989593
8798,32.701043179258704
8799,33.62885792739689
8800,33.36661611683667
8801,35.79779481515288
8802,32.79599384404719
8803,36.76572977565229
8804,31.77022305317223
8805,31.44961502403021
8806,33.995295176282525
8807,35.46047117561102
8808,31.465929001569748
8809,33.22109882719815
8810,31.315304106101394
8811,31.722881831228733
8812,32.09397615864873
8813,32.43806981481612
8814,32.50366705469787
8815,34.78539385832846
8816,29.30777706205845
8817,31.53156698681414
8818,32.629195135086775
8819,36.30858799442649
8820,37.81483601778746
8821,37.444883957505226
8822,32.4892969802022
8823,35.23675794713199
8824,30.11783817782998
8825,31.384788919240236
8826,31.24511009082198
8827,30.390574829652905
8828,29.29448802024126
8829,34.20231398195028
8830,36.114199087023735
8831,34.580318024381995
8832,33.54594483971596
8833,33.25825580395758
8834,33.98160496726632
8835,30.30420606955886
8836,33.886433113366365
8837,32.07671083509922
8838,35.21604789420962
8839,33.370692981407046
8840,35.17683898098767
8841,32.96585800126195
8842,36.710808984935284
8843,33.4331258200109
8844,32.18972100876272
8845,29.510349966585636
8846,42.901279870420694
8847,30.90086579322815
8848,31.584235839545727
8849,34.28231389261782
8850,30.43917682953179
8851,32.64124598354101
8852,30.053733149543405
8853,28.79535499960184
8854,33.058168133720756
8855,32.57884201593697
8856,32.077153911814094
8857,33.64700707606971
8858,33.37326901964843
8859,33.185417065396905
8860,30.32338502816856
8861,29.702017083764076
8862,38.75163686461747
8863,33.373248064890504
8864,29.566545970737934
8865,31.914639985188842
8866,32.54079585894942
8867,32.68488100729883
8868,38.45731797628105
8869,32.543799839913845
8870,29.817661037668586
8871,29.430722817778587
8872,30.359369004145265
8873,37.82176901586354
8874,33.36052899248898
8875,38.166443817317486
8876,32.470270060002804
8877,33.05308986455202
8878,35.36502202041447
8879,35.35861219279468
8880,31.062487978488207
8881,29.54791788943112
8882,31.085904920473695
8883,30.620590085163713
8884,34.20879598706961
8885,40.44870100915432
8886,30.45923006720841
8887,30.049917986616492
8888,34.30477995425463
8889,30.446340097114444
8890,28.659994015470147
8891,40.21952883340418
8892,32.708907034248114
8893,36.43676289357245
8894,38.691638968884945
8895,32.628857996314764
8896,30.579579062759876
8897,34.376877127215266
8898,41.308836080133915
8899,38.120945915579796
8900,31.071614008396864
8901,32.06864115782082
8902,31.096240039914846
8903,32.68346912227571
8904,29.787146020680666
8905,29.473597882315516
8906,34.145361045375466
8907,32.6655930839479
8908,30.55431111715734
8909,34.504268085584044
8910,38.59662706963718
8911,31.522206030786037
8912,32.18420618213713
8913,32.435850938782096
8914,33.045260002836585
8915,34.64830410666764
8916,31.768243992701173
8917,30.051131965592504
8918,34.87512283027172
8919,33.81204605102539
8920,33.336034044623375
8921,32.85592794418335
8922,29.866975964978337
8923,30.304308980703354
8924,33.46761083230376
8925,30.104340985417366
8926,29.676941921934485
8927,32.448420068249106
8928,30.547332018613815
8929,31.981022097170353
8930,30.60778183862567
8931,33.32836297340691
8932,30.31969303265214
8933,36.76078701391816
8934,35.51587904803455
8935,35.71590781211853
8936,29.38021905720234
8937,39.154701167717576
8938,33.07369304820895
8939,33.601801143959165
8940,34.34838610701263
8941,30.696033034473658
8942,32.92726492509246
8943,35.44008708558977
8944,34.79225002229214
8945,36.60116996616125
8946,36.9572218041867
8947,33.45428314059973
8948,33.770364010706544
8949,34.90829304791987
8950,38.80898607894778
8951,35.629230085760355
8952,33.576185116544366
8953,33.13222201541066
8954,29.799625976011157
8955,45.32825807109475
8956,36.39540309086442
8957,32.576162135228515
8958,35.89548706077039
8959,33.70022005401552
8960,34.156770911067724
8961,38.62522216513753
8962,31.243172008544207
8963,35.513626877218485
8964,34.52453087083995
8965,29.90083792246878
8966,33.145071007311344
8967,31.372203957289457
8968,31.272285152226686
8969,32.85101195797324
8970,31.171014066785574
8971,31.17587184533477
8972,33.583146054297686
8973,29.94227083399892
8974,33.59808796085417
8975,36.9975829962641
8976,33.193184062838554
8977,30.899920035153627
8978,39.7667670622468
8979,36.714601097628474
8980,34.155028872191906
8981,40.765819139778614
8982,32.21375192515552
8983,43.0315809790045
8984,31.38755797408521
8985,32.363104866817594
8986,39.21437286771834
8987,38.83293294347823
8988,36.792416824027896
8989,34.271873999387026
8990,32.82898012548685
8991,30.562996864318848
8992,36.61998989991844
8993,29.99133407138288
8994,29.87746288999915
8995,34.528967924416065
8996,35.397894913330674
8997,37.625701166689396
8998,33.71132677420974
8999,34.68206594698131
9000,31.09396994113922
9001,33.48754392936826
9002,29.94502615183592
9003,36.597026977688074
9004,36.16216802038252
9005,31.581658869981766
9006,30.521797016263008
9007,34.95194995775819
9008,46.225039986893535
9009,34.04311393387616
9010,37.64670412056148
9011,35.99263494834304
9012,43.403878109529614
9013,36.93332779221237
9014,36.112223053351045
9015,37.422277964651585
9016,33.0877979286015
9017,33.837917959317565
9018,34.54283997416496
9019,30.296870972961187
9020,31.240689801052213
9021,35.42299382388592
9022,35.53663310594857
9023,32.615012023597956
9024,33.419371815398335
9025,30.660724034532905
9026,34.071014961227775
9027,31.547137070447206
9028,29.736113036051393
9029,31.83435695245862
9030,30.03794513642788
9031,29.45209085009992
9032,29.98168091289699
9033,35.00736388377845
9034,33.15707203000784
9035,36.410358967259526
9036,34.577483078464866
9037,30.902515863999724
9038,31.760788056999445
9039,30.15155508182943
9040,32.94714912772179
9041,30.88088403455913
9042,31.34111105464399
9043,33.4411459043622
9044,41.14891309291124
9045,33.93721696920693
9046,32.90126007050276
9047,37.8744350746274
9048,37.89109014905989
9049,37.05472103320062
9050,35.79452005214989
9051,37.46810811571777
9052,40.962175000458956
9053,40.945070097222924
9054,32.45500405319035
9055,31.557914102450013
9056,34.02941511012614
9057,33.315267879515886
9058,33.14995183609426
9059,38.229505997151136
9060,39.4153359811753
9061,35.42101290076971
9062,41.17432306520641
9063,33.01623300649226
9064,32.71059691905975
9065,29.741254169493914
9066,29.874863103032112
9067,30.15197580680251
9068,34.448240883648396
9069,29.36265803873539
9070,29.322548070922494
9071,33.75527588650584
9072,29.597639106214046
9073,30.81877203658223
9074,35.087824799120426
9075,33.09808485209942
9076,29.690787894651294
9077,29.6398620121181
9078,29.248808044940233
9079,29.220957076177
9080,29.195047914981842
9081,31.83917491696775
9082,30.41672194376588
9083,38.309887051582336
9084,29.2315729893744
9085,30.408528866246343
9086,32.148888101801276
9087,32.744396943598986
9088,45.57029600255191
9089,34.98967015184462
9090,33.90088491141796
9091,30.277275014668703
9092,37.47340803965926
9093,33.84608309715986
9094,33.15923688933253
9095,38.364119129255414
9096,36.241848953068256
9097,32.05620986409485
9098,31.01979405619204
9099,30.89378518052399
9100,31.75140591338277
9101,32.029652036726475
9102,33.18855189718306
9103,35.743825836107135
9104,32.19732106663287
9105,30.303434003144503
9106,32.02263009734452
9107,35.73523391969502
9108,32.03144413419068
9109,33.115782076492906
9110,33.161000115796924
9111,32.18579408712685
9112,33.19440991617739
9113,44.44470698945224
9114,32.3321430478245
9115,30.16486600972712
9116,29.27398611791432
9117,28.705087956041098
9118,29.943716013804078
9119,32.14668692089617
9120,30.169243924319744
9121,35.69948091171682
9122,29.876647051423788
9123,31.289185862988234
9124,30.831652926281095
9125,30.447670025750995
9126,35.77994089573622
9127,47.898456221446395
9128,30.973894987255335
9129,32.26353111676872
9130,38.24780602008104
9131,36.3202691078186
9132,30.248272931203246
9133,29.662417946383357
9134,29.79253209196031
9135,30.6706540286541
9136,37.567801075056195
9137,34.276307094842196
9138,33.16314402036369
9139,37.11871989071369
9140,34.720028983429074
9141,30.538414837792516
9142,29.054460115730762
9143,34.83230713754892
9144,29.30990094318986
9145,29.34946003369987
9146,30.175133142620325
9147,33.83271396160126
9148,33.430523006245494
9149,30.196344945579767
9150,30.41885793209076
9151,31.211262103170156
9152,29.071235796436667
9153,29.581026872619987
9154,30.95351718366146
9155,40.112731978297234
9156,30.877523124217987
9157,36.3198290579021
9158,35.90661194175482
9159,37.33916091732681
9160,35.937929060310125
9161,34.86334392800927
9162,32.701997086405754
9163,34.177739871665835
9164,29.211044078692794
9165,31.097230967134237
9166,28.81813794374466
9167,33.29594410024583
9168,33.82201888598502
9169,31.361575005576015
9170,34.493141109123826
9171,33.24598981998861
9172,32.065967097878456
9173,35.739473067224026
9174,34.570676973089576
9175,30.326771084219217
9176,36.35166701860726
9177,39.958480978384614
9178,33.59445999376476
9179,40.01682996749878
9180,35.41741194203496
9181,31.927411910146475
9182,34.116630209609866
9183,33.400331158190966
9184,33.15704804845154
9185,29.673306038603187
9186,30.395654030144215
9187,32.41583099588752
9188,34.18296994641423
9189,34.167265985161066
9190,32.209152122959495
9191,36.01885098032653
9192,42.492525884881616
9193,34.699371084570885
9194,31.878418987616897
9195,33.32733199931681
9196,36.165449069812894
9197,30.632928013801575
9198,30.860499013215303
9199,32.37329702824354
9200,30.91126400977373
9201,34.05073191970587
9202,38.12117991037667
9203,38.0343699362129
9204,35.43046209961176
9205,32.464804127812386
9206,30.66673898138106
9207,34.3543051276356
9208,32.30452514253557
9209,35.15788586810231
9210,34.43975397385657
9211,32.47678303159773
9212,35.771412774920464
9213,31.53033903799951
9214,30.349216889590025
9215,37.57427493110299
9216,29.963169945403934
9217,30.767139978706837
9218,30.839927960187197
9219,32.89435710757971
9220,29.77285487577319
9221,30.892467126250267
9222,35.235652001574636
9223,38.11804694123566
9224,48.41917706653476
9225,39.554730989038944
9226,35.5039129499346
9227,34.39452592283487
9228,245.45605503953993
9229,32.82989980652928
9230,35.92577297240496
9231,39.59408006630838
9232,35.986133851110935
9233,31.199126970022917
9234,43.801103020086884
9235,42.261864989995956
9236,36.334533942863345
9237,31.932741869241
9238,37.06941218115389
9239,35.464635118842125
9240,38.49745402112603
9241,35.66282079555094
9242,36.81274806149304
9243,36.299322033300996
9244,38.23198797181249
9245,33.330237958580256
9246,37.55735093727708
9247,30.642143916338682
9248,34.98504986055195
9249,42.43804793804884
9250,30.469395918771625
9251,31.28274087794125
