batch_idx,latency_ms
0,3.641205024905503
1,4.74620598834008
2,4.126775078475475
3,4.020165069960058
4,4.330892930738628
5,3.809118061326444
6,4.261346999555826
7,4.194988054223359
8,4.18020598590374
9,4.749882034957409
10,4.761288990266621
11,4.723162041045725
12,4.865105031058192
13,5.356794921681285
14,5.6647880701348186
15,4.995131050236523
16,4.7828820534050465
17,5.000719917006791
18,4.834699910134077
19,5.522373015992343
20,4.357091966085136
21,4.816913045942783
22,4.842682043090463
23,4.520468064583838
24,4.0568000404164195
25,4.03499708045274
26,4.500887938775122
27,4.4872480211779475
28,4.054446937516332
29,3.5030479775741696
30,3.255716059356928
31,4.16713603772223
32,4.204101976938546
33,4.3926750076934695
34,4.1919739451259375
35,4.400887992233038
36,4.455439047887921
37,4.344643093645573
38,4.26961004268378
39,4.271653015166521
40,4.483060911297798
41,4.6417489647865295
42,4.614128032699227
43,4.224842065013945
44,4.290882032364607
45,4.26359090488404
46,3.7836390547454357
47,3.9513109950348735
48,3.589566913433373
49,4.097471013665199
50,4.326074966229498
51,3.964019939303398
52,4.450813052244484
53,3.7303889403119683
54,3.8796840235590935
55,4.1573920752853155
56,3.6992229288443923
57,3.9279561024159193
58,3.963419934734702
59,3.806713968515396
60,3.8579920073971152
61,4.709731903858483
62,4.341357038356364
63,4.483271040953696
64,4.0779419941827655
65,4.560618079267442
66,4.189349943771958
67,4.489951999858022
68,3.9977020351216197
69,4.433195921592414
70,3.869798965752125
71,4.320355947129428
72,4.045512992888689
73,4.023910034447908
74,4.6839629067108035
75,4.3930759420618415
76,4.580046981573105
77,4.256661050021648
78,4.232574021443725
79,4.356590914539993
80,3.5504589322954416
81,4.256430082023144
82,4.932597046718001
83,5.563837010413408
84,4.18319005984813
85,3.8663839222863317
86,3.6653809947893023
87,3.633021959103644
88,3.452642005868256
89,3.5633579827845097
90,3.4897580044344068
91,3.700054017826915
92,3.4929519752040505
93,4.090590984560549
94,3.6160679301247
95,3.397449036128819
96,3.3595620188862085
97,3.982317983172834
98,3.9898089598864317
99,3.9315519388765097
100,3.7441200111061335
101,4.210500977933407
102,4.1750279488042
103,4.208758939057589
104,3.879692987538874
105,4.354959004558623
106,4.331793985329568
107,4.505984950810671
108,4.175548092462122
109,4.172985092736781
110,3.951210994273424
111,4.925456014461815
112,4.521980066783726
113,3.8743061013519764
114,3.830539993941784
115,3.6952869268134236
116,3.8364179199561477
117,3.9909109473228455
118,3.7284670397639275
119,4.239895031787455
120,4.472244996577501
121,4.614158067852259
122,3.8054529577493668
123,3.891260945238173
124,3.3313989406451583
125,4.274597973562777
126,4.0023078909143806
127,4.0067549562081695
128,4.495540051721036
129,4.324072040617466
130,4.305534064769745
131,4.172054002992809
132,4.133686074055731
133,4.330532043240964
134,3.968146978877485
135,4.445425001904368
136,4.194968030788004
137,4.490752005949616
138,4.116710042580962
139,3.9106899639591575
140,4.036778933368623
141,3.6608640803024173
142,3.8904199609532952
143,4.011823097243905
144,3.5704689798876643
145,4.756742040626705
146,4.3546679662540555
147,4.376570926979184
148,3.976779989898205
149,3.587865037843585
150,4.017380997538567
151,4.149148939177394
152,4.057632060721517
153,3.5917710047215223
154,3.8049420109018683
155,4.1942569660022855
156,4.199474002234638
157,4.401999991387129
158,4.529549973085523
159,3.8568900199607015
160,3.873865003697574
161,4.208988975733519
162,3.7836600095033646
163,3.7929939571768045
164,4.164131009019911
165,3.800204023718834
166,3.7462329491972923
167,4.226865945383906
168,3.7855820264667273
169,3.33369302097708
170,3.7388120545074344
171,4.803673014976084
172,4.764073062688112
173,3.9385929703712463
174,3.787263995036483
175,4.018121981061995
176,3.8697890704497695
177,3.452572040259838
178,3.3004729775711894
179,3.861446981318295
180,3.821847029030323
181,3.6675939336419106
182,3.807174973189831
183,3.9522930746898055
184,5.3856490412727
185,4.754639929160476
186,4.33244404848665
187,3.989779041148722
188,4.292423953302205
189,3.997541032731533
190,3.3921010326594114
191,3.9164999034255743
192,3.7923119962215424
193,3.611541003920138
194,4.2690400732681155
195,3.4861330641433597
196,4.411682952195406
197,3.951451973989606
198,4.125603940337896
199,3.881797078065574
200,4.201247938908637
201,4.307347000576556
202,4.046524991281331
203,3.5730430390685797
204,3.8842910435050726
205,4.585294984281063
206,3.8208450423553586
207,3.729326999746263
208,3.837269963696599
209,3.692933009006083
210,3.1591199804097414
211,3.5476350458338857
212,4.072954063303769
213,3.267632913775742
214,3.8051819428801537
215,3.5545139107853174
216,3.685571951791644
217,3.525401931256056
218,3.9363689720630646
219,4.121697973459959
220,3.749387920834124
221,4.017642000690103
222,5.231125978752971
223,4.037630977109075
224,4.010921926237643
225,4.50009701307863
226,4.3611269211396575
227,4.803402000106871
228,4.054476972669363
229,4.0743069257587194
230,4.488278995268047
231,4.481708980165422
232,4.316170001402497
233,3.953504958190024
234,4.198643960990012
235,4.186634905636311
236,4.416611045598984
237,3.9497490506619215
238,4.153505084104836
239,4.259573994204402
240,3.7885369965806603
241,3.6918820114806294
242,4.217462032102048
243,3.771902061998844
244,3.8774500135332346
245,4.258192959241569
246,3.979964996688068
247,3.895277972333133
248,3.8737350841984153
249,3.754005068913102
250,3.3289860002696514
251,3.9185519563034177
252,3.8743659388273954
253,4.094496951438487
254,3.242425969801843
255,3.7153869634494185
256,3.2021349761635065
257,3.628765931352973
258,3.6694270092993975
259,3.9125230396166444
260,3.8901399821043015
261,3.9126829942688346
262,4.22309001442045
263,3.540232894010842
264,4.33345593046397
265,4.07224299851805
266,4.820419009774923
267,5.9613739140331745
268,4.215619061142206
269,5.254159914329648
270,4.474497982300818
271,4.847809090279043
272,4.1379519971087575
273,4.463182063773274
274,5.014750058762729
275,4.442258970811963
276,4.436081042513251
277,4.417913965880871
278,4.677894059568644
279,3.8187019526958466
280,3.8542449474334717
281,3.745662048459053
282,4.247596953064203
283,3.9795830380171537
284,4.154186928644776
285,3.9011359913274646
286,4.039184073917568
287,4.031591932289302
288,3.5758569138124585
289,4.002127912826836
290,4.0312319761142135
291,4.136579926125705
292,4.447637009434402
293,3.8964590057730675
294,3.5828179679811
295,3.728726995177567
296,3.9965700125321746
297,3.9960379945114255
298,3.8240599678829312
299,4.208427970297635
300,3.769728005863726
301,4.1270359652116895
302,3.581985947676003
303,3.8540149107575417
304,4.143049009144306
305,4.421598976477981
306,5.251866998150945
307,4.2981840670108795
308,3.743619075976312
309,4.020205000415444
310,3.4433180699124932
311,3.6402439000084996
312,3.8832189748063684
313,3.905892954207957
314,3.68314899969846
315,3.9389029843732715
316,4.316080012358725
317,3.9781909435987473
318,3.935997956432402
319,4.036579979583621
320,4.010639968328178
321,3.9798739599063993
322,4.0983520448207855
323,4.083179985173047
324,4.297893028706312
325,4.802311072126031
326,4.144371021538973
327,4.21642092987895
328,4.098633071407676
329,4.366175038740039
330,3.8513309555128217
331,4.2002770351246
332,4.1358290472999215
333,3.7655719788745046
334,4.2001159163191915
335,4.28932998329401
336,3.9736051112413406
337,3.792752977460623
338,3.982948954217136
339,3.6614349810406566
340,3.643058007583022
341,3.8766689831390977
342,4.045583074912429
343,3.69990395847708
344,3.770679933950305
345,3.7819459103047848
346,3.750469069927931
347,4.02454100549221
348,3.513684030622244
349,3.632933017797768
350,3.7188719725236297
351,3.738671075552702
352,3.8641300052404404
353,3.2647090265527368
354,4.300076048821211
355,3.826022963039577
356,4.060336039401591
357,3.622006974183023
358,3.9292180445045233
359,3.8069949951022863
360,3.430068027228117
361,3.536436939612031
362,4.144122009165585
363,4.085993976332247
364,4.068868001922965
365,4.011571989394724
366,3.9848220767453313
367,3.9651519618928432
368,4.331513075158
369,4.476961912587285
370,3.9050220511853695
371,3.792982897721231
372,3.846042905934155
373,3.9143660105764866
374,4.097160999663174
375,4.198423004709184
376,3.6746959667652845
377,3.3622850896790624
378,4.250450991094112
379,4.255007952451706
380,4.0026489878073335
381,3.817009972408414
382,3.860604949295521
383,4.056139965541661
384,3.836778923869133
385,4.364733002148569
386,3.772363066673279
387,3.9824179839342833
388,3.99879296310246
389,3.75874200835824
390,4.092534072697163
391,3.7978709442541003
392,4.193415981717408
393,4.07108198851347
394,3.9036200614646077
395,4.143591038882732
396,4.013025085441768
397,3.8044709945097566
398,3.881065989844501
399,4.190240986645222
400,4.247326985932887
401,3.937580971978605
402,3.8696189876645803
403,3.178679966367781
404,4.065152024850249
405,3.7660530069842935
406,3.8564790738746524
407,3.8245710311457515
408,3.889478975906968
409,3.7023770855739713
410,4.251733073033392
411,3.4845899790525436
412,3.9541060104966164
413,3.240101970732212
414,4.665044951252639
415,4.380475962534547
416,4.088116926141083
417,3.863679012283683
418,4.386374959722161
419,5.233068019151688
420,4.087826935574412
421,4.087866982445121
422,4.475059104152024
423,4.146404913626611
424,4.0510420221835375
425,3.487754031084478
426,4.09737101290375
427,4.192704916931689
428,3.9970698999240994
429,4.098853096365929
430,4.577902960591018
431,3.934195963665843
432,4.091672017239034
433,3.22320603299886
434,4.788941005244851
435,3.984851995483041
436,4.471964086405933
437,4.1525240521878
438,4.133336013182998
439,4.954630043357611
440,4.954169970005751
441,4.565334063954651
442,3.941355971619487
443,4.408889915794134
444,4.30208898615092
445,4.119404009543359
446,3.7309799809008837
447,4.757893970236182
448,3.840424004010856
449,4.515590029768646
450,4.047746071591973
451,4.231121973134577
452,4.57177497446537
453,4.054756951518357
454,3.744721063412726
455,4.148478037677705
456,4.0108810644596815
457,3.5748459631577134
458,3.900465089827776
459,3.739984007552266
460,3.9689879631623626
461,3.838172066025436
462,3.68462095502764
463,3.6216259468346834
464,4.609521012753248
465,4.131532972678542
466,3.7805039901286364
467,4.064521985128522
468,3.5387809621170163
469,4.018622916191816
470,3.157497034408152
471,3.691510995849967
472,4.007835988886654
473,3.728106035850942
474,3.8857629988342524
475,4.133154987357557
476,3.5318610025569797
477,3.9122130256146193
478,3.854115027934313
479,3.837430034764111
480,4.004220943897963
481,3.9089879719540477
482,3.940284950658679
483,4.266725038178265
484,3.8989830063655972
485,3.812422975897789
486,4.078923957422376
487,3.4357859985902905
488,3.622167045250535
489,4.124502069316804
490,4.142459016293287
491,3.7872149841859937
492,3.3326310804113746
493,4.054337041452527
494,3.481235005892813
495,3.9269040571525693
496,3.9888779865577817
497,3.702367073856294
498,3.7824580213055015
499,3.6961670266464353
500,3.656629007309675
501,3.8561379769816995
502,3.968676901422441
503,3.824791987426579
504,3.8302490720525384
505,4.293876932933927
506,4.411043017171323
507,3.981917048804462
508,3.9314120076596737
509,4.2534259846434
510,3.9121320005506277
511,3.5904189571738243
512,3.6888570757582784
513,3.890761057846248
514,4.640287021175027
515,4.104782943613827
516,4.050089977681637
517,3.415907034650445
518,3.9201549952849746
519,4.3397360714152455
520,3.9276559837162495
521,3.7443109322339296
522,3.815496922470629
523,4.736010916531086
524,4.522721050307155
525,3.7950370460748672
526,3.1842379830777645
527,3.9123529568314552
528,3.821787075139582
529,4.817132954485714
530,3.780575003474951
531,3.791822004131973
532,3.9720130153000355
533,4.208237980492413
534,3.852023044601083
535,4.025103058665991
536,4.01505792979151
537,3.5756659926846623
538,3.7488469388335943
539,4.294898011721671
540,3.9201639592647552
541,4.47921606246382
542,4.278854001313448
543,4.139904980547726
544,4.1896599577739835
545,4.321448039263487
546,4.086103988811374
547,4.194326000288129
548,5.374702042900026
549,4.877774976193905
550,4.434367059729993
551,4.049348994158208
552,4.0724140126258135
553,4.353236057795584
554,4.760858952067792
555,4.511022940278053
556,4.581048036925495
557,4.839758039452136
558,4.703202983364463
559,4.387488006614149
560,4.2405459098517895
561,5.517767043784261
562,4.16185799986124
563,4.029969917610288
564,4.067336092703044
565,4.204842960461974
566,4.110881011001766
567,4.36484394595027
568,4.8894420033320785
569,5.163775058463216
570,5.107529927045107
571,4.4979340163990855
572,4.18677506968379
573,4.403520957566798
574,3.6880560219287872
575,4.1167010786011815
576,3.437087987549603
577,4.042248008772731
578,3.3132220851257443
579,4.8038840759545565
580,4.756673006340861
581,3.9929839549586177
582,3.799043013714254
583,4.322079010307789
584,4.199804970994592
585,3.946874989196658
586,3.7393729435279965
587,3.71382397133857
588,4.037761013023555
589,3.7011950043961406
590,3.947785939089954
591,4.046775051392615
592,4.055558005347848
593,4.192844964563847
594,3.9669660618528724
595,4.2629699455574155
596,3.809837973676622
597,3.6691869609057903
598,4.176870919764042
599,3.627363941632211
600,3.7934540305286646
601,3.6095380783081055
602,5.02832094207406
603,4.957543918862939
604,4.669280955567956
605,3.975918982177973
606,4.724293015897274
607,4.336950951255858
608,4.672164912335575
609,4.102219012565911
610,4.3458250584080815
611,3.7737441016361117
612,3.9293189765885472
613,3.7541550118476152
614,3.9985929615795612
615,3.8218770641833544
616,3.853915026411414
617,4.534317995421588
618,4.594458965584636
619,3.9231489645317197
620,3.968948032706976
621,3.848977037705481
622,3.9174100384116173
623,3.7827480118721724
624,3.635275992564857
625,3.726772964000702
626,5.298316013067961
627,4.137050011195242
628,4.399545025080442
629,4.5000670943409204
630,4.760288051329553
631,4.579686908982694
632,4.706817911937833
633,4.593156045302749
634,4.542300011962652
635,3.95135092549026
636,4.311772994697094
637,3.7741749547421932
638,4.20267996378243
639,3.8964590057730675
640,4.075558972544968
641,3.811360918916762
642,3.496668068692088
643,3.8361380575224757
644,4.0162489749491215
645,4.083008971065283
646,4.458394018001854
647,4.012975026853383
648,4.14842797908932
649,4.314708057790995
650,5.130694946274161
651,5.384277086704969
652,4.458273993805051
653,3.850489971227944
654,3.8684469182044268
655,4.230901948176324
656,4.080274957232177
657,3.932383027859032
658,3.8101989775896072
659,3.622606978751719
660,4.067927016876638
661,4.115357995033264
662,4.116139025427401
663,4.022799083031714
664,4.053906071931124
665,3.663007984869182
666,4.006544942967594
667,3.754967008717358
668,3.673614002764225
669,3.7497880402952433
670,4.055397934280336
671,3.65124992094934
672,3.5344139905646443
673,3.71266296133399
674,3.631511004641652
675,3.668115008622408
676,3.6546660121530294
677,3.595696995034814
678,3.58969799708575
679,3.5732139367610216
680,3.45634703990072
681,3.8993930211290717
682,4.013305064290762
683,4.035457968711853
684,4.489690996706486
685,4.059965023770928
686,3.7725919391959906
687,4.496601060964167
688,4.240275942720473
689,3.5939239896833897
690,3.9415369974449277
691,3.7281960248947144
692,4.209730075672269
693,4.328439012169838
694,3.9357279893010855
695,4.565373994410038
696,4.308477975428104
697,4.143381025642157
698,3.6825869465246797
699,3.9476060774177313
700,3.8430290296673775
701,3.60101496335119
702,3.9492989890277386
703,3.279049997217953
704,4.010750912129879
705,3.6918309051543474
706,3.8004950620234013
707,3.2290349481627345
708,3.4486460499465466
709,3.3916099928319454
710,3.05684597697109
711,3.503027022816241
712,3.3941740402951837
713,4.225975018925965
714,3.8790229009464383
715,3.5372889833524823
716,3.366462071426213
717,3.343458054587245
718,3.2425059471279383
719,3.1106179812923074
720,3.034622990526259
721,4.295689985156059
722,3.802587976679206
723,3.4936629235744476
724,3.819504054263234
725,3.5148049937561154
726,3.628876991569996
727,3.4156260080635548
728,3.7768790498375893
729,3.7206640699878335
730,3.4639480290934443
731,3.661384922452271
732,3.7603150121867657
733,3.6566180642694235
734,3.6753170425072312
735,3.8121319375932217
736,3.7652120226994157
737,3.3672829158604145
738,3.758081002160907
739,3.8487479323521256
740,3.449687035754323
741,3.543006954714656
742,3.6091069923713803
743,3.4787909826263785
744,3.641134942881763
745,3.60217597335577
746,3.8130140164867043
747,3.479482023976743
748,3.6662230268120766
749,3.8587619783356786
750,3.4583000233396888
751,3.583598998375237
752,3.699513035826385
753,3.8315210258588195
754,3.4342239378020167
755,3.984973067417741
756,3.7604350363835692
757,3.8717809366062284
758,4.1254430543631315
759,3.518240060657263
760,3.713594051077962
761,5.272637936286628
762,3.901165910065174
763,3.711070050485432
764,4.702631966210902
765,4.304061993025243
766,4.266445990651846
767,3.5493570612743497
768,4.100145073607564
769,5.0062170485034585
770,4.492304986342788
771,4.068888025358319
772,4.037300939671695
773,3.8085669511929154
774,3.6174500128254294
775,3.7755969678983092
776,3.9037299575284123
777,4.017630941234529
778,3.863378893584013
779,3.985112067312002
780,3.8280959706753492
781,4.519216017797589
782,3.950340091250837
783,4.086715052835643
784,4.162688972428441
785,3.3918400295078754
786,4.097742028534412
787,4.017389961518347
788,4.264962975867093
789,4.021867993287742
790,4.2348080314695835
791,3.9384630508720875
792,4.305884009227157
793,3.916047979146242
794,3.774865996092558
795,3.858812036924064
796,3.94932902418077
797,3.565020044334233
798,3.783119027502835
799,3.7406039191409945
800,3.7064040079712868
801,3.7122920621186495
802,3.433943958953023
803,3.4259610110893846
804,3.8938350044190884
805,3.7035089917480946
806,3.3179890597239137
807,3.8075560005381703
808,3.7373899249359965
809,3.922356991097331
810,3.9909910410642624
811,4.112924099899828
812,4.2144679464399815
813,3.9903699653223157
814,3.9539060089737177
815,4.10767609719187
816,4.554609069600701
817,3.874987014569342
818,4.147517029196024
819,4.526065080426633
820,3.9710719138383865
821,4.051171010360122
822,4.679646925069392
823,4.163631005212665
824,3.7080160109326243
825,3.506671986542642
826,4.030429990962148
827,3.7485070060938597
828,3.3962070010602474
829,3.2433769665658474
830,3.967525903135538
831,3.5454919561743736
832,5.049693980254233
833,4.394227056764066
834,3.9662140188738704
835,4.167406004853547
836,3.919292939826846
837,4.103590967133641
838,3.8229379570111632
839,3.964911913499236
840,3.5896069603040814
841,3.646822995506227
842,4.282289068214595
843,4.403442027978599
844,4.047886934131384
845,4.362119012512267
846,4.374557989649475
847,4.2272660648450255
848,4.040514933876693
849,4.883203073404729
850,4.376191063784063
851,3.8389929104596376
852,3.317718976177275
853,4.262428963556886
854,3.8104300620034337
855,3.7995140301063657
856,3.5325309727340937
857,3.6041400162503123
858,3.5037490306422114
859,4.183970973826945
860,4.127496969886124
861,3.506423090584576
862,3.388265031389892
863,3.6451020278036594
864,3.731570905074477
865,4.7717849956825376
866,4.018031992018223
867,3.840374993160367
868,3.7430889206007123
869,4.06396109610796
870,3.715957049280405
871,3.679492976516485
872,3.963910974562168
873,3.4898279700428247
874,3.572842921130359
875,3.5214750096201897
876,3.4151748986914754
877,3.299941890873015
878,4.230850958265364
879,3.8655929965898395
880,4.189639934338629
881,3.813755000010133
882,3.2526409486308694
883,3.2284450717270374
884,3.5772291012108326
885,3.8584419526159763
886,3.794975928030908
887,3.710899967700243
888,3.612851956859231
889,3.9652130799368024
890,3.5220959689468145
891,3.915647976100445
892,3.5718309227377176
893,4.037030041217804
894,4.465253907255828
895,4.097320954315364
896,3.9890179177746177
897,5.109692923724651
898,3.7733539938926697
899,3.994907019659877
900,3.8685270119458437
901,3.5036690533161163
902,3.4618659410625696
903,3.494534990750253
904,3.9793539326637983
905,4.052923992276192
906,3.3739630598574877
907,4.027355927973986
908,3.701595007441938
909,3.57985298614949
910,3.6855919752269983
911,3.531309892423451
912,3.4782199654728174
913,3.5743149928748608
914,3.5546249710023403
915,3.660314017906785
916,3.254894050769508
917,3.5787610104307532
918,3.9700400084257126
919,3.8707400672137737
920,3.7365490570664406
921,4.322709981352091
922,3.9717829786241055
923,3.961335984058678
924,3.987396019510925
925,4.218833986669779
926,3.807874978519976
927,3.706414019688964
928,4.050791030749679
929,3.6484369775280356
930,3.6988609936088324
931,3.3648599637672305
932,3.7172100273892283
933,4.018152016215026
934,3.7192419404163957
935,3.865862963721156
936,4.037511069327593
937,3.622377058491111
938,3.1460910104215145
939,3.2687151106074452
940,3.6684960359707475
941,3.2261109445244074
942,4.195548011921346
943,3.1594110187143087
944,3.785272012464702
945,3.9467739406973124
946,3.758251084946096
947,3.4696770599111915
948,3.8690780056640506
949,3.951121005229652
950,3.1609630677849054
951,3.626352990977466
952,3.6964489845559
953,3.1404829351231456
954,3.808135981671512
955,3.425700939260423
956,4.008486983366311
957,3.794666030444205
958,3.8684559985995293
959,3.2558060484007
960,3.6359879886731505
961,3.7037390284240246
962,3.6767589626833797
963,3.9484770968556404
964,3.616807982325554
965,4.088437999598682
966,4.000255023129284
967,4.519655951298773
968,4.820227972231805
969,5.2300740499049425
970,4.49201394803822
971,3.7874560803174973
972,4.240546957589686
973,4.277601954527199
974,4.0732050547376275
975,4.837533924728632
976,5.1247050287202
977,5.867683095857501
978,4.16687608230859
979,4.442780977115035
980,4.459265968762338
981,4.034777055494487
982,3.8930539740249515
983,4.003269947133958
984,3.85879201348871
985,3.9740559877827764
986,4.129018052481115
987,3.7625880213454366
988,3.8288170471787453
989,3.6655820440500975
990,3.5743849584832788
991,3.933775005862117
992,3.5330229438841343
993,4.094066098332405
994,3.6944160237908363
995,3.625622019171715
996,3.9041299605742097
997,3.4870640374720097
998,3.682626993395388
999,3.857641015201807
1000,3.9426590083166957
1001,3.6790919257327914
1002,4.187286947853863
1003,3.8806850789114833
1004,4.021917004138231
1005,3.717139014042914
1006,3.4350049681961536
1007,3.6575699923560023
1008,4.071141011081636
1009,4.7789959935471416
1010,3.8739748997613788
1011,3.768466063775122
1012,3.6469539627432823
1013,4.265333991497755
1014,4.196280031464994
1015,3.6852919729426503
1016,3.7365980679169297
1017,3.7699680542573333
1018,3.8505899719893932
1019,3.5232980735599995
1020,3.5844799131155014
1021,3.3576689893379807
1022,3.579712938517332
1023,3.902898053638637
1024,3.7049909587949514
1025,3.889768966473639
1026,3.8906210102140903
1027,3.596278023906052
1028,3.6895779194310308
1029,3.862868994474411
1030,3.7087369710206985
1031,3.7594930035993457
1032,3.1927210511639714
1033,3.864330006763339
1034,3.8199230330064893
1035,3.757230006158352
1036,3.6916809622198343
1037,3.8938448997214437
1038,3.9495989913120866
1039,3.641134942881763
1040,3.217417048290372
1041,3.1047880183905363
1042,3.6563280737027526
1043,3.815036965534091
1044,3.5811749985441566
1045,3.8299489533528686
1046,3.4967780811712146
1047,4.121207050047815
1048,3.670428995974362
1049,3.8307299837470055
1050,4.113856004551053
1051,4.535190062597394
1052,4.6202680096030235
1053,4.474918940104544
1054,4.243962001055479
1055,4.689582041464746
1056,4.533756989985704
1057,4.212353960610926
1058,4.260545945726335
1059,4.1423189686611295
1060,4.144632024690509
1061,4.186706035397947
1062,3.9678559405729175
1063,3.69371403940022
1064,3.1111190328374505
1065,4.156689974479377
1066,3.8050110451877117
1067,3.6790319718420506
1068,3.8160079857334495
1069,3.468145034275949
1070,3.2087439903989434
1071,3.5590020706877112
1072,3.8578410167247057
1073,3.6947859916836023
1074,3.4446290228515863
1075,3.2491249730810523
1076,3.9392929757013917
1077,3.876048023812473
1078,3.55546607170254
1079,3.5481550730764866
1080,3.810599911957979
1081,3.799824044108391
1082,3.484148997813463
1083,3.89623804949224
1084,3.386512049473822
1085,3.5695580299943686
1086,3.4940929617732763
1087,3.4840089501813054
1088,3.470198018476367
1089,3.8533949991688132
1090,3.812802955508232
1091,3.624209901317954
1092,3.7969399709254503
1093,3.5778700839728117
1094,3.5013749729841948
1095,3.2690149964764714
1096,3.621947020292282
1097,4.355660057626665
1098,3.1439769081771374
1099,4.782591946423054
1100,5.29604300390929
1101,4.290540935471654
1102,4.197741975076497
1103,4.598243976943195
1104,4.501678980886936
1105,4.7501529334113
1106,3.823669976554811
1107,3.704020055010915
1108,3.788426984101534
1109,3.992002923041582
1110,3.5740240709856153
1111,3.842588048428297
1112,3.890671068802476
1113,4.19837306253612
1114,3.564739949069917
1115,3.7397630512714386
1116,3.4796330146491528
1117,3.3936529653146863
1118,3.534303978085518
1119,3.7172790616750717
1120,3.9983929600566626
1121,3.852823982015252
1122,3.85517708491534
1123,4.454036941751838
1124,3.9743969682604074
1125,3.7663939874619246
1126,3.7489080568775535
1127,4.131622961722314
1128,3.369646961800754
1129,3.8864240050315857
1130,4.289239994250238
1131,4.09056106582284
1132,3.8138150703161955
1133,3.3467620378360152
1134,3.4216849599033594
1135,4.124753060750663
1136,3.302446100860834
1137,3.792211995460093
1138,4.046214045956731
1139,4.594358964823186
1140,4.160786047577858
1141,3.5102689871564507
1142,3.461404936388135
1143,3.6721209762617946
1144,3.5242990124970675
1145,3.653082996606827
1146,4.04433102812618
1147,3.906554076820612
1148,4.289670963771641
1149,4.571804078295827
1150,4.487146972678602
1151,4.0364289889112115
1152,4.1933259926736355
1153,4.226885037496686
1154,4.3152079451829195
1155,4.181188065558672
1156,3.796548000536859
1157,3.6337639903649688
1158,3.8252630038186908
1159,4.0174099849537015
1160,4.013646044768393
1161,3.794344956986606
1162,3.951302031055093
1163,3.7791531067341566
1164,4.342700005508959
1165,4.451132961548865
1166,4.293565987609327
1167,4.441578988917172
1168,4.221898037940264
1169,3.88613308314234
1170,4.200446070171893
1171,5.097063956782222
1172,4.2334559839218855
1173,3.8353069685399532
1174,4.086454981006682
1175,4.525725031271577
1176,4.129929933696985
1177,4.112714086659253
1178,4.164291894994676
1179,4.127746913582087
1180,4.016229067929089
1181,4.049899987876415
1182,3.8465230027213693
1183,5.2310359897091985
1184,4.5115340035408735
1185,3.9841110119596124
1186,5.100189009681344
1187,4.481259034946561
1188,4.750092979520559
1189,4.927429021336138
1190,4.301227978430688
1191,4.515459993854165
1192,4.34231897816062
1193,4.768229904584587
1194,4.5138479908928275
1195,3.9373800391331315
1196,5.559458979405463
1197,4.445423954166472
1198,4.686036030761898
1199,5.38408593274653
1200,5.241601029410958
1201,4.817925044335425
1202,5.173289100639522
1203,4.088707966729999
1204,4.611955024302006
1205,4.193986998870969
1206,3.8133440539240837
1207,4.25752205774188
1208,4.106173990294337
1209,3.711631055921316
1210,4.212104016914964
1211,4.504803917370737
1212,4.345744964666665
1213,4.082959960214794
1214,4.130490939132869
1215,4.2761999648064375
1216,4.26695600617677
1217,4.52526391018182
1218,4.09438693895936
1219,4.517863038927317
1220,4.311403026804328
1221,4.418303957208991
1222,4.141065990552306
1223,4.482479998841882
1224,4.315359052270651
1225,4.567238036543131
1226,4.878705949522555
1227,4.919047001749277
1228,4.888670984655619
1229,4.903743974864483
1230,4.891796037554741
1231,4.1704109171405435
1232,4.744754056446254
1233,4.451162996701896
1234,4.751795902848244
1235,4.936962970532477
1236,4.111713031306863
1237,4.847248084843159
1238,5.184035981073976
1239,4.709752043709159
1240,4.393927054479718
1241,4.714209004305303
1242,4.70405409578234
1243,4.195599001832306
1244,4.379045101813972
1245,3.8991229375824332
1246,5.319458898156881
1247,4.986627958714962
1248,4.27059200592339
1249,4.023549961857498
1250,4.112032940611243
1251,5.573450936935842
1252,3.8253519451245666
1253,3.786994027905166
1254,4.092062939889729
1255,5.127400043420494
1256,4.974370007403195
1257,4.683792940340936
1258,5.181591026484966
1259,3.616828005760908
1260,4.364633001387119
1261,4.050179966725409
1262,4.656902048736811
1263,4.484242992475629
1264,4.140745964832604
1265,4.696451942436397
1266,6.0987400356680155
1267,4.130159970372915
1268,3.841426922008395
1269,4.718485055491328
1270,4.703001002781093
1271,4.659926984459162
1272,5.265027051791549
1273,5.649033933877945
1274,4.464523051865399
1275,4.426897037774324
1276,4.879036103375256
1277,4.129991051740944
1278,3.9455119986087084
1279,3.939162939786911
1280,4.112203023396432
1281,4.312954959459603
1282,4.46703692432493
1283,4.062699037604034
1284,4.793207044713199
1285,4.230360966175795
1286,4.325513960793614
1287,4.143861006014049
1288,4.487847909331322
1289,4.19144204352051
1290,4.2574419640004635
1291,4.477203008718789
1292,4.315347992815077
1293,4.2326850816607475
1294,4.351602983660996
1295,5.039648036472499
1296,4.933026968501508
1297,4.09791199490428
1298,4.015989019535482
1299,5.246218992397189
1300,6.085450993850827
1301,4.688760032877326
1302,4.767519072629511
1303,4.581548972055316
1304,4.550551995635033
1305,4.845827003009617
1306,4.277250962331891
1307,4.557762993499637
1308,4.978024982847273
1309,4.578365013003349
1310,3.9890180341899395
1311,4.484153003431857
1312,4.34404204133898
1313,4.546816926449537
1314,3.4757660469040275
1315,4.847198957577348
1316,4.266665084287524
1317,4.320496926084161
1318,4.51794289983809
1319,4.246365046128631
1320,4.488209029659629
1321,4.009088035672903
1322,3.7939250469207764
1323,3.807926084846258
1324,3.923489013686776
1325,3.9223480271175504
1326,3.8163691060617566
1327,3.5746749490499496
1328,4.432896035723388
1329,4.858475993387401
1330,4.3604770908132195
1331,4.552365047857165
1332,4.198903916403651
1333,4.1631999192759395
1334,4.84115001745522
1335,4.4670370407402515
1336,4.065233049914241
1337,3.9002839475870132
1338,3.999524051323533
1339,4.433727008290589
1340,5.265417974442244
1341,6.08523003757
1342,4.836471984162927
1343,4.105572937987745
1344,5.297705996781588
1345,4.844674956984818
1346,5.476615042425692
1347,4.998555989004672
1348,4.620226914994419
1349,3.660604008473456
1350,4.4066369300708175
1351,4.192003980278969
1352,4.502109019085765
1353,4.538894980214536
1354,4.241037066094577
1355,5.414842977188528
1356,4.89367893896997
1357,4.5311140129342675
1358,4.757483955472708
1359,4.592244978994131
1360,4.3093099957332015
1361,4.7247749753296375
1362,4.653217038139701
1363,4.247937933541834
1364,4.048107075504959
1365,5.093569052405655
1366,4.8472590278834105
1367,4.9757519736886024
1368,4.81266702990979
1369,4.663152038119733
1370,4.470011102966964
1371,4.862862057052553
1372,4.50934108812362
1373,5.160861066542566
1374,5.321310949511826
1375,4.940259037539363
1376,4.988530999980867
1377,4.951364942826331
1378,5.302642937749624
1379,4.702090984210372
1380,4.91331797093153
1381,4.547909018583596
1382,4.494197899475694
1383,4.855721956118941
1384,4.961840924806893
1385,4.550852929241955
1386,4.593446967191994
1387,4.299615044146776
1388,4.368397989310324
1389,3.70717397890985
1390,4.312103963457048
1391,4.138874006457627
1392,4.164141020737588
1393,3.8681660080328584
1394,4.434127942658961
1395,4.334757919423282
1396,4.838255001232028
1397,4.704213934019208
1398,4.1491290321573615
1399,4.0612369775772095
1400,3.9969399804249406
1401,4.148156964220107
1402,4.889982985332608
1403,4.465785110369325
1404,3.7630379665642977
1405,3.6948759807273746
1406,4.550573066808283
1407,4.559715976938605
1408,4.091993090696633
1409,6.860745954327285
1410,4.773307009600103
1411,4.393756971694529
1412,3.991100937128067
1413,4.136519972234964
1414,4.500197013840079
1415,4.033064004033804
1416,4.028207971714437
1417,4.710473003797233
1418,4.8413899494335055
1419,4.63253608904779
1420,5.032496992498636
1421,4.685516003519297
1422,4.668659996241331
1423,4.181477939710021
1424,4.696771968156099
1425,4.33105300180614
1426,5.295202019624412
1427,6.206923048011959
1428,5.032307002693415
1429,4.822732065804303
1430,4.771634936332703
1431,7.096411078236997
1432,4.631443996913731
1433,4.606486996635795
1434,4.2130149668082595
1435,3.834625007584691
1436,4.461859003640711
1437,4.8616708954796195
1438,6.025440990924835
1439,4.657582961954176
1440,4.513976979069412
1441,4.152073059231043
1442,3.860895987600088
1443,3.5637880209833384
1444,3.895085887052119
1445,4.747258964926004
1446,4.28466300945729
1447,3.9625680074095726
1448,3.9885869482532144
1449,3.709847922436893
1450,3.366562072187662
1451,3.8856230676174164
1452,4.093406023457646
1453,3.661155002191663
1454,3.869968932121992
1455,3.5815449664369226
1456,5.106067983433604
1457,4.032292985357344
1458,4.1595150250941515
1459,5.229804082773626
1460,4.4562609400600195
1461,4.469360923394561
1462,4.341258085332811
1463,4.526316071860492
1464,3.564059967175126
1465,4.562110058031976
1466,4.295728984288871
1467,4.201256902888417
1468,4.204020951874554
1469,4.39159304369241
1470,4.574057995341718
1471,4.239343921653926
1472,4.032824072055519
1473,3.3642479684203863
1474,4.2595339473336935
1475,4.4669469352811575
1476,3.7249509477987885
1477,3.7375499960035086
1478,4.919297061860561
1479,4.845365998335183
1480,3.887917031534016
1481,3.9433599449694157
1482,3.8065940607339144
1483,4.543612012639642
1484,4.421077901497483
1485,4.904375062324107
1486,4.159455071203411
1487,4.17605007532984
1488,4.866837989538908
1489,4.199814982712269
1490,4.012243007309735
1491,3.7366689648479223
1492,3.563157981261611
1493,5.0980260130018
1494,4.955751937814057
1495,4.604803980328143
1496,4.152773995883763
1497,3.462216001935303
1498,3.9500290295109153
1499,3.6613260162994266
1500,3.863109042868018
1501,4.956934018991888
1502,4.849922959692776
1503,4.686938016675413
1504,4.203479969874024
1505,3.8138249656185508
1506,3.551639965735376
1507,3.602217067964375
1508,4.083871026523411
1509,4.0946470107883215
1510,3.807515953667462
1511,3.4956769086420536
1512,3.6155370762571692
1513,3.381825052201748
1514,3.8029879797250032
1515,3.6752059822902083
1516,3.6647809902206063
1517,4.198753973469138
1518,4.555860999971628
1519,4.40466299187392
1520,5.038507049903274
1521,5.197184043936431
1522,5.842774990014732
1523,4.6785949962213635
1524,5.25740603916347
1525,5.25843701325357
1526,4.486607038415968
1527,4.932046984322369
1528,7.3770430171862245
1529,5.476785008795559
1530,4.9477299908176064
1531,4.385575070045888
1532,4.237451939843595
1533,4.501399002037942
1534,4.760959069244564
1535,4.157020943239331
1536,3.978763008490205
1537,4.010319942608476
1538,3.2878939528018236
1539,3.6345249973237514
1540,4.3714429484680295
1541,4.123489954508841
1542,4.727890016511083
1543,3.971711965277791
1544,4.207115969620645
1545,4.5663859928026795
1546,3.687193966470659
1547,4.576481063850224
1548,5.542394006624818
1549,4.9413100350648165
1550,4.872306017205119
1551,4.1710620280355215
1552,3.911732113920152
1553,3.36029299069196
1554,4.629050032235682
1555,4.599325940944254
1556,5.274972063489258
1557,4.390561953186989
1558,4.284141003154218
1559,4.3282079277560115
1560,4.462099983356893
1561,4.639577004127204
1562,4.078653058968484
1563,5.173348938114941
1564,6.301626097410917
1565,4.026514012366533
1566,4.238363937474787
1567,3.825963009148836
1568,3.719191998243332
1569,3.5654009552672505
1570,4.4888799311593175
1571,3.941996954381466
1572,3.763308981433511
1573,3.9780419319868088
1574,4.211412975564599
1575,4.325023968704045
1576,4.600386950187385
1577,4.260296002030373
1578,4.52790898270905
1579,5.351928062736988
1580,4.009979078546166
1581,4.05907304957509
1582,4.710413049906492
1583,4.757673945277929
1584,4.329049959778786
1585,3.9762089727446437
1586,4.429901018738747
1587,4.1935950284823775
1588,4.010380012914538
1589,4.295479040592909
1590,4.734529065899551
1591,4.661188926547766
1592,4.801210016012192
1593,4.009579075500369
1594,4.390251939184964
1595,3.8784819189459085
1596,4.081627004779875
1597,3.766734036616981
1598,3.593403031118214
1599,4.244712996296585
1600,3.6194820422679186
1601,3.653093008324504
1602,3.793964977376163
1603,3.4865130437538028
1604,3.9155679987743497
1605,3.511589951813221
1606,3.5309999948367476
1607,4.196139983832836
1608,4.495130036957562
1609,3.9641510229557753
1610,4.04167699161917
1611,3.8881070213392377
1612,3.541154903359711
1613,4.808830912224948
1614,3.9931340143084526
1615,4.448108025826514
1616,4.0189329301938415
1617,4.170291009359062
1618,3.9303499506786466
1619,3.793864045292139
1620,3.7978210020810366
1621,3.731110948137939
1622,3.9629299426451325
1623,3.8116510258987546
1624,4.105713916942477
1625,3.819292993284762
1626,4.17352607473731
1627,3.9799039950594306
1628,3.690860001370311
1629,3.7422069581225514
1630,3.7430579541251063
1631,3.538140910677612
1632,3.9331240113824606
1633,3.868187079206109
1634,3.6176900612190366
1635,3.6072039511054754
1636,3.612230997532606
1637,4.194388049654663
1638,4.0710619650781155
1639,4.079233971424401
1640,3.8359579630196095
1641,3.799033001996577
1642,3.8416660390794277
1643,4.56337200012058
1644,4.273245926015079
1645,3.6802629474550486
1646,3.9070650236681104
1647,3.875778056681156
1648,4.71414893399924
1649,4.463201039470732
1650,3.7773100193589926
1651,4.169349907897413
1652,3.6002929555252194
1653,4.002067958936095
1654,3.3739430364221334
1655,3.765873028896749
1656,4.011893062852323
1657,5.467762006446719
1658,4.35468798968941
1659,4.260325920768082
1660,3.6884070141240954
1661,3.82524193264544
1662,3.4987219842150807
1663,3.957250970415771
1664,3.9987530326470733
1665,3.4407530911266804
1666,3.993676044046879
1667,3.916159039363265
1668,4.011061042547226
1669,3.514143987558782
1670,3.3538530115038157
1671,3.692302037961781
1672,3.42539104167372
1673,3.9223780622705817
1674,3.504820982925594
1675,3.7998129846528172
1676,3.5130829783156514
1677,3.5143350251019
1678,4.036108963191509
1679,3.741064923815429
1680,3.417478990741074
1681,3.332179971039295
1682,3.6808049771934748
1683,3.1170269940048456
1684,4.117871983908117
1685,3.6995630944147706
1686,3.584199002943933
1687,3.95562790799886
1688,3.718902007676661
1689,3.9814170449972153
1690,3.933074069209397
1691,3.176045953296125
1692,4.253135994076729
1693,3.452231059782207
1694,3.8633489748463035
1695,3.507204004563391
1696,3.5063120303675532
1697,3.52572207339108
1698,3.4472839906811714
1699,4.062999971210957
1700,3.9106010226532817
1701,3.8145260186865926
1702,3.399541019462049
1703,3.617720096372068
1704,3.980585024692118
1705,3.309316001832485
1706,3.285821061581373
1707,3.522295970469713
1708,4.336680984124541
1709,3.339712042361498
1710,3.923409036360681
1711,4.290891927666962
1712,3.9369200821965933
1713,3.8542960537597537
1714,4.2291589779779315
1715,3.903399920091033
1716,3.686913987621665
1717,3.7646909477189183
1718,3.7742150016129017
1719,4.767297999933362
1720,3.8754279958084226
1721,3.692852915264666
1722,3.6325330147519708
1723,4.241939052008092
1724,4.023130051791668
1725,3.4078439930453897
1726,3.8584620924666524
1727,3.6029870389029384
1728,3.854306065477431
1729,4.3917830334976315
1730,3.859143005684018
1731,3.827044041827321
1732,3.2693560933694243
1733,3.1972579890862107
1734,3.612692002207041
1735,3.2454499742016196
1736,3.7639799993485212
1737,3.8078350480645895
1738,4.591965000145137
1739,4.118102020584047
1740,3.42305691447109
1741,3.8261340232566
1742,3.811461036093533
1743,3.586102044209838
1744,3.7040190072730184
1745,4.02469199616462
1746,3.720112959854305
1747,3.35869996342808
1748,3.686873009428382
1749,3.630249062553048
1750,3.9974909741431475
1751,4.6702229883521795
1752,3.9071550127118826
1753,4.115007002837956
1754,3.7174889585003257
1755,3.8042410742491484
1756,3.5795720759779215
1757,3.9918828988447785
1758,3.6161880707368255
1759,3.5282860044389963
1760,3.767626010812819
1761,3.727064933627844
1762,3.371939994394779
1763,3.5948350559920073
1764,3.6202940391376615
1765,3.7056319415569305
1766,3.803940024226904
1767,3.688646014779806
1768,3.7264239508658648
1769,3.716708975844085
1770,3.6814259365200996
1771,3.645100980065763
1772,4.051813040859997
1773,3.7722219713032246
1774,3.8025379180908203
1775,3.7771289935335517
1776,3.8445809623226523
1777,4.474047105759382
1778,4.340065992437303
1779,4.083849955350161
1780,3.4935129806399345
1781,3.733273013494909
1782,3.3236469607800245
1783,3.3136019483208656
1784,3.9612770779058337
1785,3.6944450112059712
1786,3.7609150167554617
1787,3.9944759337231517
1788,5.037363967858255
1789,4.401108017191291
1790,3.9069049526005983
1791,4.117871983908117
1792,4.323220928199589
1793,4.541628994047642
1794,4.842471913434565
1795,4.4074669713154435
1796,4.881480010226369
1797,4.0397950215265155
1798,4.183020093478262
1799,5.002261023037136
1800,4.141026991419494
1801,3.80524096544832
1802,4.062387975864112
1803,3.7556770257651806
1804,3.854616079479456
1805,4.415508941747248
1806,3.858412033878267
1807,3.8511109305545688
1808,3.1464609783142805
1809,3.6661230260506272
1810,3.6238699685782194
1811,4.406425985507667
1812,4.059243015944958
1813,4.111501970328391
1814,3.746642963960767
1815,3.606553073041141
1816,3.396186977624893
1817,4.01299400255084
1818,4.815561114810407
1819,3.795927972532809
1820,4.756993032060564
1821,5.230064038187265
1822,5.243806052021682
1823,4.983864026144147
1824,4.4777930015698075
1825,4.181338008493185
1826,4.08719596453011
1827,3.6154770059511065
1828,3.735346021130681
1829,4.124472034163773
1830,4.393255920149386
1831,3.7319810362532735
1832,4.056861042045057
1833,3.58673301525414
1834,4.160156007856131
1835,3.9320930372923613
1836,4.266274976544082
1837,3.504510037600994
1838,4.575120052322745
1839,5.067800055257976
1840,3.7674149498343468
1841,4.7296719858422875
1842,4.687057924456894
1843,5.041159922257066
1844,4.811655031517148
1845,3.9276060415431857
1846,4.534968989901245
1847,4.30729694198817
1848,4.612324992194772
1849,3.713032929226756
1850,3.6939249839633703
1851,4.877835046499968
1852,4.568379023112357
1853,4.238463006913662
1854,3.9899289840832353
1855,4.152653971686959
1856,4.066624911502004
1857,3.9882969576865435
1858,3.986795083619654
1859,4.406746011227369
1860,4.503150936216116
1861,4.141025943681598
1862,4.096079035662115
1863,5.054158973507583
1864,4.192324005998671
1865,4.452313994988799
1866,3.619432100094855
1867,3.26217501424253
1868,4.887248971499503
1869,4.532616003416479
1870,4.392954986542463
1871,3.425321076065302
1872,3.7371600046753883
1873,4.3580030323937535
1874,3.993795020505786
1875,3.527935012243688
1876,3.9429679745808244
1877,4.046665038913488
1878,3.9446409791707993
1879,3.592372057028115
1880,3.6361870588734746
1881,4.5418699737638235
1882,4.021786968223751
1883,3.7339450791478157
1884,3.786063054576516
1885,3.4120799973607063
1886,3.6658919416368008
1887,3.837740980088711
1888,4.011642071418464
1889,4.917624988593161
1890,4.403741913847625
1891,4.197682021185756
1892,3.905192017555237
1893,4.110481007955968
1894,6.155065027996898
1895,4.24922991078347
1896,4.245122894644737
1897,5.595884984359145
1898,4.072864074259996
1899,4.219193942844868
1900,4.312804900109768
1901,3.9900889387354255
1902,4.114045994356275
1903,4.246525000780821
1904,3.955457010306418
1905,4.61706193163991
1906,4.838634980842471
1907,5.594611982814968
1908,4.253835999406874
1909,4.923873930238187
1910,4.466647049412131
1911,4.179865005426109
1912,3.8067939458414912
1913,4.21023101080209
1914,4.349319962784648
1915,4.669991903938353
1916,4.045612993650138
1917,5.144516006112099
1918,4.652565927244723
1919,4.053134936839342
1920,3.705560928210616
1921,4.12448204588145
1922,3.5463430685922503
1923,4.010069998912513
1924,4.153855959884822
1925,4.044982022605836
1926,4.037100006826222
1927,4.453206085599959
1928,3.977852058596909
1929,3.687513992190361
1930,4.1357590816915035
1931,3.785071079619229
1932,4.148897947743535
1933,5.141269997693598
1934,4.005933995358646
1935,3.7821170408278704
1936,3.814616007730365
1937,4.255789099261165
1938,4.199444898404181
1939,4.307206021621823
1940,5.240810918621719
1941,4.207305959425867
1942,4.868099931627512
1943,4.596751998178661
1944,4.550551995635033
1945,4.3328950414434075
1946,4.402649938128889
1947,4.063640953972936
1948,4.838605993427336
1949,4.300536005757749
1950,4.355538985691965
1951,3.549007000401616
1952,3.9904899895191193
1953,3.9358880603685975
1954,3.7382609443739057
1955,3.2094159396365285
1956,3.621596028096974
1957,4.1062249802052975
1958,3.460013074800372
1959,3.9607150247320533
1960,3.1938730971887708
1961,4.538354929536581
1962,4.951815935783088
1963,4.56370203755796
1964,5.381001043133438
1965,4.9230030272156
1966,4.369840957224369
1967,4.086544970050454
1968,4.0859750006347895
1969,4.238783963955939
1970,4.983833990991116
1971,4.538123961538076
1972,4.009919008240104
1973,4.985837964341044
1974,4.667708999477327
1975,5.247569992206991
1976,4.47381695266813
1977,4.333537071943283
1978,4.151131957769394
1979,4.278433043509722
1980,4.070039954967797
1981,4.527066950686276
1982,4.953608964569867
1983,4.2572320671752095
1984,4.162108991295099
1985,4.477733047679067
1986,4.120025085285306
1987,3.8712610257789493
1988,3.699793014675379
1989,4.459165036678314
1990,4.54533495940268
1991,4.52043698169291
1992,4.706307081505656
1993,4.148537991568446
1994,3.782007028348744
1995,4.20719594694674
1996,4.593076999299228
1997,4.433055990375578
1998,3.8399139884859324
1999,5.483085056766868
2000,5.04719908349216
2001,3.999064094386995
2002,4.881059983745217
2003,4.9470189260318875
2004,4.525144002400339
2005,4.141328041441739
2006,4.269659984856844
2007,4.199846065603197
2008,4.551724996417761
2009,4.6321849804371595
2010,5.86528901476413
2011,4.16834803763777
2012,4.776312038302422
2013,4.288878990337253
2014,3.9595540147274733
2015,3.9026079466566443
2016,3.658452071249485
2017,3.478339989669621
2018,4.382289946079254
2019,4.2604259215295315
2020,3.747714916244149
2021,4.111401969566941
2022,3.7533038994297385
2023,4.392515053041279
2024,4.54381201416254
2025,4.883143003098667
2026,3.9711110293865204
2027,4.205223987810314
2028,4.160556010901928
2029,4.496601992286742
2030,4.196400986984372
2031,4.205032950267196
2032,4.031572956591845
2033,3.86299891397357
2034,3.553032991476357
2035,3.8209549384191632
2036,4.014607053250074
2037,3.849628963507712
2038,3.9524229941889644
2039,3.917320049367845
2040,4.00390091817826
2041,4.117651958949864
2042,4.953579045832157
2043,3.7610450526699424
2044,4.752626060508192
2045,4.4068669667467475
2046,4.526335978880525
2047,5.251797032542527
2048,3.945452976040542
2049,4.0138260228559375
2050,4.034866928122938
2051,3.985413000918925
2052,3.7855220725759864
2053,4.156659939326346
2054,3.8429689593613148
2055,4.002568079158664
2056,3.9679670007899404
2057,3.9444309659302235
2058,4.3286889558658
2059,4.097611061297357
2060,4.256690037436783
2061,4.1807659436017275
2062,3.9193029515445232
2063,4.022488952614367
2064,4.581038956530392
2065,4.19709098059684
2066,3.9525929605588317
2067,4.145764047279954
2068,4.168266896158457
2069,4.268388031050563
2070,4.266484989784658
2071,3.621275071054697
2072,3.8283270550891757
2073,4.331532982178032
2074,3.9909809129312634
2075,4.244823008775711
2076,4.411604022607207
2077,4.095559008419514
2078,3.5056419437751174
2079,3.784070024266839
2080,4.224112024530768
2081,4.208308062516153
2082,4.27832396235317
2083,4.135878989472985
2084,4.461999051272869
2085,4.778906004503369
2086,4.437351948581636
2087,4.122439073398709
2088,3.6231980193406343
2089,3.755336976610124
2090,3.8679460994899273
2091,3.5586910089477897
2092,3.70554206892848
2093,3.6981110461056232
2094,3.9465640438720584
2095,4.372244933620095
2096,4.655580036342144
2097,4.6192159643396735
2098,4.615018959157169
2099,3.8379509933292866
2100,3.536697942763567
2101,3.7327728932723403
2102,3.9576709968969226
2103,3.7795630050823092
2104,3.7782309809699655
2105,4.058442078530788
2106,4.075918928720057
2107,3.9144870825111866
2108,3.9033989887684584
2109,3.710880992002785
2110,3.810589900240302
2111,3.888497012667358
2112,3.634304041042924
2113,3.6555869737640023
2114,3.4974190639331937
2115,3.3959560096263885
2116,3.980394918471575
2117,4.170391941443086
2118,3.3788610016927123
2119,3.8817570311948657
2120,4.000796005129814
2121,3.7924129283055663
2122,3.32498992793262
2123,3.9467649767175317
2124,4.161427961662412
2125,3.9865339640527964
2126,3.984712064266205
2127,4.276560968719423
2128,3.9192739641293883
2129,3.392189973965287
2130,4.103429964743555
2131,3.9063639706000686
2132,3.9922830183058977
2133,3.9355569751933217
2134,4.843693925067782
2135,4.366865963675082
2136,3.877389943227172
2137,3.773394040763378
2138,3.385540912859142
2139,3.7149060517549515
2140,4.0666148997843266
2141,3.6305789835751057
2142,3.5510200541466475
2143,3.6966189509257674
2144,3.8648020708933473
2145,4.2572818929329515
2146,3.923409036360681
2147,3.965121926739812
2148,3.6897079553455114
2149,4.187146085314453
2150,3.6901289131492376
2151,3.6643999628722668
2152,3.3683350775390863
2153,3.60178598202765
2154,3.338290029205382
2155,3.674475010484457
2156,3.764610970392823
2157,3.7679349770769477
2158,3.696899046190083
2159,3.6562170134857297
2160,3.9430689066648483
2161,3.982248017564416
2162,3.724060021340847
2163,3.506222041323781
2164,3.6781110102310777
2165,3.9163189940154552
2166,3.7801240105181932
2167,3.5957470536231995
2168,3.8526939461007714
2169,3.536778036504984
2170,3.641715971753001
2171,3.733223071321845
2172,3.547684056684375
2173,4.059053957462311
2174,4.004030954092741
2175,3.956738975830376
2176,3.916849964298308
2177,3.7535539595410228
2178,3.7000139709562063
2179,3.588726045563817
2180,3.995137056335807
2181,4.726247047074139
2182,3.262595972046256
2183,3.9747970877215266
2184,5.266830092296004
2185,5.2329880418255925
2186,4.158694064244628
2187,4.158362979069352
2188,4.160116077400744
2189,3.6470540799200535
2190,3.9814061019569635
2191,3.85487696621567
2192,3.826803993433714
2193,3.717700019478798
2194,4.059764090925455
2195,3.8886970141902566
2196,3.7736949743703008
2197,4.03201300650835
2198,3.8666340988129377
2199,3.8892480079084635
2200,4.411382949911058
2201,3.5893769236281514
2202,3.8028290728107095
2203,3.4551150165498257
2204,4.015118000097573
2205,4.024882102385163
2206,3.581065102480352
2207,3.8338248850777745
2208,3.630309016443789
2209,3.8816260639578104
2210,3.6199939204379916
2211,3.716919105499983
2212,3.386822994798422
2213,3.892523003742099
2214,4.096119082532823
2215,4.242368973791599
2216,3.9902899879962206
2217,3.7139939377084374
2218,4.120224970392883
2219,3.733874997124076
2220,3.7988320691511035
2221,3.588967025279999
2222,3.416767925955355
2223,3.767866059206426
2224,3.687063930556178
2225,3.792683011852205
2226,3.5229679197072983
2227,3.5158670507371426
2228,3.73629794921726
2229,3.022574004717171
2230,3.9357879431918263
2231,3.528856090269983
2232,3.5701090237125754
2233,3.8583320565521717
2234,3.701866022311151
2235,3.577510011382401
2236,3.5942139802500606
2237,3.7076350999996066
2238,3.6065129097551107
2239,3.904291079379618
2240,3.7932730047032237
2241,3.7508500972762704
2242,3.331598942168057
2243,3.7826779298484325
2244,4.071262083016336
2245,3.5837989998981357
2246,3.5150860203430057
2247,3.442656947299838
2248,3.8113209884613752
2249,4.074597032740712
2250,3.4051609691232443
2251,3.7665439303964376
2252,3.6781609524041414
2253,3.471530042588711
2254,3.465531044639647
2255,3.8423669757321477
2256,3.893804969266057
2257,4.252122947946191
2258,3.867134917527437
2259,4.249799996614456
2260,3.2802020432427526
2261,4.381238017231226
2262,5.994875100441277
2263,4.763021948747337
2264,4.5798070495948195
2265,4.624283057637513
2266,3.851440967991948
2267,3.5685569746419787
2268,3.7089670076966286
2269,3.8837899919599295
2270,4.242418915964663
2271,4.74427395965904
2272,4.52793890144676
2273,4.020225023850799
2274,4.079082980751991
2275,4.731134977191687
2276,3.9997550193220377
2277,4.244812997058034
2278,3.856769995763898
2279,4.632925963960588
2280,4.544573952443898
2281,3.9590330561622977
2282,4.034777055494487
2283,4.021506989374757
2284,3.772822907194495
2285,3.5717409336939454
2286,3.5446310648694634
2287,3.732673008926213
2288,4.349379916675389
2289,5.091745988465846
2290,4.032974946312606
2291,3.8376409793272614
2292,3.5953359911218286
2293,3.7789520574733615
2294,3.6239399341866374
2295,3.809388028457761
2296,3.7480060709640384
2297,3.598320996388793
2298,3.5179900005459785
2299,3.16807406488806
2300,3.4684049896895885
2301,3.6190119571983814
2302,3.1718489481136203
2303,3.8523629773408175
2304,4.982821992598474
2305,4.257201100699604
2306,3.843588987365365
2307,3.6239790497347713
2308,3.9625579956918955
2309,3.855798044241965
2310,3.7086260272189975
2311,4.207716905511916
2312,4.394407034851611
2313,3.8583310088142753
2314,4.378593992441893
2315,4.280355991795659
2316,4.524552961811423
2317,3.6955269752070308
2318,3.708906937390566
2319,3.7837399868294597
2320,3.234713920392096
2321,3.5043100360780954
2322,3.4947849344462156
2323,4.080496029928327
2324,3.180803032591939
2325,3.4009440569207072
2326,3.6975900875404477
2327,3.5383899230509996
2328,4.137921961955726
2329,3.922056988812983
2330,3.457829006947577
2331,3.9217770099639893
2332,3.77985299564898
2333,4.17064200155437
2334,4.778044996783137
2335,4.354798002168536
2336,4.570381948724389
2337,4.9883510218933225
2338,3.8045509718358517
2339,3.9772508898749948
2340,3.800165024586022
2341,3.6597029538825154
2342,4.43628104403615
2343,3.5995530197396874
2344,3.465590998530388
2345,3.3644390059635043
2346,3.8039800710976124
2347,4.921971005387604
2348,3.907965961843729
2349,3.2416239846497774
2350,3.9682569913566113
2351,3.616228001192212
2352,3.796958946622908
2353,3.4677949734032154
2354,3.5890069557353854
2355,3.835787996649742
2356,3.7356480024755
2357,3.753653960302472
2358,3.6396830109879375
2359,4.146825987845659
2360,3.8598040118813515
2361,3.7423470057547092
2362,4.618264967575669
2363,5.2369850454851985
2364,4.491174011491239
2365,4.182929056696594
2366,4.272073972970247
2367,4.287656978704035
2368,4.2719029588624835
2369,4.107575980015099
2370,4.3395450338721275
2371,3.841676050797105
2372,4.559235996566713
2373,4.079494043253362
2374,4.532544990070164
2375,4.021918051876128
2376,3.823028993792832
2377,4.172604996711016
2378,4.329951014369726
2379,4.402510006912053
2380,4.112073918804526
2381,3.9290679851546884
2382,4.124171915464103
2383,3.801996004767716
2384,4.240406909957528
2385,4.453747067600489
2386,4.10363997798413
2387,4.0613969322294
2388,4.210531944409013
2389,3.6499490961432457
2390,3.8689980283379555
2391,4.707769025117159
2392,4.001065972261131
2393,3.890470019541681
2394,3.8935249904170632
2395,4.246454918757081
2396,4.050089977681637
2397,4.088198067620397
2398,3.7312100175768137
2399,3.5186810418963432
2400,4.003288922831416
2401,4.328388953581452
2402,4.190461011603475
2403,3.756679012440145
2404,4.034977988339961
2405,3.7065730430185795
2406,4.008186981081963
2407,3.9198040030896664
2408,3.92739602830261
2409,4.004091024398804
2410,3.9227689849212766
2411,4.65105299372226
2412,4.131763009354472
2413,5.059798015281558
2414,4.18286002241075
2415,4.201587988063693
2416,3.7396539701148868
2417,3.67241189815104
2418,3.911311971023679
2419,3.4032569965347648
2420,4.526988021098077
2421,4.715170012786984
2422,4.215307999402285
2423,3.726402996107936
2424,3.8276059785857797
2425,3.5438789054751396
2426,3.445370006375015
2427,3.5397830652073026
2428,3.676106920465827
2429,3.8255819818004966
2430,3.8107900181785226
2431,4.022247972898185
2432,3.6570390220731497
2433,3.817449905909598
2434,4.078743979334831
2435,3.9126340998336673
2436,3.6712699802592397
2437,3.915086970664561
2438,4.23788302578032
2439,3.8900490617379546
2440,3.8206849712878466
2441,3.4244300331920385
2442,3.8680570432916284
2443,3.612080938182771
2444,3.7327930331230164
2445,3.8414159789681435
2446,3.7714909994974732
2447,3.5604030126705766
2448,3.6248499527573586
2449,3.943449934013188
2450,3.824390936642885
2451,3.768556984141469
2452,3.8327230140566826
2453,3.053902997635305
2454,3.911781939677894
2455,3.720195032656193
2456,3.87109094299376
2457,3.6173489643260837
2458,3.7333840737119317
2459,3.4949849359691143
2460,3.4416159614920616
2461,3.505992004647851
2462,3.9880769327282906
2463,3.421404049731791
2464,3.6554760299623013
2465,3.895787987858057
2466,3.9630390238016844
2467,3.975367988459766
2468,3.845122060738504
2469,3.892592969350517
2470,4.379244986921549
2471,4.549370962195098
2472,4.483611090108752
2473,3.6378309596329927
2474,3.9392829639837146
2475,3.857159987092018
2476,4.797783913090825
2477,5.454711965285242
2478,4.324673092924058
2479,3.789489041082561
2480,4.262740025296807
2481,3.856178023852408
2482,4.104062099941075
2483,3.5562670091167092
2484,4.277211963199079
2485,4.4861260103061795
2486,4.885114962235093
2487,3.9015470538288355
2488,3.931441926397383
2489,4.613056080415845
2490,3.9517820114269853
2491,3.9807260036468506
2492,3.642717027105391
2493,4.099042969755828
2494,4.578014020808041
2495,3.977351007051766
2496,4.539706977084279
2497,4.923423053696752
2498,5.194360972382128
2499,4.452205030247569
2500,4.6494510024785995
2501,4.066164023242891
2502,3.779183025471866
2503,4.261699039489031
2504,3.3490259665995836
2505,3.4938439493998885
2506,4.43270499818027
2507,3.9469850016757846
2508,3.6559869768097997
2509,3.6795129999518394
2510,3.7571589928120375
2511,4.942322033457458
2512,4.480808041989803
2513,4.289239994250238
2514,4.190160892903805
2515,4.059243947267532
2516,4.086504923179746
2517,4.668269888497889
2518,4.034276003949344
2519,4.19670098926872
2520,4.240095964632928
2521,3.865061909891665
2522,4.167936975136399
2523,3.9311619475483894
2524,4.18808707036078
2525,3.9029489271342754
2526,3.6882050335407257
2527,4.469049978069961
2528,4.7949099680408835
2529,4.302109009586275
2530,4.012923920527101
2531,3.7614060565829277
2532,4.3657750356942415
2533,4.3469060910865664
2534,4.106745007447898
2535,4.141208017244935
2536,4.204862983897328
2537,4.474477958865464
2538,4.5445740688592196
2539,3.7556469906121492
2540,3.983460017479956
2541,3.4790909849107265
2542,3.505120985209942
2543,3.6583510227501392
2544,4.563461989164352
2545,4.168278072029352
2546,3.7974799051880836
2547,3.9025379810482264
2548,4.0234599728137255
2549,3.7472250405699015
2550,6.120643927715719
2551,4.0862440364435315
2552,3.4134930465370417
2553,3.4177489578723907
2554,4.5185849303379655
2555,3.967445925809443
2556,4.941339953802526
2557,3.6694080336019397
2558,4.181989002972841
2559,3.8528729928657413
2560,5.590796936303377
2561,4.166364902630448
2562,3.8491280283778906
2563,4.646477056667209
2564,4.474729066714644
2565,3.849238040857017
2566,3.6936940159648657
2567,4.166714963503182
2568,3.4984410740435123
2569,4.095437936484814
2570,3.8403539219871163
2571,4.474938963539898
2572,4.210582002997398
2573,4.2542669689282775
2574,4.137851996347308
2575,4.659487050957978
2576,4.56445396412164
2577,3.964702016673982
2578,4.516892950050533
2579,4.237301065586507
2580,4.328790004365146
2581,3.611761028878391
2582,3.9836399955675006
2583,3.842166974209249
2584,4.106734995730221
2585,3.80722398404032
2586,3.8578109815716743
2587,4.364502965472639
2588,4.195068031549454
2589,5.157836014404893
2590,4.780509043484926
2591,4.315149039030075
2592,4.386136075481772
2593,4.330532043240964
2594,3.6172099644318223
2595,3.8122929399833083
2596,4.27558901719749
2597,4.490552004426718
2598,4.393346956931055
2599,4.324152017943561
2600,4.256489919498563
2601,4.59449808113277
2602,5.803275969810784
2603,5.4365049581974745
2604,4.461709060706198
2605,4.0141959907487035
2606,4.099685000255704
2607,3.9064550073817372
2608,3.802186925895512
2609,4.000385059043765
2610,3.9543869206681848
2611,3.6823468981310725
2612,4.062489024363458
2613,4.239183967001736
2614,4.292274941690266
2615,3.4194219624623656
2616,4.338253987953067
2617,4.661930026486516
2618,3.9852720219641924
2619,3.899343078956008
2620,4.005974042229354
2621,3.8659130223095417
2622,3.5094768973067403
2623,3.3117299899458885
2624,3.649697988294065
2625,4.520067013800144
2626,4.564873990602791
2627,3.7993729347363114
2628,3.643267904408276
2629,3.7259329110383987
2630,4.2367910500615835
2631,4.061077022925019
2632,4.381238017231226
2633,3.860244993120432
2634,4.647898953408003
2635,4.435088951140642
2636,4.8666479997336864
2637,3.973624901846051
2638,4.252063925378025
2639,4.0221980307251215
2640,4.04631404671818
2641,3.9703299989923835
2642,4.4812679989263415
2643,3.99610900785774
2644,4.219284048303962
2645,3.7767488975077868
2646,4.039222956635058
2647,3.900805953890085
2648,3.8012260338291526
2649,3.2398810144513845
2650,3.9382820250466466
2651,3.4849400399252772
2652,3.645521937869489
2653,3.774155047722161
2654,4.141096957027912
2655,3.956438973546028
2656,3.7159479688853025
2657,4.277322092093527
2658,3.95706994459033
2659,4.023669986054301
2660,3.86835599783808
2661,3.873154055327177
2662,3.8580020191147923
2663,3.5112599143758416
2664,3.669507917948067
2665,4.070920986123383
2666,3.7822980666533113
2667,3.8502690149471164
2668,4.327688016928732
2669,3.4653900656849146
2670,3.98899894207716
2671,3.8947059074416757
2672,3.9975610561668873
2673,3.433623001910746
2674,3.7730030016973615
2675,4.283520975150168
2676,3.6461420822888613
2677,3.7649209843948483
2678,3.7647210992872715
2679,3.796108067035675
2680,3.9036599919199944
2681,3.6114410031586885
2682,3.8228079210966825
2683,3.3525009639561176
2684,4.2586029740050435
2685,3.5346850054338574
2686,4.3267159489914775
2687,3.55197093449533
2688,4.217462032102048
2689,4.931546049192548
2690,4.220445989631116
2691,4.118382930755615
2692,4.135949071496725
2693,4.123310092836618
2694,4.027977003715932
2695,3.953214967623353
2696,4.255269072018564
2697,4.023068933747709
2698,4.245073068886995
2699,4.215979017317295
2700,4.05794195830822
2701,3.700784989632666
2702,3.4891070099547505
2703,4.065793938934803
2704,3.6353160394355655
2705,3.7117809988558292
2706,3.8577800150960684
2707,3.694525919854641
2708,3.5764180356636643
2709,3.8880769861862063
2710,3.6753059830516577
2711,3.5748759983107448
2712,3.5447600530460477
2713,3.812332055531442
2714,3.9956680266186595
2715,3.801897051744163
2716,3.768107038922608
2717,3.768787020817399
2718,3.6205039359629154
2719,3.7402650341391563
2720,3.295926027931273
2721,3.1133010052144527
2722,4.001647001132369
2723,3.6409649765118957
2724,3.4391519147902727
2725,3.129014978185296
2726,4.225905053317547
2727,3.6957269767299294
2728,4.100615973584354
2729,3.8676660042256117
2730,4.22682601492852
2731,3.9752470329403877
2732,4.755260073579848
2733,4.088306915946305
2734,3.770909970626235
2735,3.3239880576729774
2736,3.951671998947859
2737,4.027866991236806
2738,3.424930036999285
2739,3.718891995958984
2740,3.5035080509260297
2741,4.07832209020853
2742,4.124162020161748
2743,3.6319419741630554
2744,3.743038047105074
2745,4.012683057226241
2746,4.019904998131096
2747,3.551910980604589
2748,3.371399943716824
2749,3.7784610176458955
2750,3.8059629732742906
2751,3.7843009922653437
2752,3.992554033175111
2753,3.7343850126489997
2754,4.45644196588546
2755,3.963249968364835
2756,3.9229089161381125
2757,3.5608140751719475
2758,4.076229059137404
2759,3.133723046630621
2760,4.090169910341501
2761,5.004485952667892
2762,4.3343480210751295
2763,3.880425007082522
2764,3.3883850555866957
2765,3.4917109878733754
2766,3.5452510928735137
2767,3.4626160049811006
2768,3.798001096583903
2769,3.6464229924604297
2770,3.694665036164224
2771,3.643319010734558
2772,3.5873539745807648
2773,3.891441971063614
2774,3.9871949702501297
2775,4.092834074981511
2776,4.471423919312656
2777,3.998812986537814
2778,3.4116299357265234
2779,4.52989200130105
2780,5.196464015170932
2781,4.528539953753352
2782,4.363901098258793
2783,4.045281908474863
2784,3.5996619844809175
2785,3.772803000174463
2786,3.786193090490997
2787,3.5825970117002726
2788,3.2816939055919647
2789,4.274227074347436
2790,3.7463830085471272
2791,3.956069005653262
2792,3.390897996723652
2793,3.669488010928035
2794,3.802636987529695
2795,3.417478990741074
2796,3.4953360445797443
2797,3.6038090474903584
2798,3.9138849824666977
2799,4.5493911020457745
2800,3.7333440268412232
2801,3.2782990019768476
2802,3.9520220598205924
2803,3.6913410294800997
2804,4.107196000404656
2805,4.056330071762204
2806,3.743759007193148
2807,3.920415067113936
2808,4.172043059952557
2809,3.772363066673279
2810,4.023539950139821
2811,4.3083790224045515
2812,4.2279280023649335
2813,3.2991309417411685
2814,4.093055031262338
2815,3.795317024923861
2816,4.214457934722304
2817,3.9188520750030875
2818,3.436808008700609
2819,3.923509968444705
2820,3.5533030750229955
2821,3.8589229807257652
2822,3.7576500326395035
2823,4.543241928331554
2824,3.6849010502919555
2825,3.7560579366981983
2826,3.5377000458538532
2827,3.59015807043761
2828,3.830779925920069
2829,3.904500976204872
2830,3.5806449595838785
2831,3.6657319869846106
2832,3.2799220643937588
2833,3.4418359864503145
2834,3.765992005355656
2835,3.9467239985242486
2836,3.6822969559580088
2837,3.953515086323023
2838,4.034686950035393
2839,4.358434001915157
2840,3.902539028786123
2841,3.865403006784618
2842,3.701796056702733
2843,4.367407062090933
2844,3.5516410134732723
2845,3.4678949741646647
2846,3.627824946306646
2847,3.033510991372168
2848,4.16067591868341
2849,3.0122289899736643
2850,4.639756982214749
2851,5.2879409631714225
2852,3.9153469260782003
2853,4.475940950214863
2854,3.488315036520362
2855,3.545901970937848
2856,3.8080160738900304
2857,3.908617072738707
2858,4.218203015625477
2859,3.9210760733112693
2860,3.777489997446537
2861,3.8192730862647295
2862,3.4607539419084787
2863,3.9330240106210113
2864,3.6354269832372665
2865,3.644259995780885
2866,3.3568779472261667
2867,3.7492270348593593
2868,3.9763490203768015
2869,4.038182902149856
2870,3.6595730343833566
2871,4.070120048709214
2872,3.279861994087696
2873,3.802346996963024
2874,3.3158769365400076
2875,3.65498592145741
2876,3.42158495914191
2877,3.774896962568164
2878,4.473978071473539
2879,4.152183071710169
2880,4.358593956567347
2881,4.8304039519280195
2882,4.6618899796158075
2883,4.302178975194693
2884,4.349470022134483
2885,4.285173956304789
2886,3.8429389242082834
2887,3.98028502240777
2888,3.961256006732583
2889,4.266806063242257
2890,4.245855030603707
2891,4.298913991078734
2892,4.335148958489299
2893,5.282033002004027
2894,4.477982991375029
2895,4.285483970306814
2896,4.866488045081496
2897,5.829646019265056
2898,4.103361046873033
2899,4.5203970512375236
2900,4.664523992687464
2901,4.889042000286281
2902,4.7470079734921455
2903,4.328297916799784
2904,4.603983019478619
2905,4.926937981508672
2906,4.2215780122205615
2907,4.696152056567371
2908,4.672886920161545
2909,4.1867149993777275
2910,3.856699913740158
2911,4.250720958225429
2912,3.953424980863929
2913,3.8176309317350388
2914,3.8606449961662292
2915,3.9907710161060095
2916,3.8506999844685197
2917,3.801246057264507
2918,3.690319019369781
2919,3.307232982479036
2920,3.5990519681945443
2921,3.664991003461182
2922,3.857720992527902
2923,3.3645699732005596
2924,3.5120609682053328
2925,3.2822350040078163
2926,3.966063028201461
2927,4.510022001340985
2928,4.203660995699465
2929,3.7309799809008837
2930,3.9282969664782286
2931,3.7009749794378877
2932,3.285090089775622
2933,3.7262040423229337
2934,4.700777935795486
2935,4.789783037267625
2936,4.565074108541012
2937,3.8316320860758424
2938,4.186114063486457
2939,3.9702909998595715
2940,3.976579988375306
2941,3.962698974646628
2942,3.760544932447374
2943,3.512291004881263
2944,4.0503410855308175
2945,3.89799103140831
2946,3.71394504327327
2947,3.6336840130388737
2948,3.711921046487987
2949,3.9169599767774343
2950,4.380526952445507
2951,4.41796297673136
2952,4.248709068633616
2953,3.874866059049964
2954,4.4211180647835135
2955,4.6849839854985476
2956,4.556091036647558
2957,4.066233988851309
2958,3.8881259970366955
2959,3.8333639968186617
2960,4.107206012122333
2961,4.216289962641895
2962,3.655837965197861
2963,3.275355091318488
2964,4.4771620305255055
2965,4.147686995565891
2966,3.9443409768864512
2967,3.684449940919876
2968,6.631892058067024
2969,6.0341740027070045
2970,4.436059971340001
2971,4.269730998203158
2972,4.388459026813507
2973,3.9357079658657312
2974,3.763239015825093
2975,3.312261076644063
2976,3.5435280296951532
2977,3.081263042986393
2978,3.9693289436399937
2979,3.6255510058254004
2980,3.543287981301546
2981,3.283677971921861
2982,3.65895195864141
2983,4.748709965497255
2984,4.614338045939803
2985,3.5178300458937883
2986,3.6543150199577212
2987,3.8953169714659452
2988,3.343116957694292
2989,3.6056110402569175
2990,4.826807999052107
2991,5.080940085463226
2992,4.537161905318499
2993,5.008371081203222
2994,4.6778739197179675
2995,4.155708942562342
2996,4.423512029461563
2997,4.580136970616877
2998,4.7015689779073
2999,4.101898055523634
3000,4.790673032402992
3001,4.438895033672452
3002,5.218426929786801
3003,5.357165005989373
3004,4.866297007538378
3005,3.9696190506219864
3006,4.291862947866321
3007,5.92750299256295
3008,4.290871904231608
3009,4.012954072095454
3010,3.545089974068105
3011,3.349376027472317
3012,3.6907100584357977
3013,4.535989952273667
3014,3.4161770017817616
3015,3.5783100174739957
3016,3.3511589281260967
3017,4.065003013238311
3018,3.6630479153245687
3019,3.5331430844962597
3020,4.082849947735667
3021,3.8133340422064066
3022,3.2518499065190554
3023,4.598303930833936
3024,3.9193429984152317
3025,3.7985820090398192
3026,3.9352569729089737
3027,3.57600802090019
3028,3.602367010898888
3029,4.515890032052994
3030,5.24443609174341
3031,3.872422967106104
3032,4.135048016905785
3033,4.062669002451003
3034,4.839367000386119
3035,4.4758900767192245
3036,3.737210063263774
3037,3.846122999675572
3038,3.7246509455144405
3039,4.177071037702262
3040,3.5660220310091972
3041,4.171823034994304
3042,3.945993958041072
3043,3.7390729412436485
3044,3.842007019557059
3045,4.19047090690583
3046,3.7300990661606193
3047,4.227286903187633
3048,3.8553669583052397
3049,3.7311610067263246
3050,3.4855810226872563
3051,3.855766961351037
3052,4.247567965649068
3053,3.7423280300572515
3054,4.365644999779761
3055,4.038843908347189
3056,4.082969040609896
3057,3.8543459959328175
3058,3.69792093988508
3059,3.544981009326875
3060,5.556696094572544
3061,5.329763982445002
3062,4.444081918336451
3063,3.987796022556722
3064,4.481038078665733
3065,4.465735051780939
3066,4.950394039042294
3067,4.312675097025931
3068,4.469180945307016
3069,3.9197939913719893
3070,4.324372974224389
3071,4.572245059534907
3072,5.719539942219853
3073,4.439065000042319
3074,4.2069959454238415
3075,3.7837090203538537
3076,3.650540020316839
3077,4.014345933683217
3078,3.785641980357468
3079,4.548960947431624
3080,5.172156961634755
3081,4.013234982267022
3082,4.651744035072625
3083,3.91783204395324
3084,4.630903946235776
3085,4.645465989597142
3086,4.584403010085225
3087,4.147125990130007
3088,4.664494073949754
3089,4.2248229729011655
3090,4.795150016434491
3091,4.209900973364711
3092,4.399636061862111
3093,3.9697500178590417
3094,3.913514083251357
3095,4.129900014959276
3096,4.375008982606232
3097,4.165282938629389
3098,3.7335139932110906
3099,4.097812110558152
3100,4.199785063974559
3101,4.118012031540275
3102,4.362349049188197
3103,4.881220054812729
3104,5.921183037571609
3105,5.292217945680022
3106,4.304051981307566
3107,4.693707916885614
3108,4.04646503739059
3109,3.9789730217307806
3110,4.776932997629046
3111,4.2222089832648635
3112,3.6271839635446668
3113,4.546986892819405
3114,4.304902977310121
3115,4.882561974227428
3116,5.0883510848507285
3117,5.689064972102642
3118,4.529310972429812
3119,4.574197926558554
3120,3.8748959777876735
3121,4.087166045792401
3122,3.8175800582394004
3123,3.7877350114285946
3124,3.6559979198500514
3125,3.9293989539146423
3126,3.7528329994529486
3127,4.429050022736192
3128,4.731384920887649
3129,4.312966018915176
3130,4.309430019930005
3131,3.9065839955583215
3132,3.5845390520989895
3133,4.44782804697752
3134,4.167826962657273
3135,3.875197027809918
3136,3.8385119987651706
3137,4.376961966045201
3138,4.629821982234716
3139,4.517012042924762
3140,4.203571006655693
3141,3.4813350066542625
3142,3.789869020693004
3143,4.526676028035581
3144,3.943428979255259
3145,3.4211539896205068
3146,3.918912960216403
3147,3.5949660232290626
3148,3.9337159832939506
3149,3.6239990731701255
3150,3.986374009400606
3151,4.007625975646079
3152,3.91799199860543
3153,3.7315909285098314
3154,3.795647993683815
3155,4.024161025881767
3156,4.47182497009635
3157,5.014569964259863
3158,4.235469037666917
3159,4.696432035416365
3160,3.942617913708091
3161,4.331353004090488
3162,5.030914908275008
3163,4.62917098775506
3164,4.717402975074947
3165,3.795807948336005
3166,4.841590067371726
3167,4.409810993820429
3168,4.620537045411766
3169,5.015490925870836
3170,5.142893991433084
3171,4.375710035674274
3172,4.2783740209415555
3173,4.203781019896269
3174,4.43602108862251
3175,4.379205056466162
3176,4.699126002378762
3177,4.569821059703827
3178,4.455209942534566
3179,3.6890871124342084
3180,4.135919036343694
3181,4.935571923851967
3182,5.087550031021237
3183,4.390821908600628
3184,4.017460974864662
3185,4.26595495082438
3186,4.716833005659282
3187,3.9417269872501493
3188,4.031262011267245
3189,3.882157034240663
3190,4.117310978472233
3191,3.5532129695639014
3192,4.264192073605955
3193,3.5616160603240132
3194,4.119393997825682
3195,3.721777000464499
3196,4.8830220475792885
3197,4.534268053248525
3198,4.13144298363477
3199,4.412275040522218
3200,4.103751038201153
3201,4.10402100533247
3202,4.8499529948458076
3203,3.895597066730261
3204,4.246314987540245
3205,3.632412990555167
3206,4.689070046879351
3207,4.24118700902909
3208,3.634696011431515
3209,3.681215923279524
3210,3.797910991124809
3211,3.7069940008223057
3212,3.6428580060601234
3213,3.7302690325304866
3214,3.639231901615858
3215,3.6599739687517285
3216,3.7097380263730884
3217,3.408856107853353
3218,4.108799039386213
3219,5.070794955827296
3220,4.531404003500938
3221,4.6267969300970435
3222,4.328709095716476
3223,4.151892964728177
3224,4.428078071214259
3225,4.459085059352219
3226,4.606366972438991
3227,4.283981979824603
3228,4.202870070002973
3229,4.13046102039516
3230,3.9082070579752326
3231,4.267917014658451
3232,3.634143969975412
3233,4.16048604529351
3234,4.361137980595231
3235,3.968798089772463
3236,4.1006969986483455
3237,4.661148996092379
3238,4.650142043828964
3239,4.089619033038616
3240,3.6990720545873046
3241,3.503527957946062
3242,3.305980935692787
3243,4.159084055572748
3244,3.8745159981772304
3245,4.149378975853324
3246,3.5682260058820248
3247,3.7724729627370834
3248,3.8770900573581457
3249,4.731153952889144
3250,4.02765697799623
3251,4.0034400299191475
3252,3.7060530157759786
3253,4.02888807002455
3254,4.459536052308977
3255,4.969331901520491
3256,3.669316996820271
3257,3.4342750441282988
3258,3.77747998572886
3259,3.598910989239812
3260,4.20105701778084
3261,3.9486070163547993
3262,4.1059639770537615
3263,4.255999927408993
3264,3.421093919314444
3265,3.5996329970657825
3266,4.038281971588731
3267,3.7480159662663937
3268,3.9566090563312173
3269,4.0696399519219995
3270,3.6630480317398906
3271,3.4415239933878183
3272,3.73028009198606
3273,3.823398961685598
3274,3.7186809349805117
3275,3.179000923410058
3276,4.3058349983766675
3277,4.162218072451651
3278,4.338253056630492
3279,4.552586004137993
3280,4.663501982577145
3281,4.682110971771181
3282,4.72873100079596
3283,4.440898075699806
3284,4.410251043736935
3285,4.122629063203931
3286,4.95839596260339
3287,4.463310935534537
3288,4.604873945936561
3289,6.4685470424592495
3290,5.002571968361735
3291,4.236079985275865
3292,4.150531021878123
3293,3.898181952536106
3294,4.179243929684162
3295,3.948136931285262
3296,4.452054970897734
3297,4.90821001585573
3298,4.5018489472568035
3299,4.657763056457043
3300,4.328908980824053
3301,4.49069298338145
3302,3.998071886599064
3303,4.364963038824499
3304,4.633617005310953
3305,4.470803076401353
3306,4.284883034415543
3307,5.127059994265437
3308,4.539155983366072
3309,4.59125405177474
3310,4.2209269013255835
3311,4.7581850085407495
3312,4.508018959313631
3313,3.9073560619726777
3314,3.5967789590358734
3315,4.4664959423244
3316,4.104973049834371
3317,3.8325530476868153
3318,4.592887009494007
3319,4.064982989802957
3320,3.94271791446954
3321,3.692643018439412
3322,3.9968600030988455
3323,4.101658007130027
3324,4.177731927484274
3325,3.8407359970733523
3326,4.091762937605381
3327,3.758961916901171
3328,4.021857981570065
3329,4.67143498826772
3330,4.335368983447552
3331,3.6815160419791937
3332,3.3962969901040196
3333,4.394859075546265
3334,4.055268014781177
3335,4.923463915474713
3336,4.4509629951789975
3337,4.37958596739918
3338,4.296371014788747
3339,4.180766060017049
3340,3.944471012800932
3341,4.661940038204193
3342,4.7777940053492785
3343,4.232174018397927
3344,4.393165931105614
3345,4.523281008005142
3346,4.074877942912281
3347,4.818986053578556
3348,3.5222660517320037
3349,4.603952984325588
3350,3.937300993129611
3351,4.319544997997582
3352,5.234921933151782
3353,5.342663964256644
3354,4.058973048813641
3355,4.2710419511422515
3356,4.427337902598083
3357,4.136259900406003
3358,4.0857839630916715
3359,4.540387075394392
3360,4.392844974063337
3361,4.148078034631908
3362,4.34497301466763
3363,3.970631049014628
3364,4.054307006299496
3365,4.451764049008489
3366,3.783108899369836
3367,4.05175203923136
3368,4.151293076574802
3369,3.8840710185468197
3370,3.9836899377405643
3371,4.2723240330815315
3372,4.740757984109223
3373,4.44309099111706
3374,4.215238965116441
3375,4.030299955047667
3376,4.892646917141974
3377,4.085422959178686
3378,3.8033289602026343
3379,4.398563993163407
3380,4.982652957551181
3381,5.9066120302304626
3382,5.651178071275353
3383,4.794950014911592
3384,4.914951045066118
3385,4.836893058381975
3386,4.923603963106871
3387,4.746497026644647
3388,4.117060103453696
3389,5.767512018792331
3390,4.287948017008603
3391,4.66242094989866
3392,4.989092005416751
3393,4.221378010697663
3394,4.956473014317453
3395,4.052613978274167
3396,4.4011290883645415
3397,4.343340988270938
3398,4.015868995338678
3399,4.026493988931179
3400,3.8035500328987837
3401,3.952583996579051
3402,3.6699590273201466
3403,3.7919519236311316
3404,3.8150970358401537
3405,3.7822170415893197
3406,3.8266440387815237
3407,3.677770961076021
3408,3.930439939722419
3409,4.106134059838951
3410,4.158111987635493
3411,3.479382023215294
3412,4.471663967706263
3413,4.031552001833916
3414,4.291091929189861
3415,4.146135062910616
3416,3.9052519714459777
3417,3.6789519945159554
3418,3.9834900526329875
3419,4.01612906716764
3420,3.5635390086099505
3421,3.8053420139476657
3422,3.7556769093498588
3423,3.8043109234422445
3424,3.8940460653975606
3425,3.9781919913366437
3426,3.784330911003053
3427,3.850140026770532
3428,3.5888160346075892
3429,4.010810982435942
3430,3.6719220224767923
3431,4.165753955021501
3432,3.7905490025877953
3433,3.950980957597494
3434,3.9665650110691786
3435,4.434859030880034
3436,4.480276955291629
3437,3.975457977503538
3438,3.932592924684286
3439,3.7376610562205315
3440,4.032413009554148
3441,3.7232079776003957
3442,3.7582520162686706
3443,3.752853022888303
3444,3.47508501727134
3445,4.3821800500154495
3446,4.2655139695852995
3447,4.4238719856366515
3448,3.84029489941895
3449,3.75017907936126
3450,3.836549003608525
3451,3.3573989057913423
3452,3.959513967856765
3453,3.476998070254922
3454,3.8527840515598655
3455,3.6732529988512397
3456,3.5598630784079432
3457,3.7410249933600426
3458,4.369750036858022
3459,3.661365946754813
3460,3.892142092809081
3461,3.847575979307294
3462,3.2890560105443
3463,4.7239529667422175
3464,3.806633991189301
3465,3.661976079456508
3466,3.7332940846681595
3467,3.678682027384639
3468,3.914367058314383
3469,4.277211031876504
3470,3.7429078947752714
3471,3.601075033657253
3472,4.519265028648078
3473,3.8554880302399397
3474,3.8226289907470345
3475,3.621755982749164
3476,3.148535033687949
3477,3.6788920406252146
3478,4.045092035084963
3479,3.4872039686888456
3480,3.260093042626977
3481,3.781766048632562
3482,4.309018957428634
3483,3.869087900966406
3484,4.014055011793971
3485,3.467133967205882
3486,4.607327980920672
3487,3.489376977086067
3488,3.702476969920099
3489,3.7148259580135345
3490,3.4576599719002843
3491,4.953537951223552
3492,4.8022010596469045
3493,5.2650769939646125
3494,4.849773016758263
3495,4.903894034214318
3496,3.874175949022174
3497,4.539516055956483
3498,4.5368720311671495
3499,4.645625012926757
3500,4.0225289994850755
3501,3.8296679267659783
3502,4.935911973007023
3503,4.356501041911542
3504,4.055619006976485
3505,4.158423049375415
3506,3.8503300165757537
3507,3.9325730176642537
3508,3.329106024466455
3509,4.589320975355804
3510,3.9002440171316266
3511,3.697279025800526
3512,3.5955060739070177
3513,5.219488055445254
3514,4.918715916574001
3515,4.296810948289931
3516,4.529971978627145
3517,4.5676990412175655
3518,3.937250003218651
3519,4.322389955632389
3520,3.709397977218032
3521,3.6343049723654985
3522,3.7832980742678046
3523,3.9440999971702695
3524,4.305033013224602
3525,3.8516309577971697
3526,3.6955069517716765
3527,3.682626993395388
3528,3.4524910151958466
3529,4.0551479905843735
3530,3.663507988676429
3531,4.35804296284914
3532,4.804865107871592
3533,4.280406050384045
3534,4.282300011254847
3535,3.970439895056188
3536,4.169338964857161
3537,4.124681930989027
3538,4.7182339476421475
3539,4.3248930014669895
3540,4.339464940130711
3541,4.359445068985224
3542,3.7036800058558583
3543,3.6378500517457724
3544,4.354827920906246
3545,3.628956968896091
3546,3.797059995122254
3547,3.6931439535692334
3548,3.5737539874389768
3549,3.794225980527699
3550,3.182144952006638
3551,3.9934050291776657
3552,3.7212949246168137
3553,4.2998159769922495
3554,4.663852974772453
3555,4.687477950938046
3556,3.4465029602870345
3557,3.747255075722933
3558,3.5452309530228376
3559,3.4729529870674014
3560,3.997129970230162
3561,4.489971906878054
3562,4.63292608037591
3563,4.276950960047543
3564,4.175438079982996
3565,4.098001983948052
3566,4.6848050551488996
3567,4.092574003152549
3568,4.261046997271478
3569,4.149189102463424
3570,4.164593061432242
3571,4.2142270831391215
3572,4.452144959941506
3573,4.024422029033303
3574,4.005543072707951
3575,3.7859230069443583
3576,3.85389500297606
3577,3.847165033221245
3578,3.7891779793426394
3579,3.852332942187786
3580,4.006936098448932
3581,4.096150049008429
3582,3.5295370034873486
3583,4.341677995398641
3584,3.5303779877722263
3585,4.140516044571996
3586,3.7833189126104116
3587,4.446956911124289
3588,4.227086086757481
3589,4.239554982632399
3590,4.054727032780647
3591,4.408068023622036
3592,3.9585019694641232
3593,3.8088170113041997
3594,4.122138023376465
3595,4.157642018981278
3596,3.9972609374672174
3597,3.874987014569342
3598,3.9805950364097953
3599,3.668386023491621
3600,3.7364879390224814
3601,3.9314819732680917
3602,4.5965820318087935
3603,3.9878360694274306
3604,4.865276045165956
3605,5.067230085842311
3606,4.093505092896521
3607,4.290471901185811
3608,4.310701973736286
3609,4.836812964640558
3610,4.954611067660153
3611,4.560076980851591
3612,4.291213001124561
3613,4.324111971072853
3614,4.300547065213323
3615,4.476030939258635
3616,3.635186003521085
3617,3.9656630251556635
3618,3.5214449744671583
3619,4.069339018315077
3620,4.237140994518995
3621,4.046103917062283
3622,3.9185029454529285
3623,4.412494949065149
3624,4.268408985808492
3625,3.899312927387655
3626,3.369576996192336
3627,4.065262037329376
3628,4.5214989222586155
3629,4.679266945458949
3630,4.352655028924346
3631,4.5956510584801435
3632,3.624140052124858
3633,3.9343960816040635
3634,3.8195629604160786
3635,3.9819469675421715
3636,4.32961992919445
3637,3.9584130281582475
3638,3.9717520121484995
3639,4.535120096988976
3640,4.057822050526738
3641,4.313666024245322
3642,3.41797003056854
3643,4.024422029033303
3644,4.405023995786905
3645,3.6171290557831526
3646,4.529771045781672
3647,3.807275090366602
3648,3.83294397033751
3649,4.18074696790427
3650,3.673875005915761
3651,4.180295974947512
3652,4.097420955076814
3653,3.891031024977565
3654,3.9732150034978986
3655,3.9160080486908555
3656,3.986204043030739
3657,4.650794086046517
3658,4.320196923799813
3659,4.336780984885991
3660,3.9812169270589948
3661,4.126964951865375
3662,3.713865065947175
3663,4.080435959622264
3664,3.917780937626958
3665,3.8328930968418717
3666,3.6136440467089415
3667,3.576467977836728
3668,4.39808308146894
3669,3.516197088174522
3670,3.8734039990231395
3671,4.19677107129246
3672,4.338213009759784
3673,4.6092210104689
3674,4.957554046995938
3675,3.6936040269210935
3676,4.393176990561187
3677,4.344492917880416
3678,4.39719099085778
3679,4.515729960985482
3680,3.7517210002988577
3681,4.155948990955949
3682,3.9096089312806726
3683,3.2877129269763827
3684,3.7904089549556375
3685,3.0348639702424407
3686,4.8077990068122745
3687,3.6801230162382126
3688,3.6350059090182185
3689,5.489454953931272
3690,4.980769008398056
3691,3.978632972575724
3692,3.9604250341653824
3693,4.2573719983920455
3694,4.237440996803343
3695,3.7475749850273132
3696,3.2111380714923143
3697,3.8021670188754797
3698,3.3676839666441083
3699,4.6828510239720345
3700,3.9016370428726077
3701,4.625785979442298
3702,4.254207015037537
3703,3.8791230181232095
3704,4.18564397841692
3705,4.147056024521589
3706,4.633017000742257
3707,3.58992803376168
3708,3.947074990719557
3709,3.8023280212655663
3710,4.855601000599563
3711,5.740922060795128
3712,5.103874020278454
3713,3.9163290057331324
3714,4.37958596739918
3715,4.235058091580868
3716,4.6812500804662704
3717,3.916518995538354
3718,4.023059969767928
3719,4.010900971479714
3720,4.381317994557321
3721,3.9337759371846914
3722,3.8145360304042697
3723,3.8673150120303035
3724,3.914325963705778
3725,3.6043800646439195
3726,3.7307500606402755
3727,4.150750930421054
3728,3.5240990109741688
3729,3.855937975458801
3730,3.3156060380861163
3731,3.980344976298511
3732,4.098281962797046
3733,5.385928903706372
3734,4.432594985701144
3735,4.712886991910636
3736,4.501760005950928
3737,3.930330043658614
3738,4.238833906129003
3739,3.7537949392572045
3740,3.797168959863484
3741,4.385033971630037
3742,3.9457629900425673
3743,3.766612964682281
3744,3.284748992882669
3745,3.6830781027674675
3746,3.7611150182783604
3747,3.625492099672556
3748,3.6447099409997463
3749,3.714294987730682
3750,3.8671449292451143
3751,3.395054955035448
3752,3.7167189875617623
3753,3.802587976679206
3754,3.413502941839397
3755,3.898411989212036
3756,3.553113085217774
3757,3.8794029969722033
3758,4.004150978289545
3759,4.051090916618705
3760,3.6668439861387014
3761,3.568375948816538
3762,3.59307206235826
3763,4.161877906881273
3764,3.5342039773240685
3765,3.500642953440547
3766,3.9036100497469306
3767,3.5188019974157214
3768,4.043679917231202
3769,3.7009449442848563
3770,3.6812659818679094
3771,4.409960936754942
3772,4.2368610156700015
3773,3.9584129117429256
3774,3.856498980894685
3775,5.3400000324472785
3776,3.991372068412602
3777,4.611505079083145
3778,4.623802960850298
3779,4.132594098336995
3780,3.858401905745268
3781,4.025311907753348
3782,3.7895679706707597
3783,4.17479791212827
3784,5.266919964924455
3785,5.120489047840238
3786,5.282513098791242
3787,4.669851972721517
3788,4.6728759771212935
3789,4.299734951928258
3790,3.4183099633082747
3791,3.4371879883110523
3792,4.033085075207055
3793,4.174477071501315
3794,3.7351070204749703
3795,3.876908915117383
3796,3.8595841033384204
3797,4.042719956487417
3798,4.361037979833782
3799,3.449668060056865
3800,4.2731460416689515
3801,4.182358970865607
3802,3.564359969459474
3803,4.122699028812349
3804,3.449947922490537
3805,3.5034080501645803
3806,3.6224370123818517
3807,3.4813450183719397
3808,3.31681699026376
3809,3.4741039853543043
3810,3.55325301643461
3811,3.5644499585032463
3812,3.400083049200475
3813,3.117477986961603
3814,3.5604439908638597
3815,4.86455496866256
3816,4.405435058288276
3817,4.077411023899913
3818,3.330579027533531
3819,3.91304399818182
3820,3.7801238941028714
3821,4.303771071135998
3822,3.992563928477466
3823,3.7022869801148772
3824,5.308342049829662
3825,4.404143081046641
3826,4.437291994690895
3827,4.87001403234899
3828,4.65919601265341
3829,4.163068952038884
3830,4.438905045390129
3831,4.683051956817508
3832,4.47435793466866
3833,4.034176003187895
3834,3.731069969944656
3835,3.913354012183845
3836,4.0836300468072295
3837,3.8570399628952146
3838,4.205093020573258
3839,3.798702033236623
3840,4.388849018141627
3841,3.9412659825757146
3842,4.325413960032165
3843,3.874185960739851
3844,3.8757380098104477
3845,4.355348995886743
3846,3.7388220662251115
3847,4.450712003745139
3848,4.732286091893911
3849,5.318587995134294
3850,4.094246891327202
3851,4.626907990314066
3852,4.293607082217932
3853,4.65814396739006
3854,4.236661014147103
3855,5.235641961917281
3856,5.026578903198242
3857,4.087287001311779
3858,3.608184983022511
3859,4.154416965320706
3860,4.135238006711006
3861,3.8887880509719253
3862,3.6930430214852095
3863,3.5283350152894855
3864,4.569460987113416
3865,4.14935895241797
3866,4.498976049944758
3867,4.46633598767221
3868,3.560323966667056
3869,4.603291978128254
3870,4.960619029588997
3871,4.320036969147623
3872,4.504853975959122
3873,4.334458033554256
3874,4.20726602897048
3875,4.977083997800946
3876,5.126829957589507
3877,4.158372990787029
3878,4.34369093272835
3879,4.26883902400732
3880,3.623558906838298
3881,4.048869013786316
3882,3.940655034966767
3883,4.553957027383149
3884,4.38210996799171
3885,3.80085501819849
3886,3.6379200173541903
3887,4.046645015478134
3888,4.840579000301659
3889,4.096110002137721
3890,3.872203058563173
3891,4.165763966739178
3892,4.323972039856017
3893,3.7756679812446237
3894,3.962908056564629
3895,4.165843944065273
3896,3.7445409689098597
3897,3.9795440388843417
3898,4.149538930505514
3899,5.885540042072535
3900,4.730473039671779
3901,5.023434059694409
3902,3.8307299837470055
3903,3.463088069111109
3904,4.301528912037611
3905,4.033025004900992
3906,4.295238992199302
3907,3.985162009485066
3908,4.191812942735851
3909,3.9297089679166675
3910,3.6911709466949105
3911,4.2077170219272375
3912,4.782531061209738
3913,3.982188063673675
3914,4.910203046165407
3915,4.362659994512796
3916,4.280877998098731
3917,4.91293694358319
3918,4.3200659565627575
3919,4.425083985552192
3920,4.598985076881945
3921,5.018997006118298
3922,4.726386978290975
3923,4.526996985077858
3924,4.365875036455691
3925,4.472494940273464
3926,4.342000000178814
3927,4.993198090232909
3928,4.912515985779464
3929,3.9353780448436737
3930,5.445178016088903
3931,4.213034990243614
3932,4.660567967221141
3933,4.715549992397428
3934,4.150160006247461
3935,4.329279996454716
3936,3.8948769215494394
3937,4.25036100205034
3938,4.447838990017772
3939,4.6436929842457175
3940,3.8883870001882315
3941,3.7242600228637457
3942,3.8000339409336448
3943,4.495789995416999
3944,4.339364939369261
3945,3.897289978340268
3946,4.140926990658045
3947,4.370771930553019
3948,4.3260849779471755
3949,3.962838905863464
3950,3.980466048233211
3951,4.999627941288054
3952,3.994976985268295
3953,3.3832170302048326
3954,4.000145010650158
3955,5.257476004771888
3956,4.171622917056084
3957,5.290015018545091
3958,5.14457596000284
3959,4.40345099195838
3960,4.697734024375677
3961,4.919897997751832
3962,4.449810949154198
3963,4.280747030861676
3964,3.9004150312393904
3965,7.067827973514795
3966,3.7890179082751274
3967,4.629862029105425
3968,4.6916649444028735
3969,3.805713029578328
3970,4.231642931699753
3971,4.2157190619036555
3972,4.374798038043082
3973,4.383450956083834
3974,4.226034972816706
3975,4.843684029765427
3976,5.301332101225853
3977,4.251723061315715
3978,4.864185000769794
3979,5.48921397421509
3980,4.800498951226473
3981,4.208286991342902
3982,4.955300944857299
3983,4.82519599609077
3984,4.718906013295054
3985,4.584884038195014
3986,4.227307043038309
3987,5.006047082133591
3988,4.689601017162204
3989,3.8127430016174912
3990,4.443340934813023
3991,4.886869108304381
3992,3.7332740612328053
3993,5.666521028615534
3994,4.9741590628400445
3995,5.061530973762274
3996,4.2547580087557435
3997,4.854097962379456
3998,4.608439980074763
3999,4.712676978670061
4000,4.485444980673492
4001,3.9709409466013312
4002,3.459512023255229
4003,3.376457025296986
4004,3.8877970073372126
4005,3.510990063659847
4006,3.960535046644509
4007,4.453878034837544
4008,3.531049005687237
4009,4.293586011044681
4010,3.8613759679719806
4011,4.057331010699272
4012,4.887468996457756
4013,4.977113916538656
4014,4.310771939344704
4015,3.759223036468029
4016,4.105973988771439
4017,4.10770601592958
4018,3.4578200429677963
4019,4.414548049680889
4020,4.078773898072541
4021,3.934536944143474
4022,4.045102978125215
4023,4.457692964933813
4024,3.940424998290837
4025,4.095226991921663
4026,4.293947014957666
4027,4.383301013149321
4028,4.7484299866482615
4029,3.9050420746207237
4030,3.8539859233424067
4031,4.149178974330425
4032,3.6196530563756824
4033,3.9612159598618746
4034,3.5228170454502106
4035,3.555486095137894
4036,4.024491994641721
4037,3.79789003636688
4038,3.8813769351691008
4039,4.128167987801135
4040,4.3895309790968895
4041,3.833453985862434
4042,3.970140009187162
4043,3.7006750935688615
4044,3.6262429784983397
4045,3.575415932573378
4046,3.482006024569273
4047,3.5612250212579966
4048,4.080184968188405
4049,3.739743959158659
4050,3.4156269393861294
4051,3.784460946917534
4052,3.6137630231678486
4053,3.8234899984672666
4054,3.9230389520525932
4055,3.604089026339352
4056,3.934195963665843
4057,3.5082160029560328
4058,3.755728015676141
4059,3.224177984520793
4060,3.816538956016302
4061,4.237351007759571
4062,3.6101980367675424
4063,3.8359080208465457
4064,3.1429160153493285
4065,3.8918419741094112
4066,3.629406914114952
4067,4.023689893074334
4068,3.909067949280143
4069,3.8341759936884046
4070,3.787694964557886
4071,3.52751393802464
4072,3.3661610214039683
4073,3.8441700162366033
4074,3.0111069791018963
4075,3.6785919219255447
4076,3.310487954877317
4077,3.2691359519958496
4078,3.6465630400925875
4079,4.038953920826316
4080,3.8239399436861277
4081,4.313076031394303
4082,3.821366000920534
4083,3.780334023758769
4084,3.8852819707244635
4085,3.5186909371986985
4086,3.7924429634585977
4087,3.490698989480734
4088,3.4719910472631454
4089,3.853684989735484
4090,4.293877049349248
4091,3.864541999064386
4092,3.590068081393838
4093,5.85323094855994
4094,4.372335039079189
4095,4.35375701636076
4096,4.109970992431045
4097,3.483567968942225
4098,3.9407260483130813
4099,3.482456086203456
4100,3.7477159639820457
4101,3.2697569113224745
4102,4.509740974754095
4103,3.815187024883926
4104,3.72747506480664
4105,4.057220998220146
4106,3.8126730360090733
4107,3.344598924741149
4108,3.700423985719681
4109,3.9228779496625066
4110,3.5438189515843987
4111,3.7573300069198012
4112,3.4572079312056303
4113,4.0320620173588395
4114,3.5385910887271166
4115,4.104751977138221
4116,3.7934440188109875
4117,4.065603017807007
4118,4.280206048861146
4119,3.558480995707214
4120,3.6917610559612513
4121,3.7114210426807404
4122,4.34384192340076
4123,3.587864921428263
4124,3.791901981458068
4125,3.7033490370959044
4126,3.598811919800937
4127,3.6557980347424746
4128,3.6403340054675937
4129,4.194857086986303
4130,4.67058306094259
4131,4.117891890928149
4132,3.9480370469391346
4133,4.052142961882055
4134,3.7796340184286237
4135,3.543968894518912
4136,3.345852019265294
4137,3.5846499959006906
4138,3.853835049085319
4139,3.9120219880715013
4140,3.8864039815962315
4141,4.377612029202282
4142,4.469201085157692
4143,4.022098029963672
4144,3.9687480311840773
4145,3.9310019928961992
4146,4.176340065896511
4147,4.027485963888466
4148,3.537569078616798
4149,3.690178971737623
4150,4.06806799583137
4151,4.703351994976401
4152,4.085023072548211
4153,4.114947048947215
4154,4.248938988894224
4155,3.6313809687271714
4156,4.251944017596543
4157,4.086334025487304
4158,3.780334023758769
4159,3.7162979133427143
4160,4.05229302123189
4161,4.320326028391719
4162,4.2796049965545535
4163,4.0640810038894415
4164,4.000155022367835
4165,3.93046997487545
4166,4.192954977042973
4167,4.70267201308161
4168,4.034747020341456
4169,4.110811976715922
4170,3.3173280535265803
4171,4.066705005243421
4172,3.840845893137157
4173,4.156760987825692
4174,4.705575993284583
4175,5.378857953473926
4176,4.210791899822652
4177,4.348258022218943
4178,4.052905016578734
4179,4.652456031180918
4180,4.605835070833564
4181,4.08950902055949
4182,4.335940000601113
4183,4.375869990326464
4184,3.7328730104491115
4185,3.89127095695585
4186,4.0614670142531395
4187,3.828707034699619
4188,4.047956899739802
4189,3.850189968943596
4190,3.676387947052717
4191,4.55061299726367
4192,4.429891938343644
4193,4.386335029266775
4194,4.020505934022367
4195,4.657804034650326
4196,4.041808075271547
4197,4.670933005400002
4198,4.4581739930436015
4199,4.013955942355096
4200,3.9420980028808117
4201,3.957160050049424
4202,3.843839978799224
4203,4.2131050722673535
4204,4.542659968137741
4205,3.5533129703253508
4206,3.6358979996293783
4207,3.757819999009371
4208,3.4706590231508017
4209,3.606121987104416
4210,4.385815002024174
4211,3.9920429699122906
4212,4.73610102199018
4213,3.6585310008376837
4214,4.01446595788002
4215,3.8773909909650683
4216,3.4839289728552103
4217,3.666804055683315
4218,4.278413951396942
4219,3.415415994822979
4220,3.573913942091167
4221,4.364002030342817
4222,4.1335460264235735
4223,4.2869169265031815
4224,4.98927291482687
4225,4.324872978031635
4226,4.683583043515682
4227,4.954620031639934
4228,4.7477190382778645
4229,4.103009938262403
4230,4.674349096603692
4231,3.885973012074828
4232,4.783081938512623
4233,4.006053088232875
4234,3.8731240201741457
4235,3.7378600100055337
4236,4.583931993693113
4237,4.987399908713996
4238,3.9148470386862755
4239,3.448394942097366
4240,4.013514961116016
4241,3.5629579797387123
4242,3.778932965360582
4243,3.7371088983491063
4244,3.4124620724469423
4245,4.1276669362559915
4246,3.772892989218235
4247,3.639723057858646
4248,3.701495938003063
4249,3.984732087701559
4250,3.8700499571859837
4251,3.4537030151113868
4252,3.420243039727211
4253,3.7049519596621394
4254,3.635156899690628
4255,3.7341349525377154
4256,3.5889369901269674
4257,3.3949249191209674
4258,4.610012052580714
4259,3.8321720203384757
4260,3.929888946004212
4261,4.625195055268705
4262,4.46656602434814
4263,4.251062055118382
4264,3.909387974999845
4265,4.2504119919613
4266,3.565772087313235
4267,3.5860020434483886
4268,3.558450029231608
4269,4.0343760047107935
4270,4.271002020686865
4271,4.279855987988412
4272,3.9335250621661544
4273,3.6229781107977033
4274,4.108879016712308
4275,3.8941849488765
4276,3.917000023648143
4277,3.9524929597973824
4278,4.235839005559683
4279,3.9169900119304657
4280,3.6394629860296845
4281,3.6788720171898603
4282,4.069418995641172
4283,3.6207650555297732
4284,3.7344349548220634
4285,4.064070992171764
4286,3.555264906026423
4287,3.86817695107311
4288,3.9063040167093277
4289,3.8012659642845392
4290,3.612972912378609
4291,3.68897698353976
4292,4.2234709253534675
4293,4.570433055050671
4294,4.154808004386723
4295,4.867799929343164
4296,4.764875047840178
4297,4.360707011073828
4298,4.095638985745609
4299,4.334907978773117
4300,4.562110058031976
4301,4.482609918341041
4302,4.708760068751872
4303,4.431153065524995
4304,4.915021010674536
4305,4.312395001761615
4306,4.27909498102963
4307,3.88002407271415
4308,4.011031007394195
4309,3.88329999987036
4310,4.036118974909186
4311,3.6962280282750726
4312,4.259514971636236
4313,4.093054914847016
4314,3.9077659603208303
4315,4.457733011804521
4316,3.9383029798045754
4317,3.7586819380521774
4318,3.697820007801056
4319,3.625182085670531
4320,3.921917057596147
4321,3.675746964290738
4322,4.08010499086231
4323,3.9893080247566104
4324,3.713925019837916
4325,4.142147954553366
4326,4.065743996761739
4327,4.139053984545171
4328,4.045573063194752
4329,3.920775023289025
4330,3.5737940343096852
4331,4.1496900375932455
4332,3.8670949870720506
4333,4.240686073899269
4334,4.703112062998116
4335,3.863238962367177
4336,4.248687997460365
4337,3.7882369942963123
4338,3.200051956810057
4339,3.9012159686535597
4340,3.3118899445980787
4341,3.601646050810814
4342,3.6682160571217537
4343,3.978441935032606
4344,3.658512025140226
4345,3.324499004520476
4346,3.8588029565289617
4347,3.0727300327271223
4348,3.9418970700353384
4349,3.7068339297547936
4350,3.129655960947275
4351,3.175596008077264
4352,4.2090899078175426
4353,3.471961012110114
4354,4.145533079281449
4355,3.8106199353933334
4356,3.7621570518240333
4357,3.470549010671675
4358,4.183750948868692
4359,4.242078983224928
4360,4.483481985516846
4361,5.97801897674799
4362,5.255743977613747
4363,4.31226403452456
4364,4.4150789035484195
4365,4.637483041733503
4366,4.972746944986284
4367,4.396070027723908
4368,4.156821058131754
4369,3.65253200288862
4370,3.4273830242455006
4371,4.74625697825104
4372,3.6857520462945104
4373,4.001697991043329
4374,4.324443056248128
4375,4.506475990638137
4376,4.241548012942076
4377,5.205798079259694
4378,5.121772061102092
4379,3.8792239502072334
4380,4.16860799305141
4381,3.8032090524211526
4382,3.823820035904646
4383,3.9874459616839886
4384,3.765922039747238
4385,3.7816560361534357
4386,3.964580944739282
4387,4.053756012581289
4388,4.069629008881748
4389,3.834154922515154
4390,3.6863640416413546
4391,3.914597094990313
4392,3.87482694350183
4393,3.8741359021514654
4394,3.92708508297801
4395,3.5989020252600312
4396,4.3653539614751935
4397,4.175178008154035
4398,3.546893014572561
4399,4.007947049103677
4400,3.9643810596317053
4401,3.74528206884861
4402,4.187616985291243
4403,4.009780008345842
4404,4.391513066366315
4405,3.9436309598386288
4406,3.910809988155961
4407,3.653252962976694
4408,3.4822060260921717
4409,3.878081915900111
4410,3.921387018635869
4411,4.016488906927407
4412,3.8036489859223366
4413,3.632853040471673
4414,3.8173809880390763
4415,3.669218043796718
4416,3.353653009980917
4417,3.5188220208510756
4418,3.594975918531418
4419,4.104161984287202
4420,3.6502889124676585
4421,3.596679074689746
4422,4.009888973087072
4423,3.588775987736881
4424,4.224653006531298
4425,3.1406020279973745
4426,3.143507055938244
4427,3.8916319608688354
4428,3.7630690494552255
4429,3.8176410598680377
4430,3.568044980056584
4431,4.15520800743252
4432,4.731994937174022
4433,4.3258750811219215
4434,4.00077598169446
4435,4.011802957393229
4436,3.928657970391214
4437,3.5068229772150517
4438,3.580124001018703
4439,3.6788020515814424
4440,3.6800639936700463
4441,4.026996088214219
4442,3.9649730315431952
4443,3.358741058036685
4444,4.174706991761923
4445,4.284893977455795
4446,4.375240067020059
4447,4.270210978575051
4448,4.442729987204075
4449,3.898681956343353
4450,3.4791419748216867
4451,3.900835057720542
4452,3.9277960313484073
4453,3.8743859622627497
4454,4.43180394358933
4455,4.0592240402475
4456,4.225513897836208
4457,3.9929139893501997
4458,3.7761679850518703
4459,3.6101880250498652
4460,3.8455730536952615
4461,3.863158985041082
4462,3.726413007825613
4463,3.9226380176842213
4464,4.106024978682399
4465,4.373305942863226
4466,4.020496038720012
4467,3.6025469889864326
4468,3.7177010672166944
4469,3.6232079146429896
4470,3.5926420241594315
4471,3.844982013106346
4472,3.7211959715932608
4473,3.9718319894745946
4474,3.668626886792481
4475,4.355749930255115
4476,4.595831036567688
4477,3.857749979943037
4478,4.3220799416303635
4479,3.846464096568525
4480,3.3673240104690194
4481,4.087795969098806
4482,3.775296965613961
4483,4.018562030978501
4484,4.918967024423182
4485,3.635126049630344
4486,3.9333440363407135
4487,3.5263430327177048
4488,3.853804897516966
4489,3.640813985839486
4490,3.579302108846605
4491,3.543417900800705
4492,3.7550870329141617
4493,4.093174007721245
4494,3.731079981662333
4495,3.857359988614917
4496,3.8817169843241572
4497,3.937161061912775
4498,3.910930943675339
4499,3.825022024102509
4500,3.9621080504730344
4501,4.432023968547583
4502,3.9016560185700655
4503,4.436161019839346
4504,4.274577018804848
4505,4.788690945133567
4506,3.917281050235033
4507,4.186375066637993
4508,3.77507705707103
4509,3.803399042226374
4510,3.629148006439209
4511,3.379291039891541
4512,4.128909087739885
4513,3.7398439599201083
4514,3.9070460479706526
4515,4.002767964266241
4516,3.413142985664308
4517,3.7373899249359965
4518,3.5811560228466988
4519,3.590998938307166
4520,3.9821979589760303
4521,3.8691979134455323
4522,3.6544849863275886
4523,3.6092869704589248
4524,3.8872049190104008
4525,4.112454014830291
4526,4.112344002351165
4527,3.2786399824544787
4528,3.779803984798491
4529,4.044362111017108
4530,3.925441997125745
4531,3.7377099506556988
4532,3.8744760677218437
4533,4.066735040396452
4534,3.9244010113179684
4535,3.377377986907959
4536,3.778822021558881
4537,4.173294990323484
4538,4.214476910419762
4539,4.006544011645019
4540,4.014236037619412
4541,4.13953501265496
4542,4.039343912154436
4543,3.738291095942259
4544,3.556148032657802
4545,3.9271150017157197
4546,3.686352982185781
4547,3.8459530333057046
4548,3.759172046557069
4549,3.88691492844373
4550,3.9381219539791346
4551,3.975298022851348
4552,3.8008959963917732
4553,4.883343004621565
4554,4.340606974437833
4555,4.128778004087508
4556,3.8792130071669817
4557,3.5335029242560267
4558,3.9145160699263215
4559,3.285791026428342
4560,4.068267997354269
4561,3.6470639752224088
4562,3.4868729999288917
4563,3.7427080096676946
4564,3.5868039121851325
4565,3.26240505091846
4566,4.302439978346229
4567,3.771962015889585
4568,3.3248100662603974
4569,3.5702979657799006
4570,3.4922119230031967
4571,4.2067860485985875
4572,3.3892870415002108
4573,3.759854007512331
4574,3.148333984427154
4575,3.5080049419775605
4576,3.197978949174285
4577,4.000706016086042
4578,3.936890047043562
4579,3.4327820176258683
4580,4.169960040599108
4581,3.7608349230140448
4582,3.6164979683235288
4583,3.6109299398958683
4584,3.8177709793671966
4585,4.468639031983912
4586,4.01801208499819
4587,3.7205240223556757
4588,3.749317955225706
4589,3.6998640280216932
4590,4.226946039125323
4591,3.847255022265017
4592,4.083059960976243
4593,3.883620025590062
4594,3.985942923463881
4595,3.9798839716240764
4596,4.004952032119036
4597,4.605244961567223
4598,3.873334964737296
4599,4.215587978251278
4600,3.5197929246351123
4601,3.889548941515386
4602,3.914235974662006
4603,4.081738064996898
4604,4.079393926076591
4605,4.0813779924064875
4606,3.9783319225534797
4607,3.780925995670259
4608,3.7932139821350574
4609,3.807474975474179
4610,3.818352008238435
4611,3.2610639464110136
4612,3.8237300468608737
4613,4.313156008720398
4614,4.050410934723914
4615,4.046403919346631
4616,4.134717048145831
4617,3.3884450094774365
4618,3.840193967334926
4619,3.595567075535655
4620,4.071012022905052
4621,3.8633589865639806
4622,3.892573993653059
4623,4.9926480278372765
4624,3.9284270023927093
4625,3.6801639944314957
4626,3.6156970309093595
4627,3.700984991155565
4628,3.5256209084764123
4629,3.681386006064713
4630,4.504843964241445
4631,3.890138934366405
4632,3.5858319606631994
4633,4.344091983512044
4634,4.706718027591705
4635,4.093335010111332
4636,4.163300036452711
4637,3.8982920814305544
4638,4.341759020462632
4639,3.880714997649193
4640,3.528336063027382
4641,3.361415001563728
4642,3.223177045583725
4643,3.654555999673903
4644,3.352151019498706
4645,3.6773900501430035
4646,3.0953340465202928
4647,4.800248076207936
4648,4.279794986359775
4649,4.327227012254298
4650,4.57331701181829
4651,4.917924990877509
4652,4.429040011018515
4653,3.9210759568959475
4654,4.398924997076392
4655,4.045663983561099
4656,4.326855996623635
4657,5.656905937939882
4658,4.208287922665477
4659,4.448478925041854
4660,3.705742070451379
4661,4.457943025045097
4662,3.8673749659210443
4663,3.826914937235415
4664,3.9728840347379446
4665,3.708637086674571
4666,3.7169690476730466
4667,3.2396320020779967
4668,3.9355579065158963
4669,4.4627010356634855
4670,3.5867729457095265
4671,3.105269046500325
4672,3.562956932000816
4673,3.56951798312366
4674,3.567685023881495
4675,3.8469049613922834
4676,3.2240779837593436
4677,4.0145659586414695
4678,3.9032200584188104
4679,3.6626480286940932
4680,4.145553917624056
4681,3.5323010524734855
4682,3.6899279803037643
4683,3.6912799114361405
4684,3.7949170218780637
4685,3.686412936076522
4686,5.223153973929584
4687,3.8419869961217046
4688,3.8000139174982905
4689,3.6301289219409227
4690,3.8146459264680743
4691,3.9515120442956686
4692,3.5654809325933456
4693,3.8978609954938293
4694,3.65199102088809
4695,3.9120829897001386
4696,3.5909400321543217
4697,3.348846104927361
4698,3.274844028055668
4699,3.049044986255467
4700,3.5264629404991865
4701,3.620924078859389
4702,3.6153070395812392
4703,3.680253983475268
4704,3.5882260417565703
4705,3.666893928311765
4706,3.7375099491328
4707,4.239014000631869
4708,3.9121919544413686
4709,3.8925439585000277
4710,3.7394330138340592
4711,3.467984963208437
4712,3.752702963538468
4713,3.701506066136062
4714,3.621586016379297
4715,3.578280913643539
4716,3.222055034711957
4717,3.611401072703302
4718,3.909499035216868
4719,4.257882945239544
4720,3.877890994772315
4721,3.776479046791792
4722,3.8940749363973737
4723,4.849832970649004
4724,4.157471004873514
4725,3.5316910361871123
4726,3.813855000771582
4727,3.089345060288906
4728,3.431319957599044
4729,3.501254948787391
4730,3.606393001973629
4731,3.405591007322073
4732,3.0899859266355634
4733,3.4559769555926323
4734,3.6000540712848306
4735,4.066815017722547
4736,4.574137972667813
4737,4.1060339426621795
4738,3.7450509844347835
4739,3.4262320259585977
4740,3.8171400083228946
4741,3.6046099849045277
4742,4.079435020685196
4743,4.331914009526372
4744,4.031502990983427
4745,3.8533640326932073
4746,3.757860977202654
4747,4.567918949760497
4748,3.8738149451091886
4749,4.438093979842961
4750,4.254627041518688
4751,4.1660950519144535
4752,3.705151961185038
4753,3.7364690797403455
4754,3.63998394459486
4755,3.831100999377668
4756,3.6210149992257357
4757,3.700864966958761
4758,3.729016985744238
4759,3.3291360596194863
4760,4.1464450769126415
4761,4.0057029109448195
4762,3.604009049013257
4763,3.5801840713247657
4764,3.923879936337471
4765,3.508265013806522
4766,4.022418987005949
4767,3.7853820249438286
4768,3.5287970677018166
4769,3.7387319607660174
4770,3.503297921270132
4771,4.221027018502355
4772,5.108040990307927
4773,4.556691972538829
4774,4.567477968521416
4775,4.288427997380495
4776,3.847575979307294
4777,3.876739996485412
4778,4.006774979643524
4779,4.105634056031704
4780,3.9571509696543217
4781,3.8456429028883576
4782,3.813354065641761
4783,3.8035489851608872
4784,3.7696589715778828
4785,3.6549660144373775
4786,3.853584988974035
4787,3.8363690255209804
4788,3.7101489724591374
4789,3.854515962302685
4790,4.104712046682835
4791,5.462353932671249
4792,4.444584017619491
4793,4.182028933428228
4794,3.515095100738108
4795,3.978351945988834
4796,3.7224970292299986
4797,3.34400893189013
4798,4.00937907397747
4799,3.8257020059973
4800,3.6931929644197226
4801,3.353171981871128
4802,3.8028289563953876
4803,3.5645400639623404
4804,3.7485670763999224
4805,3.5791120026260614
4806,3.6339539801701903
4807,3.609778010286391
4808,3.766354057006538
4809,3.7467939546331763
4810,3.9884570287540555
4811,3.8362789200618863
4812,3.6130130756646395
4813,3.8799040485173464
4814,3.620424075052142
4815,3.601324977353215
4816,3.785132081247866
4817,3.8070440059527755
4818,3.743028035387397
4819,3.566492930985987
4820,4.0047719376161695
4821,3.457790007814765
4822,3.8376509910449386
4823,3.604779951274395
4824,3.8713309913873672
4825,3.8068840513005853
4826,3.6843300331383944
4827,3.783849999308586
4828,4.266835981979966
4829,4.172433982603252
4830,3.7460930179804564
4831,3.391940030269325
4832,3.805721993558109
4833,3.447905066423118
4834,3.704249975271523
4835,3.3960359869524837
4836,4.015086917206645
4837,3.6130130756646395
4838,3.701106063090265
4839,3.928277059458196
4840,3.461265005171299
4841,3.6862229462713003
4842,3.783097956329584
4843,3.9887879975140095
4844,3.614545101299882
4845,3.500052960589528
4846,3.880365053191781
4847,3.6369389854371548
4848,3.4783199662342668
4849,3.8461840013042092
4850,3.9098389679566026
4851,3.5815059673041105
4852,3.7815860705450177
4853,3.835367038846016
4854,3.579552983865142
4855,3.693745005875826
4856,3.533423994667828
4857,3.7880069576203823
4858,4.124742932617664
4859,4.137602052651346
4860,4.038221901282668
4861,4.78277204092592
4862,4.301619017496705
4863,4.007725976407528
4864,3.7845009937882423
4865,4.120495985262096
4866,3.8923230022192
4867,4.061828018166125
4868,3.7820470752194524
4869,3.7899590097367764
4870,3.619633032940328
4871,3.2842180225998163
4872,3.7758180405944586
4873,3.7485769717022777
4874,3.722105990163982
4875,4.184001940302551
4876,3.6960470024496317
4877,4.151351982727647
4878,3.887925995513797
4879,3.9347370620816946
4880,3.5225169267505407
4881,3.8775099674239755
4882,3.869759035296738
4883,3.8200849667191505
4884,3.661014954559505
4885,3.567824955098331
4886,3.510679001919925
4887,3.5447609843686223
4888,3.7104589864611626
4889,3.6028679460287094
4890,3.5370989935472608
4891,3.685091040097177
4892,3.7285060388967395
4893,3.1344230519607663
4894,3.802378079853952
4895,3.6672239657491446
4896,3.4907489316537976
4897,3.679372020997107
4898,3.694434999488294
4899,4.373976960778236
4900,4.761249991133809
4901,4.2522839503362775
4902,4.17889398522675
4903,3.8662939332425594
4904,4.299235064536333
4905,4.018391948193312
4906,4.176831105723977
4907,4.8998279962688684
4908,3.5920320078730583
4909,3.6981909070163965
4910,3.3769779838621616
4911,3.1465619103983045
4912,3.960235044360161
4913,3.1991900177672505
4914,3.8584419526159763
4915,3.6389719462022185
4916,3.858051961287856
4917,3.579932963475585
4918,3.4563469234853983
4919,3.6749059800058603
4920,3.367514000274241
4921,3.599653020501137
4922,3.3328720601275563
4923,3.4959870390594006
4924,4.342308966442943
4925,3.7421269807964563
4926,3.1535420566797256
4927,3.4992119763046503
4928,3.6329630529507995
4929,3.2110889442265034
4930,3.634906024672091
4931,3.5286759957671165
4932,3.859203075990081
4933,3.6370689049363136
4934,3.4943550126627088
4935,5.214620963670313
4936,4.422509926371276
4937,4.382749903015792
4938,4.361088038422167
4939,3.6936240503564477
4940,4.375569988042116
4941,4.112424096092582
4942,4.103030078113079
4943,4.50543500483036
4944,6.283228984102607
4945,4.576531006023288
4946,4.242989933118224
4947,4.9468789948150516
4948,4.400728037580848
4949,4.024241003207862
4950,4.615981015376747
4951,4.157511983066797
4952,3.9135750848799944
4953,3.80629301071167
4954,3.791611990891397
4955,3.650408936664462
4956,3.7703500129282475
4957,4.10667504183948
4958,3.505761967971921
4959,3.6674049915745854
4960,4.033656092360616
4961,3.7494379794225097
4962,4.032172961160541
4963,4.38257004134357
4964,3.643658012151718
4965,4.54893009737134
4966,4.220075905323029
4967,4.045943962410092
4968,4.084722022525966
4969,4.187737009488046
4970,4.251733073033392
4971,3.788506961427629
4972,4.210421000607312
4973,4.049369017593563
4974,4.075317992828786
4975,3.855237038806081
4976,3.9669849211350083
4977,4.030471085570753
4978,3.440384054556489
4979,3.6594730336219072
4980,3.7877559661865234
4981,4.981901030987501
4982,3.987565985880792
4983,3.725823014974594
4984,4.105483065359294
4985,4.401969024911523
4986,4.330961965024471
4987,4.537052009254694
4988,4.242570023052394
4989,4.030651063658297
4990,3.6263030488044024
4991,4.135238006711006
4992,4.448299063369632
4993,4.172052955254912
4994,3.707284922711551
4995,4.449369967915118
4996,4.986647982150316
4997,4.58348193205893
4998,4.161778022535145
4999,3.9302699733525515
5000,3.8564889691770077
5001,4.108518012799323
5002,4.765486111864448
5003,4.089308902621269
5004,3.8390120025724173
5005,3.883669967763126
5006,3.5800939658656716
5007,4.312343895435333
5008,3.977731103077531
5009,3.9449610048905015
5010,3.9462639251723886
5011,3.9256130112335086
5012,3.899172996170819
5013,3.576949005946517
5014,4.272785037755966
5015,3.868847037665546
5016,3.914506989531219
5017,4.077821969985962
5018,3.9011059561744332
5019,4.114005947485566
5020,3.518010023981333
5021,3.9479160914197564
5022,4.092012997716665
5023,3.6838590167462826
5024,3.3462720457464457
5025,3.559001022949815
5026,3.536767908371985
5027,3.6108799977228045
5028,3.780483966693282
5029,3.6556869745254517
5030,4.535209969617426
5031,4.231101949699223
5032,4.08742600120604
5033,3.937029978260398
5034,3.9241109043359756
5035,3.7127729738131166
5036,3.924561897292733
5037,3.826183034107089
5038,3.4781600115820765
5039,4.518665024079382
5040,3.647715086117387
5041,3.7265439750626683
5042,4.023008979856968
5043,3.674704930745065
5044,4.01528796646744
5045,3.5155670484527946
5046,3.586794016882777
5047,3.202426014468074
5048,4.29483805783093
5049,3.9413970662280917
5050,4.411172936670482
5051,4.098802921362221
5052,3.9780120132490993
5053,3.253742936067283
5054,3.5848009865731
5055,3.5634080413728952
5056,3.5785509971901774
5057,3.8999749813228846
5058,3.584180027246475
5059,3.5589919425547123
5060,3.7310199113562703
5061,3.5146749578416348
5062,3.5308189690113068
5063,3.653824096545577
5064,3.2634070375934243
5065,3.565492108464241
5066,3.487534006126225
5067,3.539461991749704
5068,3.605751902796328
5069,3.774645971134305
5070,3.7788820918649435
5071,3.7017270224168897
5072,3.4325909800827503
5073,3.421786008402705
5074,3.8185619050636888
5075,3.693382954224944
5076,3.6375499330461025
5077,3.956989967264235
5078,3.803228959441185
5079,3.6448900355026126
5080,3.810861031524837
5081,3.2208230113610625
5082,3.726323018781841
5083,4.519616952165961
5084,3.6242699716240168
5085,3.620634088292718
5086,3.306242055259645
5087,3.6269340198487043
5088,3.721205983310938
5089,4.037561011500657
5090,3.736217971891165
5091,4.006414907053113
5092,3.9269760018214583
5093,3.824942046776414
5094,3.8191929925233126
5095,3.839723998680711
5096,3.5851820139214396
5097,3.80482105538249
5098,3.9610760286450386
5099,4.298483952879906
5100,3.7239290541037917
5101,3.6922419676557183
5102,3.6092469235882163
5103,3.1274830689653754
5104,3.7032479885965586
5105,3.6185819189995527
5106,3.8217169931158423
5107,3.6319310311228037
5108,3.807835979387164
5109,3.6378700751811266
5110,3.4563069930300117
5111,3.9579420117661357
5112,3.99109092541039
5113,4.135528928600252
5114,3.656047978438437
5115,3.7668240256607533
5116,3.8163679419085383
5117,4.0094590513035655
5118,3.7574300076812506
5119,3.593023051507771
5120,3.5235689720138907
5121,3.630479099228978
5122,3.173951990902424
5123,3.5682759480550885
5124,4.013546044006944
5125,3.9611259708181024
5126,3.580264048650861
5127,3.816619049757719
5128,3.7105799419805408
5129,3.5639600828289986
5130,3.633002983406186
5131,3.7383510498329997
5132,4.230712074786425
5133,3.308144980110228
5134,3.6291369469836354
5135,4.148798994719982
5136,3.2690149964764714
5137,4.012202960439026
5138,3.753724042326212
5139,4.225424025207758
5140,3.5588720347732306
5141,4.282770911231637
5142,3.798141027800739
5143,3.941696952097118
5144,4.101727972738445
5145,3.978992928750813
5146,3.920826013199985
5147,5.704818060621619
5148,5.1050359616056085
5149,4.884305060841143
5150,4.110250039957464
5151,4.08169801812619
5152,4.4047830160707235
5153,4.322680993936956
5154,3.9083269657567143
5155,4.06572304200381
5156,3.2426760299131274
5157,3.8805860094726086
5158,4.086454981006682
5159,3.8551170146092772
5160,4.480536910705268
5161,4.117492004297674
5162,3.2057599164545536
5163,4.434217931702733
5164,4.388197907246649
5165,3.4899780293926597
5166,3.9689079858362675
5167,3.861687029711902
5168,3.7887070793658495
5169,4.203521064482629
5170,3.286442020907998
5171,3.90387000516057
5172,4.070210969075561
5173,3.8164389552548528
5174,3.759172046557069
5175,3.687976044602692
5176,3.6174888955429196
5177,3.742616972886026
5178,3.6813360638916492
5179,3.5708389477804303
5180,3.8850520504638553
5181,3.503798972815275
5182,3.8104699924588203
5183,3.3754559699445963
5184,3.81147104781121
5185,3.9817269425839186
5186,3.74283897690475
5187,4.176449961960316
5188,3.6495679523795843
5189,4.284493043087423
5190,3.388265031389892
5191,3.92464199103415
5192,3.642327035777271
5193,4.008137038908899
5194,4.049389041028917
5195,3.559042001143098
5196,3.9532548980787396
5197,5.103454925119877
5198,4.778094938956201
5199,4.686266998760402
5200,4.1854140581563115
5201,3.6742950323969126
5202,3.7658120272681117
5203,3.7056419532746077
5204,3.6388220032677054
5205,3.7217969074845314
5206,3.542877035215497
5207,3.572171088308096
5208,3.7900590104982257
5209,3.409316996112466
5210,3.5589210456237197
5211,3.601385047659278
5212,3.4440680174157023
5213,5.351596977561712
5214,4.005983006209135
5215,4.651775001548231
5216,3.936980036087334
5217,3.671290003694594
5218,4.263840964995325
5219,3.7471549585461617
5220,3.6114900140091777
5221,3.788998001255095
5222,3.8679660065099597
5223,3.7285159341990948
5224,3.689678036607802
5225,3.194954013451934
5226,3.648265963420272
5227,4.167256993241608
5228,3.6628879606723785
5229,4.397302051074803
5230,4.500076989643276
5231,4.164492944255471
5232,3.2783199567347765
5233,3.580213990062475
5234,3.8605049485340714
5235,3.266792045906186
5236,3.661234979517758
5237,3.488956019282341
5238,3.5404739901423454
5239,4.0169700514525175
5240,3.833795082755387
5241,2.92210397310555
5242,3.1392299570143223
5243,3.737610997632146
5244,3.645481076091528
5245,3.7967590615153313
5246,3.719883970916271
5247,3.3807839499786496
5248,3.7504900246858597
5249,3.4619549987837672
5250,4.088387941010296
5251,4.830282996408641
5252,4.621929954737425
5253,4.35970607213676
5254,4.31791297160089
5255,3.6289970157667994
5256,4.005624097771943
5257,3.5731529351323843
5258,3.4595419419929385
5259,3.9055029628798366
5260,4.156209994107485
5261,4.490192048251629
5262,3.9494989905506372
5263,3.9592630928382277
5264,3.985021961852908
5265,4.119465011171997
5266,4.412434995174408
5267,4.30500297807157
5268,4.119404009543359
5269,4.122238024137914
5270,4.154758062213659
5271,3.962918999604881
5272,3.7783320294693112
5273,3.535546944476664
5274,4.033635021187365
5275,3.855849034152925
5276,3.5418958868831396
5277,3.3054000232368708
5278,3.547474043443799
5279,4.0924339555203915
5280,3.695265972055495
5281,3.752531949430704
5282,3.563308040611446
5283,3.6638600286096334
5284,3.6441200645640492
5285,3.743308945558965
5286,3.420894034206867
5287,3.8607949391007423
5288,4.094325937330723
5289,3.832162939943373
5290,3.7973900325596333
5291,3.74399998690933
5292,3.3712490694597363
5293,4.727168008685112
5294,4.081967985257506
5295,3.674085019156337
5296,3.483557957224548
5297,3.1993509037420154
5298,3.651040024124086
5299,3.769348026253283
5300,3.9005849976092577
5301,3.6808749428018928
5302,3.799963975325227
5303,3.472972079180181
5304,3.8845710223540664
5305,3.856850089505315
5306,3.511560964398086
5307,3.681836067698896
5308,3.8181220879778266
5309,3.955107997171581
5310,3.7638499634340405
5311,3.8075658958405256
5312,3.680735011585057
5313,3.84565198328346
5314,3.4886860521510243
5315,3.521104925312102
5316,3.425041097216308
5317,3.75858205370605
5318,3.565991995856166
5319,3.375114989466965
5320,3.544860053807497
5321,3.313843044452369
5322,3.427603980526328
5323,3.7926529766991735
5324,3.604719997383654
5325,3.2144540455192327
5326,3.7490669637918472
5327,3.590509993955493
5328,3.801545943133533
5329,3.5748659865930676
5330,3.3670139964669943
5331,3.50204692222178
5332,3.501184983178973
5333,3.7078249733895063
5334,5.017174989916384
5335,3.9819179801270366
5336,4.006003960967064
5337,3.7943649804219604
5338,3.815256990492344
5339,3.62547195982188
5340,3.5299479495733976
5341,3.668034914880991
5342,3.7363379960879683
5343,3.780894912779331
5344,3.605120931752026
5345,3.800965962000191
5346,3.89753095805645
5347,3.6705799866467714
5348,3.2523709814995527
5349,3.8267449708655477
5350,3.4526820527389646
5351,3.66086489520967
5352,3.4895280841737986
5353,3.8880459032952785
5354,3.818913013674319
5355,3.3681250642985106
5356,3.421825938858092
5357,3.7197029450908303
5358,3.783578984439373
5359,3.584149992093444
5360,3.6563980393111706
5361,3.380893962457776
5362,3.8458830676972866
5363,3.9015670772641897
5364,3.616587957367301
5365,3.8603550055995584
5366,3.651931998319924
5367,3.4724019933491945
5368,3.643529023975134
5369,3.865382052026689
5370,3.611841006204486
5371,3.4540441120043397
5372,3.507524961605668
5373,4.2500009294599295
5374,4.2152589885517955
5375,4.065884044393897
5376,3.459592000581324
5377,3.3672129502519965
5378,3.598721930757165
5379,3.7404539762064815
5380,3.734195022843778
5381,3.634755965322256
5382,3.8524329429492354
5383,3.272069967351854
5384,3.7339349510148168
5385,3.6733640590682626
5386,4.104811931028962
5387,3.904661047272384
5388,3.4925719955936074
5389,3.422376001253724
5390,3.3016951056197286
5391,3.6733129527419806
5392,3.737429971806705
5393,3.431088989600539
5394,3.413634025491774
5395,3.4590320428833365
5396,3.9111210498958826
5397,3.6135229747742414
5398,3.4205929841846228
5399,3.745972993783653
5400,4.129881039261818
5401,4.337582970038056
5402,3.9654430001974106
5403,3.7787629989907146
5404,3.7552170688286424
5405,3.651189967058599
5406,3.601005068048835
5407,3.7605249090120196
5408,3.8953169714659452
5409,4.415148985572159
5410,4.0404649917036295
5411,3.690459067001939
5412,4.0156489703804255
5413,4.0854529943317175
5414,3.7564289523288608
5415,4.691874957643449
5416,4.046444082632661
5417,4.480788018554449
5418,4.1212469805032015
5419,3.9115819381549954
5420,4.008576972410083
5421,4.119132994674146
5422,3.719753003679216
5423,3.841015975922346
5424,3.988977987319231
5425,3.721666056662798
5426,3.920544986613095
5427,3.625210956670344
5428,4.836632986553013
5429,4.219043999910355
5430,3.787674941122532
5431,3.953225095756352
5432,3.844982013106346
5433,3.553032991476357
5434,3.397338092327118
5435,3.1621550442650914
5436,3.7018469301983714
5437,4.081487073563039
5438,3.6172689869999886
5439,3.7960989866405725
5440,3.7705000722780824
5441,3.6266730166971684
5442,3.4794920356944203
5443,3.506452077999711
5444,3.2791310222819448
5445,3.517239005304873
5446,3.6696079187095165
5447,3.378810011781752
5448,3.378078923560679
5449,3.8446109974756837
5450,3.086720942519605
5451,3.7719709798693657
5452,3.931020968593657
5453,3.436728031374514
5454,3.5254110116511583
5455,3.843268961645663
5456,3.5512300673872232
5457,3.4519910113886
5458,3.662156988866627
5459,3.621586016379297
5460,3.727043978869915
5461,3.474954981356859
5462,4.154677037149668
5463,3.6075449315831065
5464,3.9397740038111806
5465,4.257893073372543
5466,3.7188619608059525
5467,4.236410022713244
5468,4.5355199836194515
5469,4.432425019331276
5470,3.6451510386541486
5471,3.909289021976292
5472,3.5953960614278913
5473,3.4835180267691612
5474,3.796909935772419
5475,3.7025680067017674
5476,3.5805749939754605
5477,3.7749760085716844
5478,3.6456220550462604
5479,3.9498889818787575
5480,3.5282460739836097
5481,3.852923051454127
5482,3.8943059043958783
5483,3.9675559382885695
5484,4.084772081114352
5485,4.230391001328826
5486,3.583708079531789
5487,3.797038923949003
5488,3.762227948755026
5489,3.6755669862031937
5490,3.693834994919598
5491,3.6398330703377724
5492,4.213555948808789
5493,4.333426943048835
5494,3.8651219801977277
5495,3.3925320021808147
5496,3.6695279413834214
5497,3.9087579352781177
5498,4.0267950389534235
5499,3.8012959994375706
5500,3.9449919713661075
5501,3.557759919203818
5502,3.6818369990214705
5503,3.4756159875541925
5504,3.750739968381822
5505,3.9553369861096144
5506,3.3252499997615814
5507,3.6705390084534883
5508,3.950681071728468
5509,3.560624085366726
5510,3.8259730208665133
5511,3.567305044271052
5512,3.648857004009187
5513,3.5927030257880688
5514,3.6263930378481746
5515,4.221188020892441
5516,3.712813020683825
5517,4.272483987733722
5518,3.1001920579001307
5519,3.8064540131017566
5520,3.613743931055069
5521,3.8529529701918364
5522,3.6852110642939806
5523,4.190841922536492
5524,4.0826089680194855
5525,5.161670967936516
5526,4.963784012943506
5527,4.767670063301921
5528,4.743152065202594
5529,4.485245095565915
5530,4.109598929062486
5531,3.8410850102081895
5532,4.0823690360412
5533,3.820895915850997
5534,3.8629689952358603
5535,3.855898045003414
5536,3.614005050621927
5537,3.5273940302431583
5538,4.552586004137993
5539,4.683231934905052
5540,4.347327980212867
5541,4.085483029484749
5542,4.248979035764933
5543,4.371994058601558
5544,3.586923936381936
5545,3.3403830602765083
5546,3.764671040698886
5547,3.4673339687287807
5548,3.716198028996587
5549,3.170197014696896
5550,3.6407449515536427
5551,3.5859720082953572
5552,3.765793051570654
5553,3.548576030880213
5554,3.581625991500914
5555,3.495465964078903
5556,4.3165599927306175
5557,3.2350739929825068
5558,3.7236789939925075
5559,4.409510991536081
5560,4.340255982242525
5561,3.8448720006272197
5562,3.4417849965393543
5563,3.595707006752491
5564,3.6005739821121097
5565,3.555155941285193
5566,3.1548539409413934
5567,3.4235980128869414
5568,4.029829986393452
5569,3.9674360305070877
5570,3.2832870492711663
5571,3.7118509644642472
5572,3.797290031798184
5573,3.555647097527981
5574,3.7898090668022633
5575,4.1283880127593875
5576,3.64825502038002
5577,3.617078997194767
5578,3.909258986823261
5579,3.449216950684786
5580,3.3755259355530143
5581,3.150957985781133
5582,3.729789052158594
5583,3.6625670036301017
5584,3.9404049748554826
5585,3.923499956727028
5586,4.176720976829529
5587,4.044721950776875
5588,4.201318020932376
5589,3.9306500693783164
5590,4.502060008235276
5591,3.9700589841231704
5592,3.776418976485729
5593,3.416147083044052
5594,3.4514800645411015
5595,3.2693370012566447
5596,3.4760870039463043
5597,3.5924119874835014
5598,3.594986046664417
5599,4.272934980690479
5600,4.079004051163793
5601,3.75675898976624
5602,3.5549660678952932
5603,3.081402974203229
5604,3.942058072425425
5605,3.4017449943348765
5606,3.133902093395591
5607,3.1726310262456536
5608,3.690790035761893
5609,3.5740849561989307
5610,3.8902900414541364
5611,3.580333897843957
5612,3.93571809399873
5613,3.2213940285146236
5614,3.0428250320255756
5615,3.629106911830604
5616,3.64067405462265
5617,3.652232000604272
5618,3.630099003203213
5619,4.145363927818835
5620,4.331903997808695
5621,4.656031960621476
5622,3.6474239313974977
5623,3.508305991999805
5624,3.618260961957276
5625,3.5777000011876225
5626,3.589918022044003
5627,3.881145967170596
5628,3.5844501107931137
5629,3.6801830865442753
5630,3.6977300187572837
5631,4.130700952373445
5632,4.335199017077684
5633,3.9429799653589725
5634,3.938423004001379
5635,4.514978965744376
5636,3.5129019524902105
5637,3.9259130135178566
5638,3.92732594627887
5639,3.8818769389763474
5640,3.800765029154718
5641,3.775206976570189
5642,3.5680149449035525
5643,3.4938229946419597
5644,3.6115599796175957
5645,3.89057002030313
5646,3.411951009184122
5647,3.5735840210691094
5648,3.434735001064837
5649,3.191308001987636
5650,3.4420860465615988
5651,3.8799840258434415
5652,3.4055509604513645
5653,3.704961040057242
5654,3.508787020109594
5655,3.571641049347818
5656,3.444999922066927
5657,3.5610951017588377
5658,3.4331820206716657
5659,3.648056066595018
5660,4.554659011773765
5661,4.458644078113139
5662,4.0395649848505855
5663,3.5521209938451648
5664,3.709568060003221
5665,4.342740052379668
5666,4.2325250105932355
5667,3.80116596352309
5668,4.171262960880995
5669,3.7822870071977377
5670,4.034947953186929
5671,3.4810840152204037
5672,3.849869011901319
5673,3.659973037429154
5674,3.2699070870876312
5675,3.5554260248318315
5676,3.6803039256483316
5677,3.6178299924358726
5678,3.5929030273109674
5679,3.8566889706999063
5680,3.4702379489317536
5681,3.8847210817039013
5682,4.518133937381208
5683,5.716025014407933
5684,4.542781040072441
5685,3.9309110725298524
5686,3.3932520309463143
5687,3.986204043030739
5688,3.5757870646193624
5689,3.7904700729995966
5690,4.2633210541680455
5691,3.937110072001815
5692,3.6169691011309624
5693,3.9701900677755475
5694,3.3180000027641654
5695,3.7010760279372334
5696,3.963280003517866
5697,3.7800539284944534
5698,3.6952069494873285
5699,3.753434051759541
5700,3.7951170234009624
5701,3.756389021873474
5702,3.977430984377861
5703,3.725001006387174
5704,4.037261009216309
5705,3.7108600372448564
5706,3.80209693685174
5707,3.563879057765007
5708,4.318333929404616
5709,3.7380208959802985
5710,3.4545951057225466
5711,3.148633986711502
5712,4.075146978721023
5713,3.736388054676354
5714,3.2213840167969465
5715,3.2781700138002634
5716,4.797704052180052
5717,3.916588961146772
5718,4.532144987024367
5719,4.2015580693259835
5720,4.0826089680194855
5721,3.942748997360468
5722,4.180636955425143
5723,4.838536027818918
5724,3.389827092178166
5725,4.358644015155733
5726,4.029609030112624
5727,3.907035104930401
5728,3.8383319042623043
5729,4.353345953859389
5730,4.015848971903324
5731,4.194737994112074
5732,3.8107100408524275
5733,3.6744949175044894
5734,3.8488979917019606
5735,3.9260329212993383
5736,3.9083269657567143
5737,4.0001049637794495
5738,3.6350759910419583
5739,3.5161980194970965
5740,3.876548958942294
5741,3.8091380847617984
5742,4.507377976551652
5743,3.971631987951696
5744,3.852884052321315
5745,3.885934012942016
5746,3.88049497269094
5747,3.9121529553085566
5748,3.694334998726845
5749,3.6323220701888204
5750,3.50810494273901
5751,3.4643489634618163
5752,3.430719021707773
5753,3.245820989832282
5754,4.194568027742207
5755,3.8690479705110192
5756,3.7798030534759164
5757,4.140406032092869
5758,3.61828098539263
5759,3.7250410532578826
5760,3.151769982650876
5761,3.554594935849309
5762,3.622677060775459
5763,3.418009029701352
5764,4.2281270725652575
5765,3.4972589928656816
5766,4.083209903910756
5767,3.0686940299347043
5768,3.50301805883646
5769,3.7051510298624635
5770,3.890068968757987
5771,4.079423961229622
5772,4.00237797293812
5773,3.6226670490577817
5774,3.6993130343034863
5775,4.08220908138901
5776,4.298223997466266
5777,4.043300054036081
5778,3.5853810841217637
5779,3.953085048124194
5780,3.642818075604737
5781,4.370191949419677
5782,3.5322309704497457
5783,4.180495976470411
5784,3.6687960382550955
5785,3.710007993504405
5786,3.5108299925923347
5787,3.453632933087647
5788,3.693494014441967
5789,3.5404739901423454
5790,3.576037008315325
5791,3.5399729385972023
5792,3.5732529358938336
5793,3.7771499482914805
5794,3.5443699453026056
5795,3.536007017828524
5796,3.4853810211643577
5797,3.583958954550326
5798,3.718030988238752
5799,3.2912889728322625
5800,3.722017048858106
5801,3.501565079204738
5802,3.572962014004588
5803,3.720565000548959
5804,3.414624952711165
5805,3.48784402012825
5806,3.79253295250237
5807,3.852103021927178
5808,3.3351449528709054
5809,3.658460918813944
5810,3.5735530545935035
5811,3.8101390236988664
5812,3.882317920215428
5813,3.2649190397933125
5814,3.4595929319038987
5815,3.625091048888862
5816,3.589116968214512
5817,3.9230999536812305
5818,3.5924119874835014
5819,3.905483055859804
5820,3.923399024643004
5821,3.491419949568808
5822,3.521424951031804
5823,3.5020860377699137
5824,3.5559970419853926
5825,3.8117519579827785
5826,4.013525089249015
5827,3.9478359976783395
5828,3.4734640503302217
5829,3.460292937234044
5830,3.966504940763116
5831,3.4720610128715634
5832,4.171682987362146
5833,3.3305480610579252
5834,3.856219002045691
5835,3.4700270043686032
5836,3.624429926276207
5837,4.006695002317429
5838,3.532581962645054
5839,3.5513510229066014
5840,3.408625954762101
5841,3.682016977109015
5842,3.772191936150193
5843,4.2579330038279295
5844,3.906634054146707
5845,3.694214974530041
5846,3.510958980768919
5847,4.4518240028992295
5848,3.9633100386708975
5849,3.945213044062257
5850,3.7024369230493903
5851,3.449877956882119
5852,3.6085660103708506
5853,3.5022359807044268
5854,3.726623021066189
5855,4.226695979014039
5856,3.4975199960172176
5857,5.027479957789183
5858,4.422539961524308
5859,3.6411749897524714
5860,3.738992032594979
5861,3.6806639982387424
5862,4.014807054772973
5863,4.261737922206521
5864,3.7278649397194386
5865,3.77783109433949
5866,3.792472998611629
5867,3.8468349957838655
5868,3.5242990124970675
5869,3.824952058494091
5870,3.1013039406389
5871,3.869467996992171
5872,3.576698014512658
5873,3.4448400838300586
5874,3.6431889748200774
5875,3.4472839906811714
5876,3.658801899291575
5877,3.7452320102602243
5878,3.7809850182384253
5879,3.6773289320990443
5880,3.826032974757254
5881,3.8158169481903315
5882,4.002108005806804
5883,4.113905946724117
5884,3.90884792432189
5885,3.558280994184315
5886,4.051322001032531
5887,3.5970089957118034
5888,3.9817480137571692
5889,4.232874955050647
5890,3.6577499704435468
5891,4.247357021085918
5892,3.93420597538352
5893,3.654786036349833
5894,3.4855810226872563
5895,3.5462030209600925
5896,3.5034880274906754
5897,3.4358269767835736
5898,3.7516410229727626
5899,3.620483912527561
5900,3.5728629445657134
5901,3.6116299452260137
5902,3.5263330210000277
5903,3.5846600076183677
5904,3.85763100348413
5905,3.7541049532592297
5906,3.0387999722734094
5907,3.600294003263116
5908,3.6137739662081003
5909,3.9862539852038026
5910,3.283556899987161
5911,3.3036780077964067
5912,3.913605003617704
5913,3.4526019589975476
5914,3.0838570091873407
5915,3.568556043319404
5916,3.6633888958022
5917,4.8664979403838515
5918,4.7451660502702
5919,4.768971004523337
5920,4.767238977365196
5921,4.481638898141682
5922,4.616060992702842
5923,4.051983007229865
5924,4.3094109278172255
5925,4.38476400449872
5926,4.4769319938495755
5927,4.368558991700411
5928,4.479925963096321
5929,4.375098971650004
5930,3.8313610712066293
5931,4.156569950282574
5932,3.5634790547192097
5933,4.186886013485491
5934,4.097571014426649
5935,4.226846038363874
5936,3.88462096452713
5937,4.309259937144816
5938,4.419825971126556
5939,4.208868951536715
5940,4.323881934396923
5941,4.388930043205619
5942,3.6971489898860455
5943,4.007295006886125
5944,4.229889949783683
5945,3.544020000845194
5946,3.631650935858488
5947,3.589347004890442
5948,3.795488039031625
5949,3.686412936076522
5950,4.150180029682815
5951,4.20252897311002
5952,4.47218504268676
5953,3.387694014236331
5954,4.373276024125516
5955,3.6992919631302357
5956,3.4075940493494272
5957,3.550629015080631
5958,3.500352962873876
5959,3.407162963412702
5960,4.190961946733296
5961,4.1282669408246875
5962,4.02165693230927
5963,3.568134969100356
5964,3.8622580468654633
5965,3.5296770511195064
5966,3.7940549664199352
5967,3.9914220105856657
5968,4.463561926968396
5969,3.695557010360062
5970,4.115138086490333
5971,3.857720992527902
5972,3.9246520027518272
5973,3.429297008551657
5974,3.5956670762971044
5975,3.261623904109001
5976,3.1355959363281727
5977,3.655076026916504
5978,3.7376509280875325
5979,3.7898890441283584
5980,3.2905469415709376
5981,3.679343033581972
5982,3.6552660167217255
5983,3.2061010133475065
5984,3.6341840168461204
5985,3.2807239331305027
5986,4.02539293281734
5987,4.538165056146681
5988,4.781810916028917
5989,4.351151990704238
5990,4.3901309836655855
5991,5.046498961746693
5992,4.0865050395950675
5993,3.828637069091201
5994,3.93992499448359
5995,3.8138650124892592
5996,4.202718962915242
5997,3.876619040966034
5998,4.937594989314675
5999,3.7993029691278934
6000,3.833804978057742
6001,3.713503945618868
6002,3.9675059961155057
6003,4.065113025717437
6004,4.357893019914627
6005,3.539512981660664
6006,3.9964999305084348
6007,3.828407032415271
6008,3.7491469411179423
6009,3.7038190057501197
6010,3.807966015301645
6011,4.355248995125294
6012,4.011662094853818
6013,3.7105500232428312
6014,3.9187329821288586
6015,4.07098198775202
6016,3.8653819356113672
6017,3.94583388697356
6018,3.85825103148818
6019,3.805632935836911
6020,4.0851529920473695
6021,3.927176003344357
6022,4.025083035230637
6023,3.8594530196860433
6024,3.7812860682606697
6025,3.8971700705587864
6026,3.756958991289139
6027,3.8425979437306523
6028,3.704591072164476
6029,3.9090279024094343
6030,3.5825780360028148
6031,4.076570039615035
6032,3.6717610200867057
6033,3.8792630657553673
6034,3.7623479729518294
6035,3.4462930634617805
6036,3.6877059610560536
6037,4.194998065941036
6038,3.695316961966455
6039,4.029149073176086
6040,3.722157096490264
6041,3.5588310565799475
6042,3.9511709474027157
6043,4.008918069303036
6044,3.9443610003218055
6045,3.503068001009524
6046,3.643880016170442
6047,4.111993010155857
6048,3.545390907675028
6049,3.4824470058083534
6050,4.188789054751396
6051,4.279784974642098
6052,3.5474440082907677
6053,4.002038040198386
6054,3.411910030990839
6055,3.699732944369316
6056,3.799072001129389
6057,3.621536074206233
6058,4.274226957932115
6059,4.088297951966524
6060,3.48189496435225
6061,4.661690094508231
6062,4.325433983467519
6063,4.3101710034534335
6064,4.038993967697024
6065,3.5816660383716226
6066,3.4414149122312665
6067,3.656839020550251
6068,3.758951905183494
6069,3.379481961019337
6070,3.885272075422108
6071,3.5837689647451043
6072,3.729598014615476
6073,4.128537955693901
6074,3.550788969732821
6075,3.7471939576789737
6076,3.859053016640246
6077,3.8472749292850494
6078,3.6026069428771734
6079,3.879302996210754
6080,3.500474034808576
6081,4.02919901534915
6082,3.9070150814950466
6083,3.7921229377388954
6084,3.851611982099712
6085,3.7735640071332455
6086,4.580548033118248
6087,3.916869987733662
6088,4.344252985902131
6089,3.849918954074383
6090,3.8314510602504015
6091,3.8053119787946343
6092,3.7264430429786444
6093,3.5716809798032045
6094,3.846865030936897
6095,3.629266982898116
6096,3.387334058061242
6097,4.523651907220483
6098,4.005042021162808
6099,3.4995130263268948
6100,3.318650065921247
6101,3.578520962037146
6102,3.6770999431610107
6103,3.785402048379183
6104,3.544891020283103
6105,4.211532999761403
6106,4.1554790223017335
6107,3.899413044564426
6108,4.076590063050389
6109,4.038964048959315
6110,3.8818769389763474
6111,4.581619054079056
6112,3.862217999994755
6113,4.5433619525283575
6114,3.987004980444908
6115,3.9796640630811453
6116,4.118583048693836
6117,4.710703040473163
6118,3.8379110628739
6119,3.7764989538118243
6120,4.340767045505345
6121,3.9361880626529455
6122,5.039257928729057
6123,4.0049320086836815
6124,3.707695985212922
6125,3.6845399299636483
6126,3.980706096626818
6127,3.6295480094850063
6128,3.6519309505820274
6129,3.7448109360411763
6130,3.7102990318089724
6131,3.568195039406419
6132,3.6010550102218986
6133,3.6631979746744037
6134,3.787496010772884
6135,3.8674649549648166
6136,3.6466229939833283
6137,4.273395985364914
6138,4.297441919334233
6139,3.8697889540344477
6140,4.685726016759872
6141,3.7925629876554012
6142,3.859553951770067
6143,4.0366899920627475
6144,4.05899400357157
6145,4.416011041030288
6146,4.3432299280539155
6147,3.8016769103705883
6148,3.814535913988948
6149,4.196510999463499
6150,4.252483951859176
6151,3.8966999854892492
6152,3.7044300697743893
6153,3.552842070348561
6154,4.85636293888092
6155,4.062458989210427
6156,3.5977800143882632
6157,4.0198450442403555
6158,3.698951913975179
6159,4.500246956013143
6160,4.247596953064203
6161,4.773298045620322
6162,3.96033504512161
6163,5.009643035009503
6164,4.060106002725661
6165,4.456651979126036
6166,3.8464540848508477
6167,3.316296963021159
6168,3.591881017200649
6169,3.7119120825082064
6170,3.5875849425792694
6171,4.052454023621976
6172,3.3988109789788723
6173,3.7269339663907886
6174,3.993944963440299
6175,3.497508936561644
6176,3.4540139604359865
6177,3.6612560506910086
6178,3.6389619344845414
6179,3.4672629553824663
6180,3.6546849878504872
6181,4.180476069450378
6182,4.976633936166763
6183,4.354708013124764
6184,4.083320032805204
6185,3.78930801525712
6186,3.5665230825543404
6187,3.495807060971856
6188,4.234897904098034
6189,4.315449041314423
6190,4.05817199498415
6191,4.451284068636596
6192,4.645165055990219
6193,5.168661940842867
6194,4.906367976218462
6195,4.570642951875925
6196,4.581770044751465
6197,4.301739041693509
6198,3.929779981262982
6199,4.251373000442982
6200,4.227077006362379
6201,3.775928053073585
6202,4.268317949026823
6203,3.720965003594756
6204,4.416281008161604
6205,3.8774809800088406
6206,3.5014059394598007
6207,4.228978999890387
6208,4.378424026072025
6209,4.720487981103361
6210,4.502579919062555
6211,4.2060649720951915
6212,3.6576499696820974
6213,3.5249399952590466
6214,3.7327329628169537
6215,4.254407016560435
6216,4.13572893012315
6217,3.954866901040077
6218,4.021537024527788
6219,3.7145259557291865
6220,3.7793531082570553
6221,3.9458340033888817
6222,3.881686949171126
6223,3.812882932834327
6224,4.190461011603475
6225,3.9625889621675014
6226,3.746272996068001
6227,3.69889207649976
6228,4.019384039565921
6229,4.397923010401428
6230,3.5772190894931555
6231,3.719233092851937
6232,4.012794001027942
6233,3.8828179240226746
6234,4.181527998298407
6235,3.748276038095355
6236,3.7141049979254603
6237,3.6993330577388406
6238,3.7414870457723737
6239,3.4459320595487952
6240,4.016258986666799
6241,3.9761289954185486
6242,3.909158054739237
6243,5.04437496419996
6244,4.1627599857747555
6245,4.075799020938575
6246,3.763189073652029
6247,3.8310710806399584
6248,3.9063040167093277
6249,4.0736449882388115
6250,4.278364009223878
6251,3.6877860547974706
6252,3.9103900780901313
6253,3.761486033909023
6254,4.455679911188781
6255,3.49771894980222
6256,3.661205992102623
6257,4.33249503839761
6258,4.134656977839768
6259,4.110840964131057
6260,3.751290962100029
6261,4.718945943750441
6262,4.265564028173685
6263,3.9841210236772895
6264,3.816689015366137
6265,3.828336950391531
6266,3.296316019259393
6267,4.218062036670744
6268,4.425674909725785
6269,3.98670497816056
6270,3.828707034699619
6271,3.715988015756011
6272,3.3530619693920016
6273,3.8987130392342806
6274,3.5474239848554134
6275,3.9533149683848023
6276,3.9651819970458746
6277,3.657690016552806
6278,4.981241072528064
6279,4.292844911105931
6280,3.7666040007025003
6281,3.905192017555237
6282,3.7196429912000895
6283,4.086454981006682
6284,4.342959960922599
6285,4.819446941837668
6286,3.948547993786633
6287,3.5865530371665955
6288,4.347076988779008
6289,3.9301490178331733
6290,3.8796039298176765
6291,3.933955915272236
6292,4.792526015080512
6293,4.396612057462335
6294,4.037150996737182
6295,4.327737959101796
6296,4.1269659996032715
6297,4.3248930014669895
6298,3.932802937924862
6299,3.7522820057347417
6300,4.042668966576457
6301,3.712542005814612
6302,4.402929916977882
6303,4.479186027310789
6304,4.584943992085755
6305,5.141571979038417
6306,4.324182984419167
6307,3.892672946676612
6308,3.8723229663446546
6309,3.8675559917464852
6310,4.115769057534635
6311,3.9189730305224657
6312,3.8064029067754745
6313,3.640364040620625
6314,3.8224380696192384
6315,3.5984209971502423
6316,4.116449970752001
6317,3.9979720022529364
6318,3.948056953959167
6319,4.004652029834688
6320,4.251884063705802
6321,5.012887995690107
6322,4.324603010900319
6323,3.990059019997716
6324,3.5414349986240268
6325,3.9914019871503115
6326,3.896488924510777
6327,3.2243189634755254
6328,4.171772976405919
6329,3.7156069884076715
6330,3.8311310345306993
6331,4.142398945987225
6332,3.5633380757644773
6333,3.8926940178498626
6334,3.687134012579918
6335,3.8838100153952837
6336,4.027276067063212
6337,4.2670960538089275
6338,5.161801935173571
6339,5.399189074523747
6340,4.638125072233379
6341,4.364643013104796
6342,4.517502966336906
6343,5.05537202116102
6344,4.22780797816813
6345,4.399846075102687
6346,4.006785107776523
6347,4.100635997019708
6348,4.285273025743663
6349,3.9792140014469624
6350,3.8765999488532543
6351,3.854545997455716
6352,3.9714419981464744
6353,4.078021971508861
6354,4.080164944753051
6355,4.251192091032863
6356,4.189719911664724
6357,3.5415650345385075
6358,4.102629027329385
6359,3.5674950340762734
6360,3.6314709577709436
6361,3.681957023218274
6362,4.011763026937842
6363,4.030651063658297
6364,4.062909982167184
6365,3.947586053982377
6366,3.976559964939952
6367,3.7388720083981752
6368,4.42528398707509
6369,4.392244969494641
6370,4.418534925207496
6371,4.005101975053549
6372,4.545244039036334
6373,4.860929097048938
6374,5.369263933971524
6375,5.3148920414969325
6376,5.108260898850858
6377,4.760829033330083
6378,4.632796044461429
6379,4.198443959467113
6380,4.381778999231756
6381,4.530712962150574
6382,4.095058073289692
6383,4.84767893794924
6384,4.525204072706401
6385,4.40350198186934
6386,4.506897064857185
6387,5.4435760248452425
6388,4.507307894527912
6389,4.1347770020365715
6390,4.2027890449389815
6391,3.766253008507192
6392,3.7902490003034472
6393,4.175409092567861
6394,3.829960012808442
6395,3.8110209861770272
6396,3.8107599830254912
6397,3.657630062662065
6398,3.900684998370707
6399,3.9982529124245048
6400,4.489071085117757
6401,4.338433034718037
6402,4.219213966280222
6403,4.031701944768429
6404,3.6938340635970235
6405,3.801095997914672
6406,3.783829975873232
6407,3.756348043680191
6408,3.630117978900671
6409,3.7265439750626683
6410,3.5253509413450956
6411,4.346636007539928
6412,4.740598960779607
6413,4.109820001758635
6414,4.481809097342193
6415,3.6831379402428865
6416,3.140492015518248
6417,4.467337974347174
6418,4.387487075291574
6419,3.7748259492218494
6420,3.9463640423491597
6421,4.796611960045993
6422,6.073682918213308
6423,4.974198993295431
6424,4.331403994001448
6425,5.058345966972411
6426,4.732265952043235
6427,4.525405005551875
6428,4.75357798859477
6429,4.446806036867201
6430,4.228208097629249
6431,4.032664000988007
6432,3.763168933801353
6433,3.728076000697911
6434,4.327177070081234
6435,3.6757480120286345
6436,3.4124519443139434
6437,3.6884970031678677
6438,4.49853390455246
6439,3.914647037163377
6440,3.5395219456404448
6441,3.1783690210431814
6442,3.6777399946004152
6443,3.5854920279234648
6444,6.47023890633136
6445,4.464113037101924
6446,4.342840984463692
6447,4.966879030689597
6448,4.45610994938761
6449,5.192558979615569
6450,5.367050995118916
6451,5.594082060270011
6452,5.132428021170199
6453,4.992216010577977
6454,4.5906329760327935
6455,4.1488689603284
6456,3.7842809688299894
6457,3.8302489556372166
6458,4.529830999672413
6459,4.661209066398442
6460,3.878362011164427
6461,4.087276058271527
6462,4.192513995803893
6463,4.068317008204758
6464,4.313435987569392
6465,4.014567006379366
6466,4.13036101963371
6467,5.32650004606694
6468,4.0230900049209595
6469,3.8375300355255604
6470,3.4512189449742436
6471,4.113114904612303
6472,4.0060540195554495
6473,4.10175696015358
6474,4.2420580284669995
6475,3.8849019911140203
6476,3.725973074324429
6477,5.619990988634527
6478,4.293426056392491
6479,4.118823097087443
6480,4.09991608466953
6481,4.076570039615035
6482,4.068488022312522
6483,3.6922310246154666
6484,4.094016971066594
6485,3.4280350664630532
6486,3.993274993263185
6487,4.885877016931772
6488,4.763592965900898
6489,4.274137085303664
6490,3.990950994193554
6491,3.708477015607059
6492,3.8380020996555686
6493,4.568008938804269
6494,5.022741970606148
6495,4.206474986858666
6496,4.297442035749555
6497,4.144631908275187
6498,3.8445410318672657
6499,4.179073963314295
6500,4.175629001110792
6501,4.4565710704773664
6502,4.373277071863413
6503,4.613508004695177
6504,4.351473995484412
6505,3.665221040137112
6506,3.89028899371624
6507,4.0904909837991
6508,4.780157934874296
6509,3.4091159468516707
6510,4.302800982259214
6511,4.076390061527491
6512,3.8359080208465457
6513,4.443962941877544
6514,3.7974599981680512
6515,4.175067995674908
6516,3.8145349826663733
6517,4.080025013536215
6518,3.9301899960264564
6519,3.794595948420465
6520,3.9383029798045754
6521,3.7373100640252233
6522,4.252425045706332
6523,4.18951001483947
6524,4.303872003220022
6525,4.321318003349006
6526,4.18265990447253
6527,4.148227977566421
6528,3.7093579303473234
6529,4.931875970214605
6530,4.508760059252381
6531,4.9078300362452865
6532,4.735811031423509
6533,4.036890110000968
6534,3.745432011783123
6535,4.629972972907126
6536,3.910691011697054
6537,3.582215984351933
6538,3.988737938925624
6539,3.4792720107361674
6540,4.26790805067867
6541,3.784219967201352
6542,3.8338149897754192
6543,3.6727520637214184
6544,3.9285169914364815
6545,4.033164936117828
6546,4.010900971479714
6547,3.8343650521710515
6548,3.8451519794762135
6549,3.7830889923498034
6550,4.249110003001988
6551,3.9249720284715295
6552,3.7468139780685306
6553,3.6989619256928563
6554,4.596301005221903
6555,3.717640065588057
6556,3.5373889841139317
6557,3.6571690579876304
6558,3.638681024312973
6559,5.257936078123748
6560,3.715597093105316
6561,4.526406992226839
6562,5.122083006426692
6563,4.560007015243173
6564,4.642251064069569
6565,4.60357207339257
6566,4.5714740408584476
6567,4.642921965569258
6568,5.284867016598582
6569,4.4904620153829455
6570,4.429530934430659
6571,4.96444501914084
6572,4.496361943893135
6573,3.7624479737132788
6574,4.051632015034556
6575,4.567618947476149
6576,4.920187988318503
6577,4.218533053062856
6578,4.229340003803372
6579,4.721949924714863
6580,4.401277983561158
6581,4.471873980946839
6582,3.981046029366553
6583,3.88329999987036
6584,3.861436969600618
6585,4.760488984175026
6586,4.3747780146077275
6587,3.7700789980590343
6588,4.319144994951785
6589,3.6570290103554726
6590,4.18922898825258
6591,3.756438964046538
6592,4.001396941021085
6593,4.196209949441254
6594,3.9222780615091324
6595,4.613777040503919
6596,3.871942055411637
6597,3.745261928997934
6598,3.7935650907456875
6599,3.9058940019458532
6600,4.202999989502132
6601,4.000326036475599
6602,3.2516790088266134
6603,3.453301964327693
6604,3.604109981097281
6605,3.8566089933738112
6606,4.6997470781207085
6607,4.493366926908493
6608,4.722742014564574
6609,4.110762034542859
6610,4.018772975541651
6611,3.8101989775896072
6612,4.031933029182255
6613,4.145603976212442
6614,4.230450955219567
6615,4.282068926841021
6616,4.081537015736103
6617,4.335038014687598
6618,3.7852521054446697
6619,3.6280358908697963
6620,4.032413940876722
6621,3.5788920940831304
6622,3.978793043643236
6623,4.0880669839680195
6624,4.109169007278979
6625,3.5240190336480737
6626,4.693186958320439
6627,4.040636005811393
6628,3.9168799994513392
6629,4.291744087822735
6630,3.613973967730999
6631,3.9161290042102337
6632,3.971882979385555
6633,3.5369490506127477
6634,3.2756859436631203
6635,4.0190540021285415
6636,4.031372023746371
6637,3.960144938901067
6638,3.4470430109649897
6639,3.137027029879391
6640,4.396511008962989
6641,4.400606965646148
6642,4.185104044154286
6643,4.932797979563475
6644,4.35925496276468
6645,4.095948999747634
6646,4.872446064837277
6647,4.373966949060559
6648,3.7459429586306214
6649,4.819046938791871
6650,4.6733670169487596
6651,4.4775529531762
6652,4.127737018279731
6653,4.226957098580897
6654,4.096259013749659
6655,4.29110205732286
6656,3.6990820663049817
6657,4.021657048724592
6658,3.692933009006083
6659,4.003109992481768
6660,4.4122550170868635
6661,4.380527068860829
6662,3.5519710509106517
6663,4.0299700340256095
6664,5.228723050095141
6665,4.43947606254369
6666,3.587133949622512
6667,4.2952889343723655
6668,4.490141989663243
6669,4.173364955931902
6670,3.9573810063302517
6671,4.169289954006672
6672,3.7192830350250006
6673,4.428009036928415
6674,4.230931983329356
6675,4.461499047465622
6676,3.715245984494686
6677,3.7589730927720666
6678,3.573053050786257
6679,3.4555060556158423
6680,3.641354967840016
6681,3.710268996655941
6682,3.5012851003557444
6683,3.740904969163239
6684,3.6831480683758855
6685,3.7977000465616584
6686,3.5275339614599943
6687,3.9398540975525975
6688,4.603202105499804
6689,4.597543040290475
6690,4.198984010145068
6691,4.286926006898284
6692,4.1077869245782495
6693,4.148308071307838
6694,3.816299024038017
6695,3.657671040855348
6696,3.9422180270776153
6697,3.3077639527618885
6698,3.7388430209830403
6699,3.7929739337414503
6700,4.359905957244337
6701,4.563651978969574
6702,4.485453944653273
6703,4.321528947912157
6704,4.377481993287802
6705,3.50196601357311
6706,3.81959299556911
6707,3.5258119460195303
6708,3.7792930379509926
6709,4.338613944128156
6710,3.9300599601119757
6711,3.8586820010095835
6712,3.673202940262854
6713,4.400567035190761
6714,4.777022986672819
6715,4.29438694845885
6716,4.814188927412033
6717,4.49634192045778
6718,3.8819470210000873
6719,4.940288956277072
6720,4.488458973355591
6721,4.610662930645049
6722,4.300096072256565
6723,4.001297056674957
6724,3.83049005176872
6725,4.1476370533928275
6726,4.523993004113436
6727,4.560377914458513
6728,4.46927105076611
6729,3.999584005214274
6730,3.2764869974926114
6731,4.6592369908466935
6732,4.128968925215304
6733,3.89057002030313
6734,4.207886988297105
6735,4.451974993571639
6736,4.392315051518381
6737,4.151531960815191
6738,4.451434011571109
6739,3.78534197807312
6740,4.01683000382036
6741,3.981536952778697
6742,4.213985987007618
6743,3.676307969726622
6744,3.7375499960035086
6745,4.180987016297877
6746,3.9186819922178984
6747,4.072973970323801
6748,3.5929129226133227
6749,4.068998037837446
6750,4.2776529444381595
6751,3.9841410471126437
6752,3.9961490547284484
6753,6.119322031736374
6754,4.469200968742371
6755,4.303229972720146
6756,4.113566013984382
6757,3.919554059393704
6758,3.7948969984427094
6759,4.474778077565134
6760,4.94955200701952
6761,4.639416001737118
6762,4.06283896882087
6763,3.4353059018030763
6764,4.144672071561217
6765,4.427938023582101
6766,4.198253038339317
6767,4.236740991473198
6768,4.082819097675383
6769,4.290592041797936
6770,3.9422280387952924
6771,4.339354927651584
6772,3.8212359650060534
6773,4.302158951759338
6774,4.053896060213447
6775,4.425834980793297
6776,4.250050988048315
6777,3.571790992282331
6778,3.744730958715081
6779,3.4931330010294914
6780,3.818072029389441
6781,3.852062043733895
6782,3.7284260615706444
6783,3.705902025103569
6784,3.948698053136468
6785,3.32377792801708
6786,4.320586915127933
6787,4.581670043990016
6788,4.2266149539500475
6789,3.704339964315295
6790,3.511540940962732
6791,3.7770599592477083
6792,3.9711110293865204
6793,4.07224299851805
6794,4.1811170522123575
6795,3.649027901701629
6796,3.953594947233796
6797,3.5927320132032037
6798,3.718251013197005
6799,3.244768944568932
6800,3.608166007325053
6801,3.737850929610431
6802,4.0062450570985675
6803,3.7985920207574964
6804,5.119918962009251
6805,3.749057068489492
6806,3.763918997719884
6807,3.761635976843536
6808,4.142309073358774
6809,3.9525930769741535
6810,3.5656520631164312
6811,3.780013998039067
6812,4.056519013829529
6813,3.4071130212396383
6814,4.396511008962989
6815,4.024141002446413
6816,3.640924929641187
6817,3.8458530325442553
6818,3.0436969827860594
6819,3.969199024140835
6820,3.3651009434834123
6821,3.3914799569174647
6822,4.180355928838253
6823,3.782087005674839
6824,3.599963034503162
6825,3.726043039932847
6826,4.0538860484957695
6827,3.9553779643028975
6828,4.117681994102895
6829,3.9359580259770155
6830,3.804350970312953
6831,3.409416996873915
6832,3.396807936951518
6833,3.5082160029560328
6834,3.8685069885104895
6835,4.038142040371895
6836,3.9699400076642632
6837,3.1320489943027496
6838,4.0969609981402755
6839,3.7265740102156997
6840,3.7166280671954155
6841,3.751361044123769
6842,3.658341011032462
6843,4.42656606901437
6844,3.88742599170655
6845,3.648285986855626
6846,3.71826090849936
6847,3.2053899485617876
6848,3.8518919609487057
6849,4.032955039292574
6850,3.6773200845345855
6851,4.278694046661258
6852,4.611835000105202
6853,5.103825009427965
6854,5.051126005128026
6855,4.0288480231538415
6856,3.9381019305437803
6857,3.932784078642726
6858,3.738140920177102
6859,4.909401992335916
6860,4.575509927235544
6861,4.705716040916741
6862,3.820414887741208
6863,3.885913989506662
6864,3.665671916678548
6865,4.84444503672421
6866,3.8066740380600095
6867,3.7656130734831095
6868,3.7382920272648335
6869,3.667954937554896
6870,3.7816360127180815
6871,3.995338105596602
6872,3.743298933841288
6873,3.590039093978703
6874,3.754256060346961
6875,3.4897580044344068
6876,3.951071063056588
6877,4.231153056025505
6878,4.386996966786683
6879,4.103960935026407
6880,4.019564017653465
6881,3.946653916500509
6882,4.047286114655435
6883,3.608366008847952
6884,4.0739759569987655
6885,4.049489973112941
6886,3.997600986622274
6887,4.389781039208174
6888,4.1590239852666855
6889,4.975100979208946
6890,4.326455993577838
6891,4.456782015040517
6892,4.058914026245475
6893,4.146434948779643
6894,4.150491091422737
6895,3.71266296133399
6896,4.0786630706861615
6897,4.316581063903868
6898,3.943138988688588
6899,3.7562480429187417
6900,4.197202040813863
6901,4.119434976018965
6902,4.282630048692226
6903,4.213234991766512
6904,3.69569705799222
6905,4.4327350333333015
6906,4.231291939504445
6907,4.044992965646088
6908,3.905822988599539
6909,4.536151071079075
6910,3.998443018645048
6911,3.997621010057628
6912,4.170400905422866
6913,4.824133939109743
6914,4.019152955152094
6915,3.721916931681335
6916,3.7993830628693104
6917,4.168097046203911
6918,4.0780529379844666
6919,3.979654051363468
6920,3.842497942969203
6921,3.8867740659043193
6922,4.022969049401581
6923,3.8735249545425177
6924,3.6824779817834496
6925,3.112229984253645
6926,3.3927420154213905
6927,3.565071034245193
6928,3.7807750049978495
6929,4.351023002527654
6930,3.6394220078364015
6931,3.5261519951745868
6932,3.760405001230538
6933,3.9293980225920677
6934,3.9728839183226228
6935,3.8961489917710423
6936,3.92441195435822
6937,3.725462011061609
6938,3.5010339925065637
6939,3.7427879869937897
6940,3.4741939743980765
6941,3.723258967511356
6942,3.3967680064961314
6943,3.3836379880085588
6944,3.865713020786643
6945,3.937029978260398
6946,3.7712010089308023
6947,3.4787009935826063
6948,3.578590927645564
6949,3.940936061553657
6950,3.7354070227593184
6951,3.765221918001771
6952,3.5682559246197343
6953,3.203796921297908
6954,3.7732040509581566
6955,4.920779960229993
6956,3.480152925476432
6957,3.913855063728988
6958,3.8083370309323072
6959,4.2878370732069016
6960,3.7955179577693343
6961,4.5640330063179135
6962,4.460928030312061
6963,4.3219790095463395
6964,4.5587149215862155
6965,4.418233991600573
6966,4.393465933389962
6967,4.012102959677577
6968,4.071072093211114
6969,4.47174406144768
6970,4.246095078997314
6971,4.858855972997844
6972,4.31203399784863
6973,3.7221580278128386
6974,4.3998860055580735
6975,4.475229070521891
6976,3.863809979520738
6977,3.9571699453517795
6978,3.6880349507555366
6979,4.403272061608732
6980,4.112925031222403
6981,4.46984195150435
6982,5.124374991282821
6983,3.861216944642365
6984,4.262149101123214
6985,3.9145660120993853
6986,4.407337051816285
6987,5.077634938061237
6988,5.090705002658069
6989,5.590346991084516
6990,4.607378039509058
6991,3.549307002685964
6992,4.162329016253352
6993,3.4128519473597407
6994,3.8138049421831965
6995,3.936900058761239
6996,3.998102038167417
6997,3.722798079252243
6998,3.7482359912246466
6999,4.092753981240094
7000,4.056539968587458
7001,3.673673956654966
7002,4.161807941272855
7003,3.135413979180157
7004,3.571431036107242
7005,3.9828390581533313
7006,4.284473019652069
7007,3.745802096091211
7008,3.464269102551043
7009,4.177101072855294
7010,4.426195984706283
7011,4.2951490031555295
7012,3.8539950037375093
7013,3.876398899592459
7014,5.415113060735166
7015,4.64615598320961
7016,4.647148074582219
7017,4.332765005528927
7018,3.8221669383347034
7019,3.8178209215402603
7020,4.022299079224467
7021,3.9154168916866183
7022,3.8616369711235166
7023,3.576108021661639
7024,3.7504000356420875
7025,4.39750193618238
7026,4.008817952126265
7027,4.03804297093302
7028,4.245545016601682
7029,4.31777210906148
7030,3.7963290233165026
7031,3.984912997111678
7032,3.7321719573810697
7033,3.5757969599217176
7034,3.5540940007194877
7035,4.052203963510692
7036,3.9522829465568066
7037,3.7534739822149277
7038,3.8246610201895237
7039,3.49006790202111
7040,3.9746370166540146
7041,4.386697080917656
7042,4.451264045201242
7043,4.807409015484154
7044,4.173876019194722
7045,3.7167189875617623
7046,3.629368031397462
7047,3.6687570391222835
7048,3.8088479777798057
7049,3.6553270183503628
7050,3.8697889540344477
7051,3.7023270269855857
7052,3.352671046741307
7053,3.559431992471218
7054,3.811230999417603
7055,3.8766799261793494
7056,3.631221014074981
7057,4.087076056748629
7058,3.7943050265312195
7059,3.958101966418326
7060,3.6334339529275894
7061,4.202129086479545
7062,4.00506192818284
7063,3.891822067089379
7064,3.857561037875712
7065,3.827475942671299
7066,3.5823771031573415
7067,3.8877659244462848
7068,3.764671040698886
7069,4.169089021161199
7070,3.975868923589587
7071,3.8741660537198186
7072,3.5648299381136894
7073,3.6544949980452657
7074,3.77165200188756
7075,3.7650619633495808
7076,3.7298790412023664
7077,3.857571049593389
7078,3.471079980954528
7079,3.770540002733469
7080,3.8884769892320037
7081,4.03092207852751
7082,4.118743003346026
7083,3.855076967738569
7084,3.2839180203154683
7085,3.570117987692356
7086,3.801036044023931
7087,4.196941037662327
7088,3.7516020238399506
7089,3.7573700537905097
7090,4.718775977380574
7091,4.260866902768612
7092,4.073946038261056
7093,4.116369993425906
7094,4.317031009122729
7095,3.803808940574527
7096,3.9951379876583815
7097,3.8800439797341824
7098,3.7804750027135015
7099,3.0671919230371714
7100,3.6680659977719188
7101,3.8851620629429817
7102,4.688829998485744
7103,4.189810017123818
7104,4.526486969552934
7105,4.551904974505305
7106,4.38172894064337
7107,4.043650929816067
7108,3.8707999046891928
7109,3.919875016435981
7110,5.357455927878618
7111,3.3596010180190206
7112,3.1996710458770394
7113,3.1722000567242503
7114,4.022437962703407
7115,3.985673072747886
7116,3.894787048920989
7117,3.4213049802929163
7118,4.076429060660303
7119,3.704951028339565
7120,3.594574984163046
7121,3.5625069867819548
7122,4.084902000613511
7123,3.621805924922228
7124,3.945742966607213
7125,3.6673139547929168
7126,3.874154994264245
7127,3.8749469676986337
7128,3.7755270022898912
7129,3.1212129397317767
7130,2.9769570101052523
7131,3.2875429606065154
7132,3.589468076825142
7133,2.9883639654144645
7134,3.762447042390704
7135,3.8368699606508017
7136,3.804971929639578
7137,3.5731529351323843
7138,3.625541925430298
7139,3.5972989862784743
7140,3.5706990165635943
7141,3.8944859988987446
7142,3.655706997960806
7143,3.6783410469070077
7144,3.7758880062028766
7145,4.119313904084265
7146,3.7294680951163173
7147,3.519431920722127
7148,3.80575202871114
7149,3.8548470474779606
7150,3.2056000782176852
7151,3.7480060709640384
7152,4.670573049224913
7153,3.7784019950777292
7154,4.135978990234435
7155,3.5747350193560123
7156,4.089568974450231
7157,3.5441400250419974
7158,3.87863302603364
7159,3.623198950663209
7160,3.671271027997136
7161,3.647985984571278
7162,3.750980948098004
7163,3.5379399778321385
7164,3.5639189882203937
7165,3.196417004801333
7166,3.626744030043483
7167,3.8744559278711677
7168,3.5786409862339497
7169,3.784990985877812
7170,3.529908019118011
7171,3.4548650728538632
7172,3.669898957014084
7173,3.725472022779286
7174,3.6075750831514597
7175,3.742428030818701
7176,3.8903600070625544
7177,3.4643090330064297
7178,4.123570979572833
7179,3.60882596578449
7180,3.6476149689406157
7181,3.76819702796638
7182,3.878482966683805
7183,3.299742005765438
7184,4.051542025990784
7185,4.245865042321384
7186,3.6504490999504924
7187,3.7352670915424824
7188,3.796719014644623
7189,3.6234890576452017
7190,3.661426017060876
7191,4.2888689786195755
7192,5.310635082423687
7193,4.370030947029591
7194,3.8252719677984715
7195,4.135959083214402
7196,3.8171500200405717
7197,4.20932995621115
7198,3.6987620405852795
7199,3.93474695738405
7200,4.867709008976817
7201,4.991926020011306
7202,4.369230009615421
7203,3.889208077453077
7204,4.442270030267537
7205,4.397712997160852
7206,3.58848599717021
7207,3.415175015106797
7208,3.6261529894545674
7209,3.430848941206932
7210,3.9240909973159432
7211,4.786998964846134
7212,3.607725026085973
7213,3.7132040597498417
7214,3.897911054082215
7215,4.037361009977758
7216,3.65672807674855
7217,3.4080350305885077
7218,3.7578700575977564
7219,3.7551369750872254
7220,3.773994976654649
7221,3.514153999276459
7222,3.434633952565491
7223,3.4895280841737986
7224,3.635766915977001
7225,3.988618031144142
7226,4.083310021087527
7227,4.602690925821662
7228,3.9832990150898695
7229,3.70087509509176
7230,3.599882940761745
7231,3.825301886536181
7232,3.687604912556708
7233,3.7353570805862546
7234,3.927284968085587
7235,3.713503945618868
7236,3.682146896608174
7237,3.8192840293049812
7238,3.943459945730865
7239,4.151984001509845
7240,4.462489974685013
7241,3.9451320189982653
7242,3.8072450552135706
7243,3.7333640502765775
7244,3.339631948620081
7245,4.068979062139988
7246,4.346144967712462
7247,4.061548039317131
7248,4.93632210418582
7249,4.382129991427064
7250,4.00714494753629
7251,3.473513061180711
7252,4.561239038594067
7253,4.701990052126348
7254,4.957585013471544
7255,3.8800740148872137
7256,3.959784982725978
7257,4.0170709835365415
7258,3.595717018470168
7259,3.5904289688915014
7260,3.705371986143291
7261,3.6685270024463534
7262,3.6512400256469846
7263,3.553343005478382
7264,4.112193011678755
7265,3.332480904646218
7266,3.7174999015405774
7267,3.2439079368487
7268,3.396887914277613
7269,3.5562069388106465
7270,4.303251043893397
7271,3.973325015977025
7272,4.038171959109604
7273,72.15883699245751
7274,5.4978670086711645
7275,4.739967058412731
7276,4.681739956140518
7277,4.243180970661342
7278,4.918616032227874
7279,5.103223025798798
7280,5.3300849394872785
7281,3.8936040364205837
7282,4.262569942511618
7283,5.278959055431187
7284,4.117200965993106
7285,3.2636269461363554
7286,3.7804750027135015
7287,4.49687207583338
7288,3.583268029615283
7289,3.5187810426577926
7290,3.7735040532425046
7291,3.638750989921391
7292,3.6558579886332154
7293,3.9438700769096613
7294,3.7245909916236997
7295,3.6698189796879888
7296,3.5613450454548
7297,3.5551460459828377
7298,3.9313919842243195
7299,3.714855993166566
7300,3.843919956125319
7301,3.9220679318532348
7302,3.7582709919661283
7303,3.864650963805616
7304,3.9233799325302243
7305,4.193876055069268
7306,4.923342959955335
7307,4.3058040319010615
7308,3.6355869378894567
7309,3.64412902854383
7310,3.188383998349309
7311,3.1002520117908716
7312,4.055458004586399
7313,3.6188720259815454
7314,3.9768300484865904
7315,4.372305003926158
7316,3.995537990704179
7317,4.394798073917627
7318,4.449761006981134
7319,4.080946906469762
7320,4.378393990918994
7321,4.188347957096994
7322,3.7752270000055432
7323,3.6074849776923656
7324,4.099695011973381
7325,3.7260219687595963
7326,3.9876269875094295
7327,3.9833090268075466
7328,4.023078945465386
7329,3.477109014056623
7330,4.659426980651915
7331,3.8388529792428017
7332,3.9493689546361566
7333,3.1418040161952376
7334,3.826273954473436
7335,3.5758470185101032
7336,3.1755550298839808
7337,3.762868931517005
7338,3.6520909052342176
7339,3.892434062436223
7340,3.4864620538428426
7341,3.829828929156065
7342,3.627234953455627
7343,3.5662719747051597
7344,3.7181410007178783
7345,3.7625179393216968
7346,4.284673021174967
7347,3.742306958884001
7348,3.836579038761556
7349,4.169801017269492
7350,3.7309100152924657
7351,4.906718037091196
7352,3.9670849218964577
7353,3.809388028457761
7354,3.825802938081324
7355,3.7739849649369717
7356,3.9122429443523288
7357,4.091362003237009
7358,4.028707975521684
7359,3.6506199976429343
7360,4.467927967198193
7361,4.055068013258278
7362,3.816229058429599
7363,3.3731419825926423
7364,3.460132982581854
7365,3.8157280068844557
7366,3.2493260223418474
7367,3.6860229447484016
7368,3.8156580412760377
7369,4.018853069283068
7370,4.04167699161917
7371,3.982258029282093
7372,3.4669929882511497
7373,4.22539294231683
7374,4.159774980507791
7375,4.508179030381143
7376,4.071492003276944
7377,4.003420006483793
7378,3.7121520144864917
7379,3.46964702475816
7380,3.936569904908538
7381,4.02690505143255
7382,3.9866550359874964
7383,3.984862007200718
7384,3.610900021158159
7385,3.763558925129473
7386,3.9393940242007375
7387,3.5755359567701817
7388,3.6139650037512183
7389,3.6360679659992456
7390,3.5013749729841948
7391,4.355169017799199
7392,5.089884041808546
7393,4.469751031138003
7394,4.414007067680359
7395,3.9064340526238084
7396,4.293215926736593
7397,4.502571071498096
7398,4.344332031905651
7399,4.617442958988249
7400,4.190741921775043
7401,4.7223520232364535
7402,3.9564899634569883
7403,4.137741983868182
7404,4.2204170022159815
7405,4.175249021500349
7406,4.324482986703515
7407,4.304722999222577
7408,3.723568981513381
7409,3.9036700036376715
7410,3.6835690261796117
7411,3.78786597866565
7412,4.775560926645994
7413,3.8153979694470763
7414,4.391052993014455
7415,4.426316008903086
7416,3.9746470283716917
7417,4.694779054261744
7418,4.108307999558747
7419,4.003971000202
7420,4.057190963067114
7421,3.705110982991755
7422,4.012202960439026
7423,4.019935033284128
7424,3.8867739494889975
7425,3.938141046091914
7426,3.6642299965023994
7427,3.6161179887130857
7428,3.904912038706243
7429,4.220667062327266
7430,4.397772951051593
7431,4.054317018017173
7432,3.968638018704951
7433,4.450762993656099
7434,4.315368947573006
7435,4.1116829961538315
7436,4.18445304967463
7437,4.665435058996081
7438,4.061216954141855
7439,3.9140949957072735
7440,4.372615017928183
7441,4.392124013975263
7442,3.7868249928578734
7443,4.240236012265086
7444,4.191793035715818
7445,4.604974994435906
7446,4.32066700886935
7447,3.940655034966767
7448,5.186720052734017
7449,4.405093961395323
7450,4.127876949496567
7451,5.362944095395505
7452,4.8638839507475495
7453,4.362771054729819
7454,4.429840948432684
7455,4.437041934579611
7456,4.565975978039205
7457,4.296200000680983
7458,4.808029974810779
7459,4.736401955597103
7460,4.074917989782989
7461,4.528039018623531
7462,4.61328704841435
7463,4.073816002346575
7464,4.305563983507454
7465,4.22427209559828
7466,4.180997028015554
7467,4.281418048776686
7468,4.726787912659347
7469,3.9244109066203237
7470,3.4993019653484225
7471,3.904159995727241
7472,4.455660004168749
7473,4.162649973295629
7474,3.9626589277759194
7475,3.700845059938729
7476,4.202609998174012
7477,4.218354006297886
7478,3.678782028146088
7479,4.698294913396239
7480,3.8710710359737277
7481,3.8149170577526093
7482,3.651792067103088
7483,4.221298033371568
7484,3.7739750696346164
7485,4.138762946240604
7486,4.733036970719695
7487,5.479460000060499
7488,4.419064964167774
7489,4.44810907356441
7490,5.094220978207886
7491,5.167369963601232
7492,4.2215780122205615
7493,4.6247749123722315
7494,3.9529450004920363
7495,4.382490064017475
7496,4.17188392020762
7497,3.5357469459995627
7498,4.327897913753986
7499,3.543628961779177
7500,3.4037380246445537
7501,3.9497590623795986
7502,4.196349997073412
7503,3.8225780008360744
7504,3.7819170393049717
7505,3.7047211080789566
7506,3.696979023516178
7507,3.7742150016129017
7508,3.9868750609457493
7509,3.921336028724909
7510,3.6569690564647317
7511,3.3810239983722568
7512,3.807474975474179
7513,4.009889089502394
7514,3.793664975091815
7515,3.996690036728978
7516,4.435640061274171
7517,3.5190510097891092
7518,3.5933039616793394
7519,3.756749094463885
7520,3.4679940436035395
7521,4.149400047026575
7522,5.148973083123565
7523,4.880529013462365
7524,4.2397050419822335
7525,4.642540938220918
7526,4.832475911825895
7527,4.505053977482021
7528,4.603512003086507
7529,5.175402038730681
7530,4.214246990159154
7531,4.471953958272934
7532,3.84608400054276
7533,3.870829939842224
7534,3.8837100146338344
7535,3.5873240558430552
7536,3.784000058658421
7537,4.0792039362713695
7538,4.180355928838253
7539,4.1798349702730775
7540,4.043120075948536
7541,3.9203549968078732
7542,4.439126001670957
7543,3.7980920169502497
7544,3.901978023350239
7545,3.675587009638548
7546,5.16916299238801
7547,4.336481099016964
7548,4.274287028238177
7549,4.228819045238197
7550,3.9483370492234826
7551,3.8672949885949492
7552,4.2428800370544195
7553,4.391683032736182
7554,4.352774936705828
7555,3.6873449571430683
7556,4.180507035925984
7557,4.782501026056707
7558,4.596120910719037
7559,4.572225036099553
7560,5.018976982682943
7561,4.425574094057083
7562,4.536952008493245
7563,4.606005968526006
7564,5.115492036566138
7565,4.7658960102126
7566,4.739637020975351
7567,4.250301048159599
7568,3.89600801281631
7569,4.297583014704287
7570,4.96831105556339
7571,4.617442958988249
7572,3.4672039328143
7573,3.9585119811818004
7574,4.121959093026817
7575,4.179174080491066
7576,3.845822997391224
7577,4.536921973340213
7578,4.867188981734216
7579,4.8425220884382725
7580,4.752626991830766
7581,3.8130440516397357
7582,3.722306923009455
7583,4.91415907163173
7584,4.364322987385094
7585,4.046073998324573
7586,3.6460229894146323
7587,3.351178951561451
7588,4.7813099808990955
7589,4.259606008417904
7590,4.130220972001553
7591,3.752933000214398
7592,3.6507300101220608
7593,4.016239079646766
7594,4.021737026050687
7595,4.046665038913488
7596,4.178102943114936
7597,4.954650066792965
7598,4.795580985955894
7599,4.282079986296594
7600,4.011723096482456
7601,4.347758018411696
7602,3.996679908595979
7603,4.44079702720046
7604,4.789321916177869
7605,4.637163016013801
7606,5.355952889658511
7607,4.545515985228121
7608,5.575643968768418
7609,5.074279964901507
7610,5.847212974913418
7611,6.2626569997519255
7612,5.8758549857884645
7613,5.003764061257243
7614,4.108267952688038
7615,3.710931050591171
7616,4.235279047861695
7617,4.405745072290301
7618,4.360305960290134
7619,3.405450959689915
7620,3.8337450241670012
7621,3.8717619609087706
7622,4.169018939137459
7623,3.8355779834091663
7624,3.5868330160155892
7625,4.081967985257506
7626,4.162019002251327
7627,4.101868020370603
7628,3.507134038954973
7629,3.874475951306522
7630,3.691221005283296
7631,4.0967509848997
7632,3.794146003201604
7633,3.847255022265017
7634,3.4986609825864434
7635,3.906463971361518
7636,4.17464692145586
7637,4.056298988871276
7638,3.4970490960404277
7639,3.97662993054837
7640,3.775807097554207
7641,3.6233379505574703
7642,3.9413069607689977
7643,3.7071550032123923
7644,4.238945082761347
7645,4.594417987391353
7646,4.470122046768665
7647,3.988287993706763
7648,5.143543938174844
7649,4.211752908304334
7650,4.458493902347982
7651,4.161919001489878
7652,4.043019958771765
7653,4.44873992819339
7654,3.8412560243159533
7655,4.3357900576666
7656,4.434288013726473
7657,3.76721506472677
7658,3.753134049475193
7659,3.8626888999715447
7660,3.795477095991373
7661,3.3330420264974236
7662,3.461265005171299
7663,3.459713072516024
7664,3.88423097319901
7665,3.8925129920244217
7666,3.8434300804510713
7667,4.1127350414171815
7668,4.047175054438412
7669,4.104753024876118
7670,3.961927955970168
7671,3.3815850038081408
7672,4.324372974224389
7673,4.1005960665643215
7674,3.703598980791867
7675,3.896749927662313
7676,3.98724596016109
7677,3.909858991391957
7678,3.680304973386228
7679,3.4703590208664536
7680,4.154457012191415
7681,4.438644042238593
7682,4.09538799431175
7683,4.062179010361433
7684,3.4026469802483916
7685,3.217809018678963
7686,4.625445930287242
7687,4.24386200029403
7688,3.1509780092164874
7689,3.7224970292299986
7690,3.898443072102964
7691,4.217993002384901
7692,3.3120900625362992
7693,3.7260529352352023
7694,4.152283887378871
7695,3.7309600738808513
7696,4.896963015198708
7697,3.4348060144111514
7698,3.8920330116525292
7699,4.114456940442324
7700,4.188459017314017
7701,4.23324597068131
7702,3.696658997796476
7703,4.347507026977837
7704,3.589777974411845
7705,4.244282026775181
7706,4.509240039624274
7707,4.104812047444284
7708,4.251603968441486
7709,4.435249953530729
7710,4.367346991784871
7711,4.317331942729652
7712,4.497243091464043
7713,4.123820923268795
7714,3.9810059824958444
7715,4.833038081414998
7716,3.9321130607277155
7717,4.667227971367538
7718,4.046484944410622
7719,4.384221974760294
7720,4.076480050571263
7721,4.47128398809582
7722,4.862903035245836
7723,4.5500119449570775
7724,4.546447074972093
7725,3.85098101105541
7726,4.2682880302891135
7727,4.816593020223081
7728,4.919989034533501
7729,4.90550696849823
7730,4.951025010086596
7731,5.68322604522109
7732,5.506871035322547
7733,4.566406947560608
7734,3.934565931558609
7735,3.9182009641081095
7736,4.72506508231163
7737,3.9351669838652015
7738,4.0478360606357455
7739,4.151692963205278
7740,4.333396092988551
7741,4.910693969577551
7742,4.834149032831192
7743,4.832737031392753
7744,4.7170131001621485
7745,4.462289973162115
7746,4.713768023066223
7747,4.959608078934252
7748,5.274521070532501
7749,3.8331440882757306
7750,5.097844987176359
7751,4.045302979648113
7752,4.524743999354541
7753,4.259645938873291
7754,4.116369993425906
7755,4.527878947556019
7756,4.463913035579026
7757,3.8636900717392564
7758,4.565374925732613
7759,4.274997976608574
7760,4.322430002503097
7761,4.378263023681939
7762,4.033875069580972
7763,5.014700931496918
7764,4.872557008638978
7765,5.1506549352779984
7766,4.33533894829452
7767,4.858745960518718
7768,6.056958925910294
7769,5.192207987420261
7770,5.57611498516053
7771,5.132457939907908
7772,5.574172013439238
7773,5.240580998361111
7774,4.473927081562579
7775,4.475120105780661
7776,4.8904940485954285
7777,4.318665014579892
7778,4.146224935539067
7779,4.288159077987075
7780,4.030661075375974
7781,3.8878859486430883
7782,4.760127980262041
7783,4.909752984531224
7784,4.4944280525669456
7785,4.664293956011534
7786,4.644243977963924
7787,4.577543004415929
7788,4.196178982965648
7789,4.445494967512786
7790,3.9923929143697023
7791,4.468949977308512
7792,4.01474698446691
7793,4.3342269491404295
7794,4.14244900457561
7795,5.013518035411835
7796,4.888501018285751
7797,3.9939959533512592
7798,4.357552970759571
7799,4.25556895788759
7800,3.8649019552394748
7801,4.505174001678824
7802,4.465244011953473
7803,3.397869993932545
7804,3.7051220424473286
7805,4.013575031422079
7806,3.989769029431045
7807,4.243931965902448
7808,3.899534000083804
7809,3.8352670380845666
7810,4.037290927954018
7811,3.998151980340481
7812,3.9060330018401146
7813,4.302288987673819
7814,4.156470065936446
7815,4.098093020729721
7816,4.624914028681815
7817,3.5891770385205746
7818,4.601989989168942
7819,4.246456082910299
7820,4.4423999497666955
7821,3.4450310049578547
7822,4.733577952720225
7823,3.59238195233047
7824,4.041166976094246
7825,3.8898090133443475
7826,3.974126069806516
7827,4.1888890555128455
7828,4.077111021615565
7829,4.200035938993096
7830,3.9404260460287333
7831,3.9735749596729875
7832,3.9429899770766497
7833,4.119394929148257
7834,5.190224968828261
7835,4.445684957318008
7836,3.575596958398819
7837,4.149820073507726
7838,3.8973010377958417
7839,3.695187042467296
7840,3.9380419766530395
7841,4.169899970293045
7842,3.8430390413850546
7843,3.650429891422391
7844,3.4008839866146445
7845,5.898850038647652
7846,4.6166820684447885
7847,4.190240986645222
7848,4.438944044522941
7849,4.1467249393463135
7850,4.093976109288633
7851,4.711303976364434
7852,4.362609935924411
7853,3.839354030787945
7854,4.253446008078754
7855,4.164772923104465
7856,4.345655092038214
7857,4.340126062743366
7858,4.7460770001634955
7859,4.290381097234786
7860,4.292033961974084
7861,4.13806305732578
7862,4.741970915347338
7863,3.7533940048888326
7864,4.478504997678101
7865,4.342630039900541
7866,6.192161003127694
7867,5.2854480454698205
7868,4.6681000385433435
7869,4.756742971949279
7870,4.537834087386727
7871,4.527267999947071
7872,4.541479982435703
7873,4.030320094898343
7874,4.775490961037576
7875,4.394668969325721
7876,3.92657401971519
7877,4.131773021072149
7878,4.170842003077269
7879,4.988059983588755
7880,4.4982340186834335
7881,4.582952009513974
7882,5.084334989078343
7883,4.373145988211036
7884,4.510040977038443
7885,4.844325012527406
7886,4.5683690113946795
7887,4.8820109805092216
7888,4.1290889494121075
7889,5.68418693728745
7890,4.874820937402546
7891,4.595570033416152
7892,4.13809297606349
7893,3.855086979456246
7894,4.087416105903685
7895,4.13458701223135
7896,3.6463229916989803
7897,4.302258952520788
7898,4.091623006388545
7899,4.703593091107905
7900,4.285534028895199
7901,4.149190033785999
7902,4.618134000338614
7903,3.550478955730796
7904,4.378093988634646
7905,4.291333025321364
7906,4.540788009762764
7907,4.358414094895124
7908,4.186094971373677
7909,3.6733640590682626
7910,5.372388055548072
7911,4.96609800029546
7912,4.634368931874633
7913,3.9958390407264233
7914,4.703533020801842
7915,3.9793140022084117
7916,4.235137952491641
7917,4.054107004776597
7918,3.9227480301633477
7919,5.400931928306818
7920,5.10016898624599
7921,4.911786061711609
7922,4.5631719985976815
7923,4.35007200576365
7924,4.627508926205337
7925,4.890243988484144
7926,4.584513953886926
7927,3.7197330966591835
7928,4.444723017513752
7929,4.0784330340102315
7930,4.016950028017163
7931,4.095639102160931
7932,4.095638985745609
7933,4.105463973246515
7934,4.063821048475802
7935,4.085252992808819
7936,4.517643013969064
7937,4.079284030012786
7938,4.175378009676933
7939,3.8849120028316975
7940,4.133885959163308
7941,4.914100049063563
7942,4.242349066771567
7943,3.9816080825403333
7944,3.425951930694282
7945,4.131512017920613
7946,4.296500002965331
7947,4.988492000848055
7948,4.91728400811553
7949,4.317822982557118
7950,3.775688004679978
7951,4.244301933795214
7952,4.210080020129681
7953,4.221868934109807
7954,3.8959180237725377
7955,3.767766058444977
7956,4.128588014282286
7957,4.054005956277251
7958,4.1367809753865
7959,4.143610945902765
7960,3.9554379181936383
7961,3.83959396276623
7962,4.362100036814809
7963,4.411483998410404
7964,4.2960100108757615
7965,4.026984912343323
7966,3.838712931610644
7967,3.584069083444774
7968,3.5714299883693457
7969,3.4550860291346908
7970,4.107115906663239
7971,4.301848937757313
7972,3.692402970045805
7973,3.3267319668084383
7974,4.0127739775925875
7975,4.264171933755279
7976,3.684630966745317
7977,3.9770499570295215
7978,3.822878934442997
7979,3.8925830740481615
7980,3.551049972884357
7981,4.203511052764952
7982,4.1751989629119635
7983,4.845115006901324
7984,5.151476943865418
7985,4.336790996603668
7986,4.131883033551276
7987,3.9098899578675628
7988,4.282869980670512
7989,3.948468016460538
7990,3.6643199855461717
7991,4.368599969893694
7992,3.5256310366094112
7993,3.822808968834579
7994,3.688886994495988
7995,4.289450007490814
7996,4.5859660021960735
7997,4.276911029592156
7998,4.903733963146806
7999,4.834179999306798
8000,4.235659027472138
8001,4.402389982715249
8002,4.101056954823434
8003,4.554237937554717
8004,4.907288937829435
8005,4.458784009329975
8006,5.495012970641255
8007,5.011655972339213
8008,4.375229007564485
8009,5.445198970846832
8010,4.974310053512454
8011,4.828099976293743
8012,4.806627985090017
8013,4.2404059786349535
8014,4.833157989196479
8015,3.952483064495027
8016,4.8183450708165765
8017,4.89940692204982
8018,3.930400009267032
8019,3.928016987629235
8020,3.914005937986076
8021,4.23907395452261
8022,3.9564399048686028
8023,4.071202012710273
8024,4.23002103343606
8025,3.9605050114914775
8026,3.174773999489844
8027,4.524834104813635
8028,3.8714410038664937
8029,3.686732961796224
8030,4.675030009821057
8031,4.459925927221775
8032,5.131104961037636
8033,4.369770991615951
8034,4.5787550043314695
8035,4.457512986846268
8036,4.7013500006869435
8037,3.7776499520987272
8038,3.6984820617362857
8039,3.9433600613847375
8040,3.7954269209876657
8041,3.8391529815271497
8042,3.2233570236712694
8043,3.966804943047464
8044,4.437812953256071
8045,4.790693987160921
8046,4.497142042964697
8047,4.196099005639553
8048,4.398204036988318
8049,3.957550972700119
8050,3.733763936907053
8051,3.5588510800153017
8052,3.4720510011538863
8053,3.954455954954028
8054,4.337211954407394
8055,4.338824073784053
8056,5.103925010189414
8057,4.350012051872909
8058,4.883123096078634
8059,3.8641199935227633
8060,4.039124003611505
8061,4.477572976611555
8062,4.46073804050684
8063,4.7385660000145435
8064,4.856933024711907
8065,3.926793928258121
8066,5.811869050376117
8067,4.807448945939541
8068,4.6198469353839755
8069,4.6033820835873485
8070,4.309239913709462
8071,5.109783029183745
8072,3.8854420417919755
8073,4.487817990593612
8074,5.107890930958092
8075,4.454348003491759
8076,4.244572948664427
8077,4.633247037418187
8078,4.249110003001988
8079,4.4258859707042575
8080,4.473766894079745
8081,4.359115031547844
8082,4.010831005871296
8083,4.176379996351898
8084,4.442220088094473
8085,4.119063960388303
8086,4.581219051033258
8087,4.5351890148594975
8088,4.184262012131512
8089,3.9948970079421997
8090,4.58867009729147
8091,4.824173985980451
8092,4.668980953283608
8093,4.448640043847263
8094,5.569756031036377
8095,4.288268042728305
8096,4.002709058113396
8097,4.146714927628636
8098,4.344413056969643
8099,4.306955961510539
8100,3.7897389847785234
8101,4.897234030067921
8102,4.414268070831895
8103,3.910060040652752
8104,4.024130990728736
8105,4.069178947247565
8106,4.365314031019807
8107,4.326455993577838
8108,4.470643005333841
8109,3.7903800839558244
8110,4.148487932980061
8111,4.309430019930005
8112,3.369517042301595
8113,5.109734018333256
8114,4.466476966626942
8115,3.879062947817147
8116,4.143691039644182
8117,4.000014974735677
8118,3.856839961372316
8119,3.7158180493861437
8120,4.854338942095637
8121,4.635759978555143
8122,4.374698037281632
8123,4.354547942057252
8124,4.210891900584102
8125,3.5724720219150186
8126,4.312766017392278
8127,5.179417901672423
8128,5.020480020903051
8129,4.334458033554256
8130,3.6672749556601048
8131,3.89278307557106
8132,4.018613020889461
8133,4.087707027792931
8134,4.057210986502469
8135,3.783188993111253
8136,4.349901108071208
8137,4.409320070408285
8138,4.296089988201857
8139,3.9068550104275346
8140,4.121167003177106
8141,4.292725003324449
8142,4.054366960190237
8143,3.827134962193668
8144,4.154656897298992
8145,4.096510005183518
8146,4.0734849171712995
8147,4.025113070383668
8148,3.9757380727678537
8149,4.192324005998671
8150,4.6601369976997375
8151,3.575035952962935
8152,4.461628966964781
8153,3.7777109537273645
8154,3.7563779624179006
8155,4.280776949599385
8156,3.668657038360834
8157,4.231183091178536
8158,3.731700940988958
8159,4.139493918046355
8160,3.2111790496855974
8161,4.721360048279166
8162,4.506605910137296
8163,4.79651300702244
8164,4.332324955612421
8165,4.593487014062703
8166,4.369530011899769
8167,4.325354006141424
8168,4.032372962683439
8169,4.285034025087953
8170,4.52844996470958
8171,4.279315005987883
8172,4.190340987406671
8173,4.5605580089613795
8174,4.21275501139462
8175,5.044035031460226
8176,4.120816010981798
8177,4.0079159662127495
8178,4.120656056329608
8179,4.115769057534635
8180,4.0338849648833275
8181,3.5594020737335086
8182,3.9316120091825724
8183,4.091292037628591
8184,4.630953073501587
8185,3.94108600448817
8186,3.993254969827831
8187,4.266174975782633
8188,4.177461960352957
8189,3.630299004726112
8190,3.8104900158941746
8191,3.8057930069044232
8192,3.8010759744793177
8193,3.935597953386605
8194,3.737719962373376
8195,4.360908060334623
8196,4.803964053280652
8197,3.992452984675765
8198,3.8600240368396044
8199,3.944871947169304
8200,3.7730539916083217
8201,3.8246508920565248
8202,4.392434959299862
8203,3.813012968748808
8204,4.415248986333609
8205,3.7689480232074857
8206,4.3807378970086575
8207,4.78836998809129
8208,3.957391018047929
8209,3.9790129521861672
8210,4.999006981961429
8211,4.263350972905755
8212,4.071973031386733
8213,4.583482048474252
8214,4.004662041552365
8215,4.018803010694683
8216,3.9850720204412937
8217,3.761866013519466
8218,4.162288969382644
8219,3.902787924744189
8220,3.9760388899594545
8221,3.8510309532284737
8222,3.461334970779717
8223,4.239263944327831
8224,4.2181729804724455
8225,3.783038933761418
8226,4.759766976349056
8227,4.311873926781118
8228,3.3669029362499714
8229,3.9415969513356686
8230,5.134330014698207
8231,4.799126996658742
8232,4.478132934309542
8233,4.271101905032992
8234,4.147697007283568
8235,3.646673052571714
8236,4.368479014374316
8237,4.442811012268066
8238,3.976518986746669
8239,3.7896089488640428
8240,3.8391529815271497
8241,3.8665940519422293
8242,3.6912609357386827
8243,3.895889036357403
8244,3.813214018009603
8245,3.8014570018276572
8246,3.8026879774406552
8247,4.374629002995789
8248,4.452144028618932
8249,4.29994601290673
8250,3.886293969117105
8251,4.479235969483852
8252,4.271612968295813
8253,3.4169680438935757
8254,4.340496961958706
8255,4.058332066051662
8256,3.9771300507709384
8257,3.837701049633324
8258,4.559727036394179
8259,4.157932009547949
8260,4.140777047723532
8261,3.8156580412760377
8262,3.9863339625298977
8263,4.341097897849977
8264,3.678650944493711
8265,4.728000028990209
8266,4.246204975061119
8267,4.196299938485026
8268,3.8370699621737003
8269,4.2223690543323755
8270,4.2997850105166435
8271,3.916298970580101
8272,3.638872061856091
8273,3.981006913818419
8274,4.085183027200401
8275,4.658636054955423
8276,5.179948988370597
8277,4.505054093897343
8278,4.545454983599484
8279,4.203430959023535
8280,3.8917119381949306
8281,4.01015009265393
8282,3.396617015823722
8283,4.125133040361106
8284,3.5574999637901783
8285,3.8248510099947453
8286,5.354381981305778
8287,4.597613005898893
8288,3.677350003272295
8289,3.793835057877004
8290,4.145314102061093
8291,3.874256042763591
8292,3.7549559492617846
8293,4.045523935928941
8294,3.6526620388031006
8295,3.8575700018554926
8296,4.006935050711036
8297,4.150350927375257
8298,3.96005401853472
8299,4.094126983545721
8300,4.3223799439147115
8301,4.8617610009387136
8302,4.102620063349605
8303,4.74081898573786
8304,4.639236023649573
8305,4.5576830161735415
8306,4.250771948136389
8307,3.7057329900562763
8308,4.720838973298669
8309,4.405374056659639
8310,4.202859941869974
8311,4.459165968000889
8312,3.3724120585247874
8313,3.855037037283182
8314,5.111276055686176
8315,4.7428720863536
8316,4.195768968202174
8317,4.351363983005285
8318,4.3295209761708975
8319,3.6860130494460464
8320,3.9293579757213593
8321,3.8098490331321955
8322,3.630048013292253
8323,3.385121002793312
8324,3.3555360278114676
8325,5.641874042339623
8326,4.453226923942566
8327,4.617803962901235
8328,3.9341759402304888
8329,3.822617931291461
8330,3.7290180334821343
8331,4.197262111119926
8332,7.263943087309599
8333,6.13250199239701
8334,5.402995040640235
8335,4.431843990460038
8336,3.946655080653727
8337,4.570703022181988
8338,4.041877924464643
8339,4.499296075664461
8340,4.961020080372691
8341,4.188578925095499
8342,4.494328051805496
8343,4.080176004208624
8344,4.386696964502335
8345,4.925167071633041
8346,4.440968041308224
8347,5.3833359852433205
8348,4.4770019594579935
8349,4.514808999374509
8350,4.189259954728186
8351,4.14244900457561
8352,4.690723959356546
8353,4.688940942287445
8354,4.761070013046265
8355,4.296421073377132
8356,4.066674970090389
8357,4.522369941696525
8358,3.998712985776365
8359,4.476201022043824
8360,4.292805097065866
8361,4.387488006614149
8362,4.388168919831514
8363,4.202469019219279
8364,4.6445539919659495
8365,4.010230069980025
8366,4.393155919387937
8367,4.809211939573288
8368,4.4069860596209764
8369,4.578123916871846
8370,4.188469029031694
8371,4.203480901196599
8372,4.764854907989502
8373,4.900548956356943
8374,4.275929997675121
8375,4.499054979532957
8376,4.624734981916845
8377,4.476831993088126
8378,4.252895014360547
8379,4.5178140280768275
8380,4.2525650933384895
8381,4.64697799179703
8382,4.718134994618595
8383,4.441529046744108
8384,4.821901093237102
8385,4.266945994459093
8386,4.951955983415246
8387,4.05992497690022
8388,4.1673569940030575
8389,4.292543977499008
8390,3.80283803679049
8391,4.276010091416538
8392,4.762512049637735
8393,4.304312984459102
8394,4.350963048636913
8395,4.091231967322528
8396,3.9510709466412663
8397,4.658005083911121
8398,3.672341932542622
8399,4.670573049224913
8400,4.147647065110505
8401,4.947990993969142
8402,5.13575307559222
8403,4.522830946370959
8404,3.827476059086621
8405,4.255488980561495
8406,4.314027028158307
8407,4.2567410273477435
8408,4.113645991310477
8409,4.269649973139167
8410,4.684904939495027
8411,3.889048006385565
8412,4.655000055208802
8413,4.162848927080631
8414,3.315565991215408
8415,3.6819769302383065
8416,3.6877349484711885
8417,4.533246974460781
8418,5.234951968304813
8419,4.792255931533873
8420,4.667588975280523
8421,4.467427963390946
8422,4.449389991350472
8423,4.40338090993464
8424,4.755191039294004
8425,4.05896408483386
8426,5.237756064161658
8427,5.495824036188424
8428,4.590351949445903
8429,4.350151983089745
8430,4.815101041458547
8431,4.692907095886767
8432,5.083354073576629
8433,4.289631033316255
8434,4.423621925525367
8435,4.511564038693905
8436,4.75764402654022
8437,4.190710955299437
8438,4.431053064763546
8439,4.823973984457552
8440,4.514549043960869
8441,4.251452977769077
8442,4.135458031669259
8443,4.065093002282083
8444,4.372364957816899
8445,3.8666940527036786
8446,3.9634399581700563
8447,4.21489798463881
8448,4.548378987237811
8449,4.369691014289856
8450,4.329920979216695
8451,5.436394945718348
8452,5.01936802174896
8453,4.157152026891708
8454,4.549791919998825
8455,4.170881933532655
8456,4.191804095171392
8457,4.108768072910607
8458,4.549660952761769
8459,4.519796930253506
8460,3.9050020277500153
8461,3.8600839907303452
8462,3.3282950753346086
8463,4.032714059576392
8464,4.100045072846115
8465,3.9569500368088484
8466,3.643459058366716
8467,4.558303975500166
8468,4.801771021448076
8469,3.903378965333104
8470,4.99957799911499
8471,4.681720049120486
8472,4.4613489881157875
8473,4.473767010495067
8474,4.320345935411751
8475,5.740792024880648
8476,4.500948009081185
8477,4.241438000462949
8478,4.218203015625477
8479,4.435298964381218
8480,4.3074870482087135
8481,4.110501031391323
8482,4.22710704151541
8483,3.918072092346847
8484,4.861139925196767
8485,4.319976083934307
8486,3.616086905822158
8487,4.259565030224621
8488,4.224883043207228
8489,5.268351989798248
8490,4.544051946140826
8491,3.6419159732759
8492,4.0455840062350035
8493,4.171503009274602
8494,3.8307999493554235
8495,4.1333159897476435
8496,3.9901200216263533
8497,3.8229189813137054
8498,3.7863639881834388
8499,4.1150180622935295
8500,4.11067099776119
8501,4.219415015541017
8502,4.384913947433233
8503,3.832463058643043
8504,4.804775002412498
8505,4.483432043343782
8506,4.504393087700009
8507,3.675496904179454
8508,4.692365997470915
8509,3.7375499960035086
8510,3.603479010052979
8511,3.8626580499112606
8512,4.427989013493061
8513,3.982077934779227
8514,3.7623170064762235
8515,4.116680007427931
8516,4.4014089507982135
8517,4.121928010135889
8518,3.9356780471280217
8519,4.141218028962612
8520,4.367206944152713
8521,3.9518129779025912
8522,3.940594964660704
8523,3.930720966309309
8524,3.951982012949884
8525,3.695055958814919
8526,4.1715530678629875
8527,4.679386969655752
8528,4.462118959054351
8529,4.335829988121986
8530,4.279945977032185
8531,3.920655930414796
8532,4.783452954143286
8533,5.034731002524495
8534,4.978476092219353
8535,4.473958048038185
8536,3.8835599552839994
8537,4.229579935781658
8538,4.023851011879742
8539,4.142569028772414
8540,4.135909024626017
8541,3.8526729913428426
8542,3.854885930195451
8543,3.7065340438857675
8544,3.9790529990568757
8545,3.8883970119059086
8546,3.966024029068649
8547,4.30643605068326
8548,4.235058091580868
8549,4.0688690496608615
8550,3.868537023663521
8551,4.185733967460692
8552,4.7282499726861715
8553,4.362149978987873
8554,4.082549014128745
8555,4.1199850384145975
8556,3.835067036561668
8557,3.4295270452275872
8558,3.401976078748703
8559,4.702751059085131
8560,4.138151998631656
8561,4.40762797370553
8562,4.269140074029565
8563,3.858512034639716
8564,4.089299007318914
8565,4.339996026828885
8566,5.188963026739657
8567,5.672810017131269
8568,4.754428984597325
8569,5.3694440284743905
8570,4.653047071769834
8571,3.910920931957662
8572,4.129418986849487
8573,5.690846941433847
8574,5.331387044861913
8575,5.7149529457092285
8576,5.983748007565737
8577,5.953341955319047
8578,5.111546954140067
8579,4.682320985011756
8580,4.883554065600038
8581,4.139083903282881
8582,6.60671410150826
8583,5.294953007251024
8584,4.7758909640833735
8585,5.704557988792658
8586,5.888876039534807
8587,5.605939077213407
8588,5.424086004495621
8589,5.119899054989219
8590,4.41427796613425
8591,4.572425968945026
8592,4.177111084572971
8593,4.607207956723869
8594,4.475330002605915
8595,3.6834190832450986
8596,4.7391660045832396
8597,4.282589070498943
8598,4.854830913245678
8599,4.58288099616766
8600,3.674244973808527
8601,3.985753981396556
8602,3.457229002378881
8603,4.304743022657931
8604,4.0795940440148115
8605,4.388879053294659
8606,4.282749956473708
8607,4.515690030530095
8608,4.427767940796912
8609,4.744425066746771
8610,4.140406032092869
8611,4.540577065199614
8612,4.897965001873672
8613,5.364537006244063
8614,5.330876098014414
8615,4.109109053388238
8616,3.965693060308695
8617,3.9076159009709954
8618,3.787786001339555
8619,4.0230900049209595
8620,4.034966928884387
8621,4.251834005117416
8622,4.22260002233088
8623,5.024616024456918
8624,4.434217000380158
8625,4.430663073435426
8626,4.140675999224186
8627,4.024861962534487
8628,4.061216954141855
8629,3.425481030717492
8630,4.6959619503468275
8631,4.3885300401598215
8632,4.2503910372033715
8633,4.0112819988280535
8634,4.023079993203282
8635,4.12028597202152
8636,3.9397840155288577
8637,4.287317045964301
8638,4.1576019721105695
8639,3.331549931317568
8640,3.221824998036027
8641,4.327648086473346
8642,3.843309939838946
8643,4.13809297606349
8644,4.236351000145078
8645,3.9760390063747764
8646,3.934105043299496
8647,4.065193003043532
8648,4.340877989307046
8649,4.21626097522676
8650,4.120025085285306
8651,3.489235998131335
8652,5.361472023651004
8653,5.48777193762362
8654,4.769681952893734
8655,4.966177046298981
8656,4.073514952324331
8657,3.948066965676844
8658,4.371552960947156
8659,3.960024914704263
8660,4.374076961539686
8661,4.300597007386386
8662,4.327617003582418
8663,4.377953941002488
8664,5.176594015210867
8665,3.8585530128329992
8666,3.654044005088508
8667,3.9233999559655786
8668,3.981958026997745
8669,3.966514952480793
8670,5.053319036960602
8671,4.086566041223705
8672,4.06955904327333
8673,3.972413018345833
8674,4.142930032685399
8675,4.460778087377548
8676,4.465125035494566
8677,4.002228961326182
8678,4.015278071165085
8679,3.6998429568484426
8680,3.4675339702516794
8681,3.779893973842263
8682,3.718371968716383
8683,4.073775955475867
8684,3.895418019965291
8685,3.580855089239776
8686,3.561495919711888
8687,4.46731795091182
8688,3.858512034639716
8689,4.030731040984392
8690,3.521686070598662
8691,3.8218970876187086
8692,3.8154469802975655
8693,4.027405986562371
8694,3.822296974249184
8695,4.484833916649222
8696,4.310542019084096
8697,4.4238020200282335
8698,3.98005498573184
8699,4.102398990653455
8700,3.7836390547454357
8701,3.939002985134721
8702,4.870714037679136
8703,4.279694985598326
8704,3.9283570367842913
8705,3.402806003578007
8706,4.019074025563896
8707,3.7486469373106956
8708,4.047125927172601
8709,4.8554009990766644
8710,4.863243084400892
8711,4.856063053011894
8712,4.405585001222789
8713,5.207270965911448
8714,5.575403920374811
8715,4.615369951352477
8716,4.518633941188455
8717,4.617923987098038
8718,4.656633012928069
8719,6.46288797724992
8720,5.0059870118275285
8721,4.050790914334357
8722,5.502304993569851
8723,5.5836959509179
8724,5.396494991146028
8725,4.3013079557567835
8726,4.026474896818399
8727,4.301278037019074
8728,4.665775923058391
8729,4.193376051262021
8730,3.874977002851665
8731,3.6679059267044067
8732,3.530328976921737
8733,4.424403072334826
8734,3.6785610718652606
8735,4.153014975599945
8736,4.235499072819948
8737,4.218933987431228
8738,4.659606027416885
8739,5.483445944264531
8740,5.529925925657153
8741,4.685705993324518
8742,4.856292973272502
8743,4.244862939231098
8744,5.003875005058944
8745,5.316935013979673
8746,4.976001917384565
8747,4.639316000975668
8748,3.8303399924188852
8749,4.319404950365424
8750,4.536081105470657
8751,4.293667036108673
8752,4.813168081454933
8753,4.34337102342397
8754,3.952653962187469
8755,4.4626109302043915
8756,4.859006032347679
8757,4.369801026768982
8758,5.038767005316913
8759,4.448089050129056
8760,4.479755996726453
8761,4.2552490485832095
8762,4.236771026626229
8763,3.644470009021461
8764,4.0991740534082055
8765,5.187720991671085
8766,4.693186958320439
8767,7.1410080417990685
8768,4.65262692887336
8769,4.4818989699706435
8770,4.8337390180677176
8771,4.692725953646004
8772,5.060770083218813
8773,4.849101998843253
8774,4.2272270657122135
8775,5.099338013678789
8776,5.123814917169511
8777,4.222559975460172
8778,4.550853045657277
8779,4.929372924380004
8780,4.957764991559088
8781,4.778165020979941
8782,4.387848079204559
8783,4.484533099457622
8784,4.719217075034976
8785,4.234077059663832
8786,4.7345299972221255
8787,4.411422996781766
8788,4.514388972893357
8789,4.372215014882386
8790,4.871714976616204
8791,4.743583034723997
8792,5.064176046289504
8793,5.291926907375455
8794,5.397717002779245
8795,5.32238301821053
8796,5.672460072673857
8797,5.189232993870974
8798,4.917114041745663
8799,4.6504030469805
8800,5.246239015832543
8801,5.620191106572747
8802,5.196362966671586
8803,6.5480859484523535
8804,5.334703018888831
8805,5.507681984454393
8806,4.554308019578457
8807,5.723415990360081
8808,5.056423950009048
8809,5.194461089558899
8810,5.035051028244197
8811,4.107596934773028
8812,4.73944703117013
8813,4.366426030173898
8814,3.6000729305669665
8815,4.774770000949502
8816,4.41341707482934
8817,4.169098916463554
8818,3.6315610632300377
8819,4.469471052289009
8820,5.108652054332197
8821,4.883673973381519
8822,5.455003003589809
8823,5.806641886010766
8824,5.755104008130729
8825,5.825500003993511
8826,5.023684934712946
8827,4.825736046768725
8828,5.336414091289043
8829,4.726768005639315
8830,4.720457945950329
8831,5.612189066596329
8832,4.732465953566134
8833,4.907159018330276
8834,4.5513639925047755
8835,4.180355928838253
8836,4.640318104065955
8837,6.286003044806421
8838,4.761590040288866
8839,5.224415916018188
8840,5.096292938105762
8841,5.1600090228021145
8842,4.083820967935026
8843,4.784564021974802
8844,4.6914550475776196
8845,5.919340997934341
8846,5.399047979153693
8847,4.173947032541037
8848,5.03980799112469
8849,3.799022058956325
8850,4.2792350286617875
8851,4.76104998961091
8852,5.07622305303812
8853,5.188673036172986
8854,4.571784054860473
8855,4.937094054184854
8856,3.9936259854584932
8857,4.320497042499483
8858,4.58089797757566
8859,4.1105609852820635
8860,4.500087001360953
8861,4.782911972142756
8862,4.690223024226725
8863,4.384202999062836
8864,4.808339988812804
8865,3.765981993637979
8866,3.5593119682744145
8867,3.9261740166693926
8868,4.228178993798792
8869,4.071812960319221
8870,3.8632190553471446
8871,4.0744369616732
8872,4.194807959720492
8873,3.9827090222388506
8874,3.867976018227637
8875,5.084265023469925
8876,4.876451916061342
8877,4.733839072287083
8878,5.015651928260922
8879,5.319228977896273
8880,5.54776203352958
8881,4.9608799163252115
8882,4.699808079749346
8883,4.583571921102703
8884,3.5766379442065954
8885,3.7829690845683217
8886,3.6052910145372152
8887,4.556972999125719
8888,3.9660739712417126
8889,3.848426975309849
8890,3.860255004838109
8891,3.750429954379797
8892,4.041788051836193
8893,3.841406083665788
8894,3.874256042763591
8895,3.869188018143177
8896,3.9289280539378524
8897,3.66046407725662
8898,3.84549202863127
8899,3.7633689353242517
8900,3.540353965945542
8901,4.449591040611267
8902,4.267428070306778
8903,4.065863904543221
8904,3.7498190067708492
8905,3.855947987176478
8906,4.354708944447339
8907,4.71060408744961
8908,3.736658953130245
8909,4.461939912289381
8910,4.250181023962796
8911,4.20559395570308
8912,4.226665012538433
8913,3.4360570134595037
8914,3.7122019566595554
8915,3.7109400145709515
8916,3.6925729364156723
8917,3.5250099608674645
8918,3.831901936791837
8919,3.5326220095157623
8920,3.84036498144269
8921,3.878441988490522
8922,3.7559079937636852
8923,3.8112920010462403
8924,3.7682370748370886
8925,3.9813269395381212
8926,3.8542660186067224
8927,3.9092079969123006
8928,3.6133528919890523
8929,4.009698983281851
8930,3.777130041271448
8931,4.100306075997651
8932,3.916508983820677
8933,3.9088180055841804
8934,3.699872992001474
8935,3.3829770982265472
8936,5.279239034280181
8937,4.316119942814112
8938,3.8850719574838877
8939,4.46133897639811
8940,4.860879969783127
8941,4.201868083328009
8942,3.4951259149238467
8943,4.378924961201847
8944,4.030941985547543
8945,3.7549359258264303
8946,4.074577009305358
8947,4.333507036790252
8948,4.14881797041744
8949,3.732773009687662
8950,4.031992983072996
8951,3.876468981616199
8952,3.6113099195063114
8953,4.489851067773998
8954,3.686903975903988
8955,3.680984955281019
8956,3.657630062662065
8957,4.021908040158451
8958,3.627554979175329
8959,3.7742360727861524
8960,3.957181004807353
8961,3.707575029693544
8962,4.050530958920717
8963,3.7717120721936226
8964,4.034625948406756
8965,4.0802559815347195
8966,4.076309967786074
8967,3.747745999135077
8968,3.6780110094696283
8969,3.5805540392175317
8970,4.618656006641686
8971,3.5050500882789493
8972,3.8945169653743505
8973,4.004591959528625
8974,4.386337008327246
8975,3.6321220686659217
8976,3.909558989107609
8977,3.687385004013777
8978,4.134827060624957
8979,4.162669996730983
8980,4.037140985019505
8981,4.640668979845941
8982,4.520817892625928
8983,4.3010079534724355
8984,5.475083948113024
8985,3.8861740613356233
8986,4.215748980641365
8987,3.91985394526273
8988,3.9989829529076815
8989,4.4789849780499935
8990,4.359434940852225
8991,4.662360996007919
8992,3.98654502350837
8993,5.062443087808788
8994,4.139593918807805
8995,4.31525893509388
8996,4.053935990668833
8997,4.060626961290836
8998,4.208168014883995
8999,4.550132085569203
9000,3.624239005148411
9001,3.5490969894453883
9002,4.188238061033189
9003,4.22337104100734
9004,4.6363010769709945
9005,4.028968047350645
9006,4.168178071267903
9007,3.730769967660308
9008,4.05829306691885
9009,4.049720009788871
9010,3.827595035545528
9011,3.7389930803328753
9012,4.302200046367943
9013,4.309360054321587
9014,3.8853230653330684
9015,4.183101002126932
9016,3.930320031940937
9017,4.023650079034269
9018,4.406776046380401
9019,4.2773919412866235
9020,5.120420013554394
9021,4.907369962893426
9022,4.832275910302997
9023,5.012347013689578
9024,4.260016023181379
9025,5.32183307223022
9026,4.929662914946675
9027,3.5397930769249797
9028,4.238744033500552
9029,4.4410479022189975
9030,4.716392024420202
9031,4.7038940247148275
9032,4.765175981447101
9033,4.436151008121669
9034,4.470383049920201
9035,4.261017078533769
9036,3.6011349875479937
9037,3.9284370141103864
9038,3.7721419939771295
9039,4.234788008034229
9040,4.305033013224602
9041,4.749541985802352
9042,4.924554959870875
9043,5.21900795865804
9044,3.76709399279207
9045,4.271714016795158
9046,3.466372028924525
9047,3.658822039142251
9048,4.464543075300753
9049,3.9154969854280353
9050,3.7049719830974936
9051,3.552461974322796
9052,2.9843879165127873
9053,4.175929934717715
9054,3.7859929725527763
9055,4.658435005694628
9056,3.9844709681347013
9057,3.6315309116616845
9058,3.555675968527794
9059,3.1856510322541
9060,4.71405906137079
9061,3.3953950041905046
9062,3.5634780069813132
9063,3.8774909917265177
9064,3.9365600096061826
9065,3.7093489663675427
9066,3.828838001936674
9067,4.146305029280484
9068,5.19186700694263
9069,5.155142047442496
9070,4.804785014130175
9071,4.147046012803912
9072,4.24997101072222
9073,4.08157694619149
9074,4.847649950534105
9075,5.013208952732384
9076,6.172001012600958
9077,5.623446078971028
9078,4.586916998960078
9079,4.901350941509008
9080,4.156769951805472
9081,3.7424779729917645
9082,4.871574928984046
9083,4.177051014266908
9084,3.9315420435741544
9085,3.708487027324736
9086,4.00105700828135
9087,3.869749023579061
9088,3.837691037915647
9089,4.875260987319052
9090,5.07653399836272
9091,4.83267696108669
9092,4.381968989036977
9093,4.099854966625571
9094,4.488889942876995
9095,4.785626078955829
9096,4.666997934691608
9097,4.846677999012172
9098,3.957230015657842
9099,4.122819984331727
9100,3.7130729760974646
9101,4.155818955041468
9102,4.04448201879859
9103,4.111612914130092
9104,3.76254809089005
9105,4.513427033089101
9106,4.466075100935996
9107,4.228098085150123
9108,3.726875060237944
9109,3.7067440571263433
9110,4.154035937972367
9111,4.463201039470732
9112,3.6240690387785435
9113,3.9132749661803246
9114,4.476381931453943
9115,3.9872759953141212
9116,3.841086057946086
9117,4.054146935231984
9118,3.602757933549583
9119,4.174496978521347
9120,3.7910710088908672
9121,3.949829959310591
9122,4.0289489552378654
9123,4.079623962752521
9124,4.32374095544219
9125,5.209844093769789
9126,4.650061950087547
9127,4.386776010505855
9128,4.017251078039408
9129,4.288288066163659
9130,4.481428069993854
9131,4.234789055772126
9132,4.751906031742692
9133,4.252183949574828
9134,5.0589770544320345
9135,5.120830028317869
9136,5.023163976147771
9137,3.9973410312086344
9138,4.994150018319488
9139,4.904555040411651
9140,4.446937004104257
9141,4.813377978280187
9142,4.037271020933986
9143,4.46332199499011
9144,4.34749701526016
9145,4.123641061596572
9146,4.497171961702406
9147,3.865152015350759
9148,3.8712009554728866
9149,3.904031007550657
9150,3.7697789957746863
9151,4.068768001161516
9152,4.73700393922627
9153,4.6173429582268
9154,4.915550933219492
9155,4.214096930809319
9156,4.233055980876088
9157,3.9842110127210617
9158,4.062788910232484
9159,4.450773005373776
9160,4.1611469350755215
9161,3.8659439887851477
9162,4.16466302704066
9163,4.431813955307007
9164,4.103519953787327
9165,4.7361720353364944
9166,4.604525049217045
9167,4.355209064669907
9168,3.7655619671568274
9169,3.890039981342852
9170,4.265874973498285
9171,3.6027380265295506
9172,7.392044994048774
9173,4.728139960207045
9174,4.604573943652213
9175,4.404532955959439
9176,4.090822068974376
9177,3.5974900238215923
9178,4.2613770347088575
9179,3.781947074458003
9180,4.646616987884045
9181,4.034957964904606
9182,4.179244977422059
9183,3.9699190529063344
9184,3.9222679333761334
9185,4.093816038221121
9186,3.5928930155932903
9187,3.841556957922876
9188,4.249760997481644
9189,3.6107200430706143
9190,4.068068112246692
9191,3.9198939921334386
9192,3.6941450089216232
9193,4.340896965004504
9194,4.2839719681069255
9195,4.156469949521124
9196,4.087866982445121
9197,4.718554904684424
9198,4.055068013258278
9199,4.095798940397799
9200,3.8280560402199626
9201,3.7727340823039412
9202,3.7429790245369077
9203,4.128428059630096
9204,3.5750960232689977
9205,4.212865023873746
9206,4.955823067575693
9207,4.211092949844897
9208,3.5208750050514936
9209,4.1845920495688915
9210,5.158256972208619
9211,5.184805952012539
9212,3.9729640120640397
9213,4.286214942112565
9214,4.186736070550978
9215,4.255889914929867
9216,3.93450609408319
9217,4.430341999977827
9218,4.148378036916256
9219,3.806563909165561
9220,4.1188240284100175
9221,4.066363908350468
9222,4.0447619976475835
9223,3.950900980271399
9224,3.9510809583589435
9225,3.7502699997276068
9226,4.066915949806571
9227,4.291723947972059
9228,4.007976967841387
9229,4.200135939754546
9230,4.129008972086012
9231,4.103029961697757
9232,4.04883804731071
9233,3.5653120139613748
9234,3.9516029646620154
9235,3.8590829353779554
9236,4.18976997025311
9237,4.886287963017821
9238,5.150945973582566
9239,4.238513996824622
9240,5.046368925832212
9241,4.907578928396106
9242,4.2962010484188795
9243,4.091672948561609
9244,4.249198944307864
9245,4.069398972205818
9246,4.423542064614594
9247,4.263401031494141
9248,4.545895964838564
9249,3.809188026934862
9250,4.085432970896363
9251,4.482120042666793
9252,4.847788950428367
9253,4.471224034205079
9254,4.113615956157446
9255,4.4611579505726695
9256,3.7832179805263877
9257,4.421037971042097
9258,3.7816769909113646
9259,3.648926969617605
9260,5.661212955601513
9261,4.635139019228518
9262,4.449811996892095
9263,4.512274987064302
