batch_idx,latency_ms
0,106.55592603143305
1,5.64145902171731
2,5.265066050924361
3,4.831933998502791
4,4.678891040384769
5,4.362687934190035
6,4.7464449889957905
7,4.195643938146532
8,4.813737003132701
9,4.568642005324364
10,4.651168012060225
11,4.353545024059713
12,4.280332941561937
13,4.368708003312349
14,4.633571021258831
15,4.374766023829579
16,3.72314197011292
17,4.440105985850096
18,4.217526991851628
19,4.22795198392123
20,4.216405097395182
21,3.963908995501697
22,4.495580913498998
23,3.9990239311009645
24,5.401172908023
25,5.19814295694232
26,4.512547980993986
27,5.255751078948379
28,4.280944005586207
29,3.9510600036010146
30,4.1733100079
31,3.659525071270764
32,4.684298997744918
33,4.547300050035119
34,4.510334110818803
35,3.8374470314010978
36,4.369740025140345
37,4.049340030178428
38,3.8099950179457664
39,4.901670967228711
40,3.877477953210473
41,4.321094951592386
42,4.172027111053467
43,4.1446860413998365
44,4.511985927820206
45,5.282362108118832
46,4.7667151084169745
47,4.38871793448925
48,5.736124003306031
49,4.640973056666553
50,4.025463946163654
51,4.205699078738689
52,4.865846014581621
53,3.9525929605588317
54,3.770014038309455
55,4.045233014039695
56,4.027027054689825
57,3.959552966989577
58,3.787290072068572
59,3.938860958442092
60,4.1000270284712315
61,4.686662927269936
62,5.318577052094042
63,5.66310400608927
64,4.426505998708308
65,3.978891996666789
66,3.9695979794487357
67,5.254098912701011
68,3.9268829859793186
69,3.7574750604107976
70,4.109852947294712
71,3.9960379945114255
72,3.8922709645703435
73,4.128400003537536
74,4.143284051679075
75,4.254382918588817
76,4.615545039996505
77,4.108430934138596
78,3.821072052232921
79,4.096672986634076
80,4.036659956909716
81,3.994495957158506
82,3.704693983308971
83,4.202923970296979
84,4.287283052690327
85,3.4906569635495543
86,5.114085040986538
87,4.946790053509176
88,4.790661041624844
89,4.458094015717506
90,4.075950011610985
91,4.115900956094265
92,4.007296054624021
93,4.420956945978105
94,4.170365049503744
95,4.115261021070182
96,4.844773910008371
97,4.1802499908953905
98,4.386774962767959
99,3.8698960561305285
100,4.052384058013558
101,4.341444931924343
102,4.1559129022061825
103,3.9092160295695066
104,3.915115026757121
105,4.234562977217138
106,5.01093699131161
107,4.981623031198978
108,4.6426859917119145
109,4.608724033460021
110,4.992207977920771
111,4.38192707952112
112,4.969605011865497
113,5.303604062646627
114,4.819254972971976
115,4.305109963752329
116,4.711751011200249
117,3.888986073434353
118,4.157585091888905
119,3.7349399644881487
120,4.432014073245227
121,4.496081965044141
122,4.619620973244309
123,4.67552593909204
124,4.656115896068513
125,4.339472972787917
126,4.2854000348597765
127,4.174411064013839
128,4.525316064245999
129,3.6451939959079027
130,3.5422760993242264
131,4.689966910518706
132,4.984867060557008
133,5.428855074569583
134,5.482988082803786
135,5.170691991224885
136,3.9659830508753657
137,4.30446898099035
138,5.015673930756748
139,4.501749994233251
140,4.748828010633588
141,3.857176983729005
142,3.9555260445922613
143,3.9389620069414377
144,4.043872002512217
145,4.610024974681437
146,4.9051770474761724
147,4.054216900840402
148,4.8893619095906615
149,5.078250076621771
150,4.2466409504413605
151,4.5886930311098695
152,4.685070016421378
153,4.655775032006204
154,4.463883000425994
155,4.541361005976796
156,4.15398005861789
157,3.889746032655239
158,3.792578005231917
159,4.712873022072017
160,4.548490978777409
161,4.763350007124245
162,4.401386948302388
163,4.64392697904259
164,4.622003994882107
165,4.134570015594363
166,3.558289958164096
167,3.923728014342487
168,4.345622030086815
169,4.234523046761751
170,3.9236180018633604
171,4.30776400025934
172,4.119036020711064
173,4.27054800093174
174,4.596163984388113
175,4.764440935105085
176,4.794617998413742
177,4.656216013245285
178,4.187209997326136
179,4.1013400768861175
180,4.319692961871624
181,5.956399952992797
182,5.319018033333123
183,4.6921109315007925
184,5.026120925322175
185,4.334446042776108
186,4.129132023081183
187,5.387713084928691
188,4.347766051068902
189,4.431923967786133
190,4.524245043285191
191,4.3204029789194465
192,3.941125003620982
193,3.722029970958829
194,3.9033370558172464
195,4.183325101621449
196,4.114290000870824
197,4.237647983245552
198,4.4146470027044415
199,3.66041692905128
200,4.073226009495556
201,3.8495450280606747
202,4.086586995981634
203,4.060016013681889
204,4.019724088720977
205,4.4531760504469275
206,4.543202929198742
207,4.820776986889541
208,3.8828259566798806
209,4.474367946386337
210,4.36757504940033
211,3.8358939345926046
212,4.40377090126276
213,4.413045942783356
214,3.741950960829854
215,4.244226962327957
216,4.031252930872142
217,3.91150894574821
218,3.567895037122071
219,4.410141031257808
220,4.292150028049946
221,4.272900987416506
222,4.020435968413949
223,4.271829966455698
224,4.6913400292396545
225,4.017921979539096
226,4.089111112989485
227,4.009469063021243
228,3.5321100149303675
229,4.485144978389144
230,4.49228601064533
231,4.410181078128517
232,4.072815994732082
233,4.067807924002409
234,4.422238911502063
235,3.725245944224298
236,4.581873072311282
237,4.0704821003600955
238,3.585212049074471
239,4.323248052969575
240,4.2133600218221545
241,4.3512010015547276
242,4.144975915551186
243,4.192688036710024
244,3.9890980115160346
245,4.05865500215441
246,4.612830001860857
247,4.06032707542181
248,4.101970000192523
249,4.370971000753343
250,4.095681011676788
251,4.2327799601480365
252,3.977309912443161
253,3.5908500431105494
254,4.685480962507427
255,3.418918000534177
256,3.325694939121604
257,4.224136006087065
258,4.000955959782004
259,3.884067991748452
260,4.087398061528802
261,4.049960989505053
262,5.454092985019088
263,5.5179710034281015
264,4.7926639672368765
265,4.328054958023131
266,4.380895989015698
267,4.69605706166476
268,5.481104948557913
269,4.762388067319989
270,4.192268010228872
271,4.584416979923844
272,4.5562139712274075
273,4.1113649494946
274,4.235263098962605
275,3.6476670065894723
276,4.786514909937978
277,4.4740879675373435
278,4.339803010225296
279,4.530954058282077
280,4.452325054444373
281,4.559990018606186
282,4.784040967933834
283,4.221593029797077
284,4.3810170609503984
285,4.431372974067926
286,4.6559859765693545
287,4.23892994876951
288,4.175041918642819
289,4.166468977928162
290,3.914445056580007
291,4.2799420189112425
292,4.049560055136681
293,4.195812973193824
294,4.261033027432859
295,4.405553103424609
296,4.2873830534517765
297,4.515450913459063
298,4.343339009210467
299,4.126467974856496
300,4.404250998049974
301,4.681634018197656
302,4.001436987891793
303,4.044412053190172
304,4.0223789401352406
305,4.3745459988713264
306,4.316456965170801
307,4.707904998213053
308,4.527490003965795
309,4.7075540060177445
310,4.8332459991797805
311,4.691048990935087
312,4.773454973474145
313,5.824147956445813
314,5.374833010137081
315,4.4795970898121595
316,4.605508991517127
317,3.987155039794743
318,4.684578976593912
319,4.406724940054119
320,5.036335904151201
321,4.713032045401633
322,3.933042986318469
323,4.07988706137985
324,3.801963059231639
325,4.450321896001697
326,4.3029970256611705
327,4.206149955280125
328,3.9342339150607586
329,3.6450730403885245
330,4.2134610703215
331,3.9369380101561546
332,3.7664580158889294
333,3.951090038754046
334,4.023781046271324
335,4.770420957356691
336,4.397731041535735
337,4.1907059494405985
338,3.891478991135955
339,4.381987964734435
340,4.6850600047037005
341,4.618888953700662
342,4.459675983525813
343,4.983906052075326
344,4.267652984708548
345,4.733163048513234
346,4.509681952185929
347,4.0770419873297215
348,3.8718689465895295
349,3.9968088967725635
350,4.547239979729056
351,4.301073960959911
352,4.122451995499432
353,4.073156043887138
354,4.18372405692935
355,4.254683037288487
356,4.211577004753053
357,3.940404043532908
358,4.3399230344221
359,4.479095921851695
360,4.335055942647159
361,4.343449021689594
362,4.363409010693431
363,4.010050091892481
364,5.1518629770725965
365,4.3657730566337705
366,3.994506085291505
367,4.4207669561728835
368,4.078543977811933
369,4.560380009934306
370,4.449940985068679
371,4.270466975867748
372,4.72861691378057
373,3.955275984480977
374,4.1626530000939965
375,4.166978993453085
376,4.033556091599166
377,4.140989040024579
378,4.016139078885317
379,4.008326912298799
380,3.930589067749679
381,3.587705083191395
382,3.9312290027737617
383,4.572818987071514
384,4.329417017288506
385,3.7309840554371476
386,3.9695980958640575
387,3.80318402312696
388,3.988657030276954
389,4.087317967787385
390,4.010350909084082
391,4.594541969709098
392,4.869009950198233
393,5.056757014244795
394,4.095089971087873
395,3.642798983491957
396,3.9192510303109884
397,4.321424989029765
398,3.9816260104998946
399,4.181891912594438
400,3.9177590515464544
401,3.9085850585252047
402,3.87825898360461
403,3.9982120506465435
404,4.314525052905083
405,4.22174297273159
406,4.41943493206054
407,4.312801989726722
408,4.3350160121917725
409,4.159017000347376
410,3.9825469721108675
411,3.8810931146144867
412,4.043922061100602
413,3.7961029447615147
414,4.153338959440589
415,3.8467610720545053
416,4.170204978436232
417,4.685911000706255
418,4.192027961835265
419,4.846456926316023
420,3.883957047946751
421,3.934675012715161
422,3.8453490706160665
423,4.2457589879632
424,4.459977033548057
425,4.132157075218856
426,4.155782982707024
427,3.74321301933378
428,3.9760679937899113
429,4.110793001018465
430,3.972422913648188
431,4.044433007948101
432,3.7991079734638333
433,4.17789607308805
434,3.8379079196602106
435,3.9993139216676354
436,3.9294669404625893
437,4.167629987932742
438,5.682853050529957
439,4.322836990468204
440,4.18179202824831
441,4.508220008574426
442,4.4192050117999315
443,5.086693097837269
444,3.8051470182836056
445,5.053491913713515
446,4.425853956490755
447,4.041567910462618
448,4.300002008676529
449,4.393715993501246
450,4.985567997209728
451,4.054667893797159
452,4.122101003304124
453,4.562161979265511
454,5.325266974978149
455,4.732161993160844
456,4.684709012508392
457,4.563774913549423
458,4.7364289639517665
459,4.466937039978802
460,4.676516982726753
461,3.8371769478544593
462,4.457082017324865
463,4.9419819843024015
464,4.433856927789748
465,4.389418987557292
466,4.356277990154922
467,4.372532945126295
468,4.216665052808821
469,4.702687030658126
470,3.8963169790804386
471,3.9424559799954295
472,4.238639026880264
473,3.9441490080207586
474,3.680857946164906
475,4.18668903876096
476,4.659341066144407
477,4.9142190255224705
478,4.322477034293115
479,3.800570033490658
480,3.951309947296977
481,4.178586998023093
482,4.163072910159826
483,4.524935036897659
484,4.0441619930788875
485,4.1715160477906466
486,4.546137992292643
487,3.8838170003145933
488,4.385322914458811
489,4.288094001822174
490,4.247601958923042
491,4.262154921889305
492,4.074439057148993
493,5.190350930206478
494,5.3242959547787905
495,4.373303963802755
496,4.566779010929167
497,4.372672992758453
498,4.065294051542878
499,3.4026429057121277
500,5.069195991382003
501,5.51038992125541
502,4.508952028118074
503,4.506937926635146
504,4.399725003167987
505,4.329086979851127
506,4.326772992499173
507,4.405092913657427
508,4.139567026868463
509,4.456680966541171
510,4.0769720217213035
511,4.066935973241925
512,4.2892961064353585
513,3.987565985880792
514,4.402989987283945
515,4.036721074953675
516,4.023820976726711
517,4.386915010400116
518,3.9357159985229373
519,4.359794082120061
520,4.116823081858456
521,4.025814007036388
522,3.8897570921108127
523,3.856585011817515
524,4.060085979290307
525,4.216014058329165
526,4.341745981946588
527,3.6852339981123805
528,4.637918085791171
529,4.552877973765135
530,5.2914549596607685
531,4.862289992161095
532,4.92361409123987
533,4.576003993861377
534,4.264047020114958
535,4.383399966172874
536,3.937229048460722
537,4.507648991420865
538,4.328656010329723
539,4.129792912863195
540,4.151425906457007
541,4.830411984585226
542,4.272189922630787
543,3.7300720578059554
544,4.16898203548044
545,4.722887999378145
546,4.220461007207632
547,3.919841954484582
548,3.4954649163410068
549,4.041827982291579
550,4.356779041700065
551,4.463992081582546
552,4.811443039216101
553,4.380285041406751
554,4.894629935733974
555,5.70617790799588
556,5.168378003872931
557,5.12085494119674
558,5.452780984342098
559,4.702136036939919
560,4.609394003637135
561,4.6414530370384455
562,4.432816058397293
563,4.603886045515537
564,4.862920963205397
565,4.012904013507068
566,4.641873994842172
567,4.400234902277589
568,4.78079600725323
569,5.073933978565037
570,4.555040970444679
571,3.9625379722565413
572,4.968261928297579
573,4.975443007424474
574,4.545246018096805
575,4.928942071273923
576,4.0605670074000955
577,4.497893969528377
578,4.3675650376826525
579,4.297909908927977
580,4.684709012508392
581,4.641883890144527
582,4.073836957104504
583,4.386884975247085
584,3.9924229495227337
585,4.811813007108867
586,5.043806973844767
587,4.225898999720812
588,4.509532009251416
589,4.373704083263874
590,3.9760179352015257
591,3.9423269918188453
592,4.091424052603543
593,3.9937139954417944
594,5.472752032801509
595,3.6448719911277294
596,4.521679948084056
597,4.535572021268308
598,4.192878026515245
599,4.29776799865067
600,3.5023150267079473
601,5.055644898675382
602,4.015929065644741
603,4.042668966576457
604,5.04848500713706
605,4.632179043255746
606,4.735166090540588
607,4.069730988703668
608,4.398031975142658
609,4.456039983779192
610,4.319682018831372
611,4.426015075296164
612,3.7507530068978667
613,4.273161990568042
614,4.20630001462996
615,4.188532009720802
616,4.8103510634973645
617,4.272621008567512
618,3.8389789406210184
619,4.508531070314348
620,4.232770064845681
621,4.6813240041956306
622,4.1312649846076965
623,3.8861799985170364
624,4.161710967309773
625,3.925180062651634
626,4.162732046097517
627,3.922936972230673
628,4.973239963874221
629,4.568181000649929
630,4.2484140722081065
631,4.628033027984202
632,4.214170970954001
633,3.8904770044609904
634,4.0226689307019114
635,4.2186579667031765
636,4.746643942780793
637,4.7062820522114635
638,4.22421598341316
639,4.0939070750027895
640,4.399294033646584
641,4.5435139909386635
642,4.904765053652227
643,5.038389004766941
644,3.9555570110678673
645,4.7300090081989765
646,4.580841050483286
647,5.2491509122774005
648,4.673182033002377
649,4.137594951316714
650,4.781968076713383
651,4.73188201431185
652,4.328525043092668
653,5.524932057596743
654,4.131795954890549
655,4.42098593339324
656,4.359913989901543
657,4.143593949265778
658,4.84625599347055
659,4.000215092673898
660,5.652626045048237
661,5.0213029608130455
662,5.20705699454993
663,6.80013804230839
664,5.864158971235156
665,4.88534604664892
666,4.606951028108597
667,4.529072088189423
668,4.595663980580866
669,4.9916470889002085
670,4.547760938294232
671,4.843302071094513
672,4.552767961286008
673,4.239639965817332
674,4.491403931751847
675,4.044572007842362
676,4.783449927344918
677,4.6565469820052385
678,4.879356944002211
679,4.29392303340137
680,4.120970028452575
681,4.777780966833234
682,3.9453509962186217
683,3.4916780423372984
684,4.407325992360711
685,4.118074895814061
686,4.797911969944835
687,4.157474962994456
688,3.4214420011267066
689,4.501499934121966
690,4.030010080896318
691,4.797230940312147
692,4.00688499212265
693,4.037452046759427
694,4.028458031825721
695,4.0132650174200535
696,4.858114058151841
697,4.436459974385798
698,3.7348699988797307
699,4.359352984465659
700,4.121409961953759
701,3.7585850805044174
702,4.3604240054264665
703,4.120648023672402
704,4.306952003389597
705,3.9480150444433093
706,5.254938965663314
707,3.8535610074177384
708,4.1061160154640675
709,4.662494990043342
710,4.048106959089637
711,4.05416707508266
712,4.5207199873402715
713,4.14055900182575
714,4.303156980313361
715,3.9530519861727953
716,3.8467709673568606
717,4.499527043662965
718,5.116377957165241
719,5.127815064042807
720,4.021236905828118
721,3.9053100626915693
722,3.836574964225292
723,4.107267945073545
724,3.996318089775741
725,4.220330039970577
726,4.084764048457146
727,4.236454959027469
728,4.265579977072775
729,3.8582879351451993
730,4.153928952291608
731,3.947744029574096
732,4.005812923423946
733,4.743298981338739
734,6.8023609928786755
735,4.671718925237656
736,4.376068944111466
737,3.9128720527514815
738,4.285268951207399
739,3.6973929964005947
740,3.621947020292282
741,4.558056010864675
742,4.061307990923524
743,3.9565180195495486
744,4.053635988384485
745,5.014422000385821
746,4.5191660756245255
747,4.179778974503279
748,4.266201052814722
749,4.301645094528794
750,4.067917936481535
751,3.9716920582577586
752,4.224597010761499
753,4.0453929686918855
754,3.9049190236255527
755,4.105074913240969
756,4.584496025927365
757,3.9178490405902267
758,4.011662094853818
759,4.151216009631753
760,3.914254019036889
761,4.074738011695445
762,3.976518055424094
763,4.260492045432329
764,3.570870030671358
765,3.8194189546629786
766,3.816684940829873
767,3.833250026218593
768,5.262591992504895
769,4.622114007361233
770,3.78264207392931
771,3.891268977895379
772,4.338821046985686
773,4.589985008351505
774,4.086917033419013
775,4.290828015655279
776,4.8495110822841525
777,4.5499029802158475
778,4.329266957938671
779,4.3297880329191685
780,4.457733011804521
781,4.501139046624303
782,5.496769095771015
783,5.0647989846765995
784,4.231557948514819
785,4.365342087112367
786,5.107524921186268
787,4.593390040099621
788,4.477964015677571
789,4.726523067802191
790,3.924909047782421
791,4.180149058811367
792,4.318260005675256
793,3.5317899892106652
794,3.933322965167463
795,4.08587499987334
796,3.98716505151242
797,4.206349025480449
798,4.5057759853079915
799,3.878018003888428
800,4.469000035896897
801,4.514029016718268
802,4.563824972137809
803,4.136421950533986
804,5.009874934330583
805,5.294140079058707
806,5.022744997404516
807,4.370830021798611
808,4.808478057384491
809,4.346693051047623
810,5.350544932298362
811,4.65070700738579
812,5.279597011394799
813,4.721735022030771
814,4.325891030021012
815,4.495810950174928
816,4.264347953721881
817,4.331629956141114
818,3.9204530185088515
819,4.481117939576507
820,5.046922015026212
821,5.223692045547068
822,4.4229800114408135
823,5.297534051351249
824,4.133709007874131
825,4.150083987042308
826,4.906086949631572
827,4.720604047179222
828,4.944574902765453
829,4.005813039839268
830,4.750550026074052
831,5.162287969142199
832,4.331651027314365
833,4.118675016798079
834,4.7153260093182325
835,3.9540340658277273
836,4.594010999426246
837,4.492055042646825
838,4.596744896844029
839,4.395427997224033
840,4.480798030272126
841,4.433005000464618
842,4.863391979597509
843,4.819535068236291
844,4.801427014172077
845,4.57341899164021
846,5.133895087055862
847,5.192814045585692
848,4.841929068788886
849,4.676816985011101
850,5.452180048450828
851,5.07732795085758
852,4.375958000309765
853,4.883773042820394
854,3.9587310748174787
855,5.172803997993469
856,4.716607974842191
857,4.556724103167653
858,4.351831041276455
859,4.458062932826579
860,4.375727032311261
861,4.515570937655866
862,4.1290910448879
863,4.501038929447532
864,4.5020009856671095
865,4.765633028000593
866,4.030650947242975
867,4.011432058177888
868,4.4447529362514615
869,4.5487110037356615
870,4.55980806145817
871,4.690647940151393
872,4.465435049496591
873,5.218683043494821
874,5.251042894087732
875,5.020861979573965
876,5.004297010600567
877,5.947085912339389
878,5.068083992227912
879,5.378898000344634
880,4.602674045599997
881,5.147195071913302
882,4.488870967179537
883,4.308384959585965
884,4.714844981208444
885,4.196263966150582
886,4.398713004775345
887,4.406283958815038
888,3.8773869164288044
889,4.3064618948847055
890,4.089049994945526
891,5.10791502892971
892,6.032416014932096
893,5.463397013954818
894,4.784712102264166
895,4.727163002826273
896,5.871930974535644
897,4.9276400823146105
898,5.7720590848475695
899,4.571025958284736
900,4.849701072089374
901,4.703828017227352
902,4.517304012551904
903,5.412750062532723
904,6.850054021924734
905,5.4006720893085
906,5.361040937714279
907,4.582733963616192
908,4.243005998432636
909,4.908561008051038
910,5.1578109851107
911,4.5942909782752395
912,4.499236005358398
913,4.133447888307273
914,4.11489000543952
915,3.6946479231119156
916,3.7823719903826714
917,4.176293034106493
918,4.104263964109123
919,4.353113006800413
920,4.28034202195704
921,4.0881490567699075
922,4.492847016081214
923,4.568792064674199
924,4.155712085776031
925,4.020986962132156
926,3.72967089060694
927,4.289265954867005
928,3.752676071599126
929,4.320704028941691
930,4.088529036380351
931,4.36446990352124
932,4.1357019217684865
933,4.278720007278025
934,4.0676380740478635
935,3.5333120031282306
936,3.9220949402078986
937,3.6227189702913165
938,4.465344012714922
939,4.207591060549021
940,4.268713993951678
941,4.214411019347608
942,4.085864988155663
943,4.353113006800413
944,4.151795990765095
945,4.257407039403915
946,4.461508011445403
947,4.015036975033581
948,3.8341209292411804
949,3.897357964888215
950,4.210234968923032
951,4.374005016870797
952,4.629043978638947
953,4.046424990519881
954,4.003599984571338
955,4.508860991336405
956,4.736989038065076
957,4.133848007768393
958,4.1977259097620845
959,4.429879947565496
960,5.328372004441917
961,4.738360992632806
962,4.283367074094713
963,4.07334603369236
964,5.0069199642166495
965,4.10069792997092
966,5.041633965447545
967,3.9759869687259197
968,4.208973026834428
969,4.077071906067431
970,4.340664017945528
971,4.494098015129566
972,4.174229921773076
973,4.645879962481558
974,5.019629956223071
975,4.504123004153371
976,5.004337057471275
977,4.367845016531646
978,3.8557139923796058
979,5.1743569783866405
980,4.369868081994355
981,5.245054955594242
982,4.973198985680938
983,4.552126978524029
984,4.164004931226373
985,4.203143995255232
986,4.78384003508836
987,4.591175937093794
988,5.109226913191378
989,4.330529016442597
990,4.323448054492474
991,4.511103965342045
992,4.165987018495798
993,3.933922969736159
994,4.005111986771226
995,4.3853719253093
996,4.065113025717437
997,3.959793015383184
998,3.6398450611159205
999,3.8980679819360375
1000,3.304413054138422
1001,4.325600923039019
1002,3.2940569799393415
1003,3.617942100390792
1004,3.7545899394899607
1005,4.1198969120159745
1006,5.128295975737274
1007,4.817762994207442
1008,4.274333012290299
1009,3.8601000560447574
1010,4.153118003159761
1011,4.101037979125977
1012,4.380624974146485
1013,4.221381968818605
1014,4.281693953089416
1015,4.475108929909766
1016,3.8880830397829413
1017,4.256054991856217
1018,3.9052399806678295
1019,3.9814659394323826
1020,3.9853310445323586
1021,3.9939350681379437
1022,4.013014025986195
1023,3.8981488905847073
1024,3.6840919638052583
1025,4.322145017795265
1026,4.112476017326117
1027,3.739546053111553
1028,4.703728016465902
1029,4.091744078323245
1030,4.1102230316028
1031,4.086035070940852
1032,4.05409699305892
1033,4.390860092826188
1034,4.098564968444407
1035,5.027953069657087
1036,4.692881018854678
1037,4.297478008083999
1038,3.9707389660179615
1039,4.199858987703919
1040,3.9194319397211075
1041,4.54966293182224
1042,4.446585080586374
1043,4.654924036003649
1044,3.854061011224985
1045,4.197936039417982
1046,4.441858036443591
1047,3.963037976063788
1048,4.2697349563241005
1049,3.9102070732042193
1050,4.777239984832704
1051,3.920932998880744
1052,4.252859973348677
1053,4.621322033926845
1054,4.0318629471585155
1055,4.146388033404946
1056,4.72946697846055
1057,4.315334954299033
1058,3.842372912913561
1059,4.065054003149271
1060,4.300302010960877
1061,5.195769015699625
1062,5.180014995858073
1063,4.838514025323093
1064,4.691889975219965
1065,4.278709995560348
1066,4.851973964832723
1067,4.965067026205361
1068,5.316152004525065
1069,4.7142039984464645
1070,4.381937091238797
1071,3.957259003072977
1072,4.016208928078413
1073,3.8355529541149735
1074,3.84819193277508
1075,3.7839639699086547
1076,4.119165940210223
1077,3.9254699368029833
1078,4.038103041239083
1079,4.788446938619018
1080,3.929677070118487
1081,4.329186049290001
1082,5.909858969971538
1083,5.641850060783327
1084,4.49504901189357
1085,4.687083070166409
1086,4.4904230162501335
1087,4.533177940174937
1088,4.884212976321578
1089,4.313462995924056
1090,4.089060006663203
1091,3.4653780749067664
1092,3.9598330622538924
1093,4.823451046831906
1094,4.131254972890019
1095,4.578256048262119
1096,4.426405066624284
1097,4.135139985010028
1098,4.530774080194533
1099,3.967254073359072
1100,3.940073074772954
1101,4.6206810511648655
1102,4.098423989489675
1103,4.028358031064272
1104,3.6162780597805977
1105,5.177040002308786
1106,4.795468063093722
1107,4.237917950376868
1108,3.852169029414654
1109,4.026173031888902
1110,4.013936035335064
1111,4.053125041536987
1112,4.361486062407494
1113,4.3842300074175
1114,4.3137529864907265
1115,4.33713907841593
1116,4.749157000333071
1117,5.002483958378434
1118,4.8494599759578705
1119,4.917193902656436
1120,4.3460020096972585
1121,4.4466659892350435
1122,3.7558310432359576
1123,3.8759249728173018
1124,3.9625170174986124
1125,4.522352013736963
1126,4.352743038907647
1127,3.8460990181192756
1128,4.175272071734071
1129,3.957308945246041
1130,3.776062047109008
1131,4.586919909343123
1132,3.9938139962032437
1133,3.69739206507802
1134,4.155101021751761
1135,4.191435989923775
1136,3.8281220477074385
1137,4.8572319792583585
1138,4.6939130406826735
1139,3.9594719419255853
1140,4.234932013787329
1141,4.3032868998125196
1142,4.512535990215838
1143,4.053315962664783
1144,4.4484889367595315
1145,4.243494942784309
1146,4.906117101199925
1147,4.877642961218953
1148,3.911720006726682
1149,5.622850963845849
1150,4.526086966507137
1151,3.780247992835939
1152,3.7042630137875676
1153,3.992311889305711
1154,4.287623101845384
1155,4.742586985230446
1156,3.968785982578993
1157,3.7913459818810225
1158,5.495626013725996
1159,4.378471989184618
1160,4.810711019672453
1161,4.86489397007972
1162,4.182643024250865
1163,4.714655107818544
1164,5.011837929487228
1165,4.435518989339471
1166,4.846025025472045
1167,4.205969045870006
1168,3.4003290347754955
1169,4.7452610451728106
1170,4.160649026744068
1171,3.782703075557947
1172,3.9393920451402664
1173,3.9059410337358713
1174,4.179197014309466
1175,4.196633934043348
1176,4.902522079646587
1177,4.522049915976822
1178,4.193489090539515
1179,3.8934909971430898
1180,4.130252986215055
1181,4.4017169857397676
1182,4.310847958549857
1183,4.00337902829051
1184,4.439443931914866
1185,4.674553987570107
1186,4.899877938441932
1187,5.227798013947904
1188,5.5191220017150044
1189,4.439715063199401
1190,4.814316052943468
1191,4.4412779388949275
1192,4.222193034365773
1193,4.9462380120530725
1194,4.96274302713573
1195,4.320061998441815
1196,4.089900990948081
1197,4.613060038536787
1198,4.1629628976807
1199,4.577715997584164
1200,4.209673963487148
1201,4.781827097758651
1202,4.291458986699581
1203,4.286341019906104
1204,4.155711969360709
1205,4.051021998748183
1206,4.462080076336861
1207,5.925050936639309
1208,5.4130409844219685
1209,5.196089972741902
1210,5.253285984508693
1211,4.048147005960345
1212,4.4754400150850415
1213,4.600340034812689
1214,4.309165989980102
1215,3.9874849608168006
1216,4.038613056764007
1217,4.105314961634576
1218,4.477442940697074
1219,3.568626008927822
1220,4.041766980662942
1221,4.086997010745108
1222,4.258708911947906
1223,3.8467299891635776
1224,4.30617097299546
1225,4.286151030100882
1226,4.191546002402902
1227,3.761269967071712
1228,3.756763064302504
1229,3.982016001828015
1230,3.938920912332833
1231,4.05007996596396
1232,4.010330070741475
1233,4.038632963784039
1234,3.751163952983916
1235,4.087266977876425
1236,5.087192985229194
1237,4.8996369587257504
1238,4.179839044809341
1239,3.556456998921931
1240,3.589347004890442
1241,4.029539064504206
1242,3.9645900251343846
1243,4.058973980136216
1244,3.9689659606665373
1245,3.828012035228312
1246,3.619943978264928
1247,3.9717209292575717
1248,3.854671958833933
1249,3.8284220499917865
1250,3.951249993406236
1251,3.9013740606606007
1252,4.093857016414404
1253,3.863665973767638
1254,3.4627339337021112
1255,3.908323938958347
1256,4.117313073948026
1257,4.662855993956327
1258,4.153068060986698
1259,5.034673027694225
1260,4.337479011155665
1261,4.100526915863156
1262,3.97153093945235
1263,4.500137059949338
1264,4.208232043311
1265,4.692511050961912
1266,4.113606992177665
1267,4.028207040391862
1268,3.9845199789851904
1269,3.718474064953625
1270,4.116822965443134
1271,4.85680194105953
1272,5.594057030975819
1273,5.178492981940508
1274,4.485974903218448
1275,4.659661091864109
1276,4.194099921733141
1277,4.521499969996512
1278,4.980200086720288
1279,4.220088943839073
1280,4.297829000279307
1281,4.042227985337377
1282,4.209965001791716
1283,3.976937965489924
1284,4.546707961708307
1285,3.9509990019723773
1286,3.8576070219278336
1287,3.906231024302542
1288,3.832497983239591
1289,3.834641072899103
1290,4.040115978568792
1291,3.9497179677709937
1292,4.079145030118525
1293,4.149792017415166
1294,3.86156199965626
1295,3.749110037460923
1296,3.887463011778891
1297,4.047266906127334
1298,3.5127210430800915
1299,3.7798379780724645
1300,4.111564019694924
1301,4.038773011416197
1302,3.8207710022106767
1303,4.297286970540881
1304,4.241231945343316
1305,4.429758992046118
1306,4.072465002536774
1307,4.426405066624284
1308,4.032964003272355
1309,3.928073914721608
1310,3.7741890409961343
1311,4.170374013483524
1312,4.590435069985688
1313,4.368465975858271
1314,3.88759293127805
1315,4.175300942733884
1316,3.915444016456604
1317,4.013615078292787
1318,3.5016729962080717
1319,3.947674063965678
1320,4.223514930345118
1321,5.199234001338482
1322,4.634361946955323
1323,4.036649945192039
1324,3.3924769377335906
1325,4.381856066174805
1326,4.170874948613346
1327,4.6671919990330935
1328,4.156843991950154
1329,4.222474060952663
1330,4.0895609417930245
1331,4.491194034926593
1332,3.880270989611745
1333,4.2612620163708925
1334,4.21388098038733
1335,4.183473996818066
1336,4.286581999622285
1337,3.937048022635281
1338,4.198056063614786
1339,4.585968097671866
1340,4.170483909547329
1341,4.540579044260085
1342,4.350960021838546
1343,4.017079947516322
1344,4.75007900968194
1345,4.164805985055864
1346,4.095870070159435
1347,3.9000309770926833
1348,3.9093459490686655
1349,3.993293968960643
1350,3.9514399832114577
1351,4.083190928213298
1352,3.9938039844855666
1353,4.052683943882585
1354,4.598908009938896
1355,4.450681037269533
1356,3.953182022087276
1357,4.470300977118313
1358,4.775918088853359
1359,4.589894087985158
1360,4.025202011689544
1361,4.097503027878702
1362,3.5755159333348274
1363,4.054417018778622
1364,3.9176279678940773
1365,3.8368450477719307
1366,3.90163401607424
1367,3.953041974455118
1368,4.016959108412266
1369,4.350789939053357
1370,4.279470071196556
1371,4.27632499486208
1372,4.132585949264467
1373,4.348626011051238
1374,3.8651590002700686
1375,3.801640938036144
1376,4.160308977589011
1377,3.414700971916318
1378,3.972612088546157
1379,5.126742995344102
1380,4.645589971914887
1381,4.065564018674195
1382,4.4408070389181376
1383,5.144319962710142
1384,4.828428034670651
1385,4.158526076935232
1386,4.1581959230825305
1387,4.641272011213005
1388,4.212858970277011
1389,4.075117991305888
1390,4.3940149480476975
1391,4.206589073874056
1392,4.514749976806343
1393,4.074778058566153
1394,4.073565942235291
1395,4.5904850121587515
1396,5.21327496971935
1397,5.794872995465994
1398,4.302856978029013
1399,4.353764001280069
1400,4.2949949856847525
1401,4.064772976562381
1402,4.801786970347166
1403,4.68979706056416
1404,5.227548070251942
1405,4.314703983254731
1406,4.784620949067175
1407,3.9136820705607533
1408,4.348726011812687
1409,5.055824993178248
1410,4.86886000726372
1411,5.236270953901112
1412,5.529248039238155
1413,5.0662909634411335
1414,4.928180016577244
1415,4.781285999342799
1416,5.3320060251280665
1417,4.62254392914474
1418,4.705169936642051
1419,4.615303012542427
1420,3.870566957630217
1421,4.492224892601371
1422,5.102146067656577
1423,4.178096074610949
1424,4.027505987323821
1425,4.226420074701309
1426,4.9799790140241385
1427,4.8990059876814485
1428,5.078811082057655
1429,4.6204510144889355
1430,4.306831979192793
1431,4.726583021692932
1432,4.362617037259042
1433,4.4096689671278
1434,4.36673394870013
1435,3.5638880217447877
1436,4.585438058711588
1437,4.0987839456647635
1438,3.8147009909152985
1439,4.013614030554891
1440,3.855413058772683
1441,3.946433076635003
1442,4.091814043931663
1443,4.137262934818864
1444,4.08907001838088
1445,4.002487985417247
1446,4.183593904599547
1447,5.265734973363578
1448,4.264807910658419
1449,4.50192007701844
1450,3.6717739421874285
1451,4.453035071492195
1452,4.834497929550707
1453,4.685339983552694
1454,4.904915113002062
1455,4.119256045669317
1456,4.620269988663495
1457,4.303916939534247
1458,4.772562999278307
1459,4.381855949759483
1460,4.208351951092482
1461,4.1447150288149714
1462,4.26256493665278
1463,3.881103009916842
1464,4.018642008304596
1465,4.185716970823705
1466,4.108830005861819
1467,4.688935005106032
1468,4.426945000886917
1469,4.390949965454638
1470,4.126567044295371
1471,4.019272979348898
1472,4.026915063150227
1473,4.215052002109587
1474,4.186918959021568
1475,4.142230958677828
1476,3.6980229197070003
1477,3.7066859658807516
1478,3.865157952532172
1479,5.634607980027795
1480,4.559307009913027
1481,4.197385045699775
1482,4.226909950375557
1483,4.140417906455696
1484,3.8091919850558043
1485,3.887091064825654
1486,4.0774320950731635
1487,3.6975719267502427
1488,3.3187350491061807
1489,3.8223830051720142
1490,3.960964037105441
1491,4.817210021428764
1492,4.773543914780021
1493,4.329447052441537
1494,3.9898790419101715
1495,4.298730054870248
1496,3.757304046303034
1497,3.576988005079329
1498,5.078608985058963
1499,4.606399103067815
1500,4.343849024735391
1501,4.166147904470563
1502,4.689335008151829
1503,4.732651985250413
1504,4.562813090160489
1505,4.636915982700884
1506,4.621541942469776
1507,4.616674967110157
1508,4.548811004497111
1509,4.533356986939907
1510,4.201891017146409
1511,4.613809986039996
1512,4.2771470034495
1513,3.8018119521439075
1514,4.031020915135741
1515,3.9926529861986637
1516,3.7139669293537736
1517,4.346663015894592
1518,4.067867062985897
1519,3.553382004611194
1520,3.9011730113998055
1521,3.6902909632772207
1522,4.459554911591113
1523,4.010400036349893
1524,5.211722920648754
1525,4.094867967069149
1526,4.671106929890811
1527,4.487697966396809
1528,4.350648960098624
1529,4.010008997283876
1530,4.3350550113245845
1531,3.543647937476635
1532,4.244877025485039
1533,4.186267964541912
1534,4.179558018222451
1535,5.138170090503991
1536,4.150522989220917
1537,4.218508023768663
1538,3.732666024006903
1539,3.992181969806552
1540,3.875192953273654
1541,4.141489043831825
1542,3.8105249404907227
1543,4.076650948263705
1544,4.3849709909409285
1545,3.9812950417399406
1546,4.401335958391428
1547,4.187018959783018
1548,4.059414961375296
1549,4.0117820026353
1550,4.169463063590229
1551,3.770773997530341
1552,4.084052052348852
1553,4.103501909412444
1554,4.48535499162972
1555,3.6924449959769845
1556,3.792878007516265
1557,3.9041679119691253
1558,4.523542011156678
1559,4.022608045488596
1560,3.6358790239319205
1561,3.637551097199321
1562,3.956067026592791
1563,3.9286649553105235
1564,3.514532931149006
1565,3.8490239530801773
1566,3.7095709703862667
1567,4.042097949422896
1568,4.054285935126245
1569,3.990808967500925
1570,4.097132012248039
1571,3.904848941601813
1572,4.0343760047107935
1573,3.9748860290274024
1574,3.828522050753236
1575,4.199699033051729
1576,3.510446986183524
1577,4.170172964222729
1578,4.013815079815686
1579,3.7919969763606787
1580,4.075619042851031
1581,3.702139016240835
1582,3.791825962252915
1583,3.909365041181445
1584,3.9126710034906864
1585,3.989086952060461
1586,3.434870974160731
1587,4.117782926186919
1588,4.153157933615148
1589,4.299310967326164
1590,3.995376988314092
1591,3.872519009746611
1592,3.837855998426676
1593,4.0510420221835375
1594,4.217476001940668
1595,3.6978329299017787
1596,3.8946931017562747
1597,3.9789009606465697
1598,4.460176103748381
1599,3.8208700716495514
1600,3.9673239225521684
1601,3.4742120187729597
1602,3.683500923216343
1603,4.276045016013086
1604,4.328434937633574
1605,4.422859055921435
1606,4.458312992937863
1607,5.027891951613128
1608,4.809289006516337
1609,4.02242795098573
1610,4.740614094771445
1611,5.049375002272427
1612,4.869680968113244
1613,4.382467013783753
1614,3.8128780433908105
1615,4.389057983644307
1616,4.285949980840087
1617,4.205827019177377
1618,4.334704019129276
1619,4.628053051419556
1620,4.163042991422117
1621,4.433836089447141
1622,3.702568938024342
1623,4.593048011884093
1624,4.224876989610493
1625,3.9855220820754766
1626,4.166437895037234
1627,4.282144946046174
1628,3.8370160618796945
1629,3.9342629024758935
1630,4.066525027155876
1631,4.560237983241677
1632,3.983768983744085
1633,3.915045061148703
1634,4.372322000563145
1635,4.208230995573103
1636,4.352120915427804
1637,4.3173490557819605
1638,4.322094959206879
1639,3.7888309452682734
1640,4.392051952891052
1641,3.94632201641798
1642,4.427847103215754
1643,5.002263002097607
1644,4.716928000561893
1645,4.896833095699549
1646,4.777679918333888
1647,4.392081988044083
1648,4.868187941610813
1649,4.983705002814531
1650,4.408707027323544
1651,4.3918120209127665
1652,4.711518995463848
1653,4.4753189431503415
1654,4.3745459988713264
1655,4.44649497512728
1656,4.437200957909226
1657,4.04110609088093
1658,4.454468027688563
1659,4.11077297758311
1660,4.106415901333094
1661,5.050487001426518
1662,3.916307003237307
1663,4.149181069806218
1664,4.534258972853422
1665,4.371381015516818
1666,3.871097113005817
1667,4.703967948444188
1668,4.133117035962641
1669,3.685133997350931
1670,4.239870002493262
1671,4.052815027534962
1672,4.171865992248058
1673,4.275655024684966
1674,4.340172046795487
1675,4.92629804648459
1676,4.376488970592618
1677,4.458233015611768
1678,4.172096960246563
1679,3.831326961517334
1680,3.86908499058336
1681,4.195331013761461
1682,3.846529987640679
1683,3.8395290030166507
1684,4.18411404825747
1685,4.577936022542417
1686,3.8362829945981503
1687,3.873070003464818
1688,4.611517069861293
1689,4.580359091050923
1690,4.2390680173411965
1691,3.5641990834847093
1692,4.20305400621146
1693,5.892863031476736
1694,4.935230943374336
1695,4.998296964913607
1696,5.953895044513047
1697,4.533978994004428
1698,4.50231006834656
1699,4.973979899659753
1700,4.524905001744628
1701,4.405963001772761
1702,4.320373060181737
1703,4.377470002509654
1704,4.098303965292871
1705,4.854437080211937
1706,4.445513943210244
1707,4.026214010082185
1708,4.036038066260517
1709,3.599311923608184
1710,5.055062938481569
1711,4.529611091129482
1712,3.96389898378402
1713,5.146423005498946
1714,4.310788004659116
1715,4.079405101947486
1716,4.008466959930956
1717,4.046774934977293
1718,4.1230510687455535
1719,4.883802961558104
1720,4.412612994201481
1721,3.570968983694911
1722,4.052753909491003
1723,4.453556030057371
1724,4.372852970845997
1725,4.44847799371928
1726,3.832236980088055
1727,4.71124891191721
1728,4.925576038658619
1729,4.065303015522659
1730,4.141960060223937
1731,3.8559739477932453
1732,4.823449999094009
1733,4.551695892587304
1734,3.7929080426692963
1735,4.000804969109595
1736,4.123192047700286
1737,4.463670891709626
1738,4.5951210195198655
1739,4.257075022906065
1740,3.790263901464641
1741,4.306992050260305
1742,3.9100359426811337
1743,4.171715001575649
1744,3.9295259630307555
1745,3.623449010774493
1746,4.767494974657893
1747,4.266721080057323
1748,3.858466981910169
1749,4.123841994442046
1750,4.359783022664487
1751,4.1491619776934385
1752,3.498106962069869
1753,4.45855304133147
1754,3.866810933686793
1755,4.37307299580425
1756,3.9003220153972507
1757,4.937523975968361
1758,4.033645032905042
1759,4.869681084528565
1760,3.9746450493112206
1761,4.12407296244055
1762,4.486705991439521
1763,4.3319499818608165
1764,4.583453992381692
1765,4.302185028791428
1766,4.725169972516596
1767,4.1659470880404115
1768,4.080065991729498
1769,4.607730079442263
1770,4.607400042004883
1771,5.559243028983474
1772,5.089335958473384
1773,5.152742960490286
1774,4.800925962626934
1775,5.232283961959183
1776,5.955878063105047
1777,4.764139070175588
1778,4.399432917125523
1779,4.382887971587479
1780,4.566237912513316
1781,3.950717975385487
1782,3.981524962000549
1783,4.1713250102475286
1784,4.86635509878397
1785,4.393875016830862
1786,4.575562081299722
1787,3.7492209812626243
1788,4.14958200417459
1789,3.9310380816459656
1790,3.952080034650862
1791,4.180880030617118
1792,4.140918958000839
1793,4.21658402774483
1794,3.99423495400697
1795,3.902666037902236
1796,4.1680700378492475
1797,4.674684023484588
1798,4.154340014792979
1799,3.898118040524423
1800,4.762917989864945
1801,4.268954042345285
1802,4.758181050419807
1803,4.829620011150837
1804,4.743267083540559
1805,4.3424260802567005
1806,3.823043080046773
1807,4.413684946484864
1808,3.9454810321331024
1809,4.107738030143082
1810,4.003869951702654
1811,4.179326933808625
1812,4.411572008393705
1813,3.478628001175821
1814,3.6670350236818194
1815,4.59176697768271
1816,5.419009015895426
1817,4.550212994217873
1818,4.172345972619951
1819,4.448619089089334
1820,4.184574936516583
1821,3.8469500141218305
1822,4.15623199660331
1823,3.740296931937337
1824,4.333612974733114
1825,4.390529938973486
1826,4.008005955256522
1827,3.8181470008566976
1828,4.309905925765634
1829,4.063670989125967
1830,3.855333081446588
1831,4.354293923825026
1832,5.113332066684961
1833,4.411141038872302
1834,5.244372063316405
1835,4.358068923465908
1836,4.134729038923979
1837,4.605968948453665
1838,4.172786953859031
1839,4.19481098651886
1840,4.764299024827778
1841,4.662084043957293
1842,4.371030023321509
1843,4.295765073038638
1844,4.565836978144944
1845,4.381616017781198
1846,5.219133920036256
1847,4.9977959133684635
1848,4.147017956711352
1849,3.822722937911749
1850,3.6671560956165195
1851,4.260541987605393
1852,4.08552389126271
1853,4.178405972197652
1854,3.7725470028817654
1855,4.931224975734949
1856,4.189743078313768
1857,4.101658007130027
1858,4.871243960224092
1859,5.621969001367688
1860,4.006203031167388
1861,4.261111957021058
1862,4.218866932205856
1863,4.619589075446129
1864,4.038132028654218
1865,3.9491559145972133
1866,4.709645989350975
1867,4.175973008386791
1868,4.102689912542701
1869,5.334379966370761
1870,4.372071009129286
1871,4.293321049772203
1872,3.794139949604869
1873,4.039323073811829
1874,4.057952086441219
1875,3.9412840269505978
1876,4.440646036528051
1877,3.9106180192902684
1878,4.0679770754650235
1879,4.2947030160576105
1880,4.3364070588722825
1881,4.1206879541277885
1882,4.168971092440188
1883,4.520448041148484
1884,4.209242993965745
1885,4.874086938798428
1886,5.09129895363003
1887,4.548360011540353
1888,4.344610031694174
1889,4.1216990211978555
1890,3.9482240099459887
1891,4.126056097447872
1892,4.714614013209939
1893,4.679771023802459
1894,4.56671800930053
1895,4.5481399865821
1896,5.422323942184448
1897,4.739121999591589
1898,3.8114460185170174
1899,3.726655966602266
1900,4.309135023504496
1901,4.600519896484911
1902,4.239810048602521
1903,4.972476977854967
1904,4.198526032269001
1905,4.339731996878982
1906,4.777709953486919
1907,4.028988070785999
1908,4.121880047023296
1909,4.278738051652908
1910,4.301854060031474
1911,4.08330000936985
1912,3.96358803845942
1913,4.149802960455418
1914,4.279870074242353
1915,4.349866998381913
1916,4.330498049966991
1917,4.761937074363232
1918,4.3597419280558825
1919,4.851892939768732
1920,4.338781000114977
1921,4.425402032211423
1922,4.3466020142659545
1923,4.756897920742631
1924,4.112344933673739
1925,3.8872810546308756
1926,4.709355998784304
1927,4.106575972400606
1928,4.2728399857878685
1929,4.5352199813351035
1930,4.024290945380926
1931,6.00450299680233
1932,5.0692950608208776
1933,5.806589964777231
1934,5.112692015245557
1935,4.701653961092234
1936,4.414706025272608
1937,4.207009915262461
1938,3.9764069952070713
1939,4.9056860152632
1940,5.575838033109903
1941,4.41610801499337
1942,4.317737999372184
1943,4.983894992619753
1944,4.642955027520657
1945,4.136112052947283
1946,4.569503013044596
1947,4.881207947619259
1948,4.13654197473079
1949,4.283606889657676
1950,3.938669920898974
1951,4.2107850313186646
1952,4.306691931560636
1953,4.375485936179757
1954,4.590573953464627
1955,4.521399037912488
1956,4.299341002479196
1957,3.964419011026621
1958,3.9854609640315175
1959,4.152687033638358
1960,4.1877300245687366
1961,4.223325056955218
1962,3.6846620496362448
1963,4.130232031457126
1964,4.115790012292564
1965,4.2594390688464046
1966,4.166307975538075
1967,4.691859940066934
1968,4.843982052989304
1969,3.9416239596903324
1970,3.445287002250552
1971,4.084362066350877
1972,4.5849960297346115
1973,5.69379806984216
1974,4.334203898906708
1975,3.9370369631797075
1976,4.140308010391891
1977,4.266028990969062
1978,4.720743978396058
1979,3.7370820064097643
1980,4.167187958955765
1981,3.949717036448419
1982,3.8681819569319487
1983,4.209483042359352
1984,4.294613027013838
1985,3.8108150474727154
1986,3.8238950073719025
1987,4.106777021661401
1988,3.9249489782378078
1989,4.108669003471732
1990,3.966603078879416
1991,5.022182944230735
1992,4.581931047141552
1993,4.433745052665472
1994,4.586008028127253
1995,4.473356064409018
1996,4.570384044200182
1997,4.426283994689584
1998,4.773924010805786
1999,4.390829941257834
2000,4.014885984361172
2001,4.432163084857166
2002,4.7664729645475745
2003,4.17525100056082
2004,4.563724040053785
2005,4.840345936827362
2006,4.069659975357354
2007,4.190603969618678
2008,4.329866962507367
2009,3.9396709762513638
2010,4.286149982362986
2011,3.968455013819039
2012,4.811252001672983
2013,4.997476004064083
2014,4.327412927523255
2015,3.756161080673337
2016,3.4944519866257906
2017,4.474898101761937
2018,3.8449569838121533
2019,4.1732670506462455
2020,3.8590990006923676
2021,4.877071012742817
2022,4.187950980849564
2023,4.527138080447912
2024,4.894818994216621
2025,4.549361998215318
2026,4.455388989299536
2027,4.435787908732891
2028,4.192417021840811
2029,4.141579964198172
2030,4.183933953754604
2031,4.670046037063003
2032,5.219263955950737
2033,4.925705958157778
2034,4.478494054637849
2035,4.920336999930441
2036,3.9563369937241077
2037,3.642789088189602
2038,4.565385985188186
2039,4.46337996982038
2040,5.065378965809941
2041,4.534579929895699
2042,4.041666979901493
2043,4.031390999443829
2044,4.572597914375365
2045,4.031080985441804
2046,4.035437945276499
2047,4.386282991617918
2048,4.7770190285518765
2049,4.539145971648395
2050,4.213328938931227
2051,3.9748650742694736
2052,3.7888820515945554
2053,4.009698051959276
2054,3.8371150149032474
2055,3.7462860345840454
2056,3.986822906881571
2057,3.8111750036478043
2058,3.685864037834108
2059,3.7884709890931845
2060,3.825015970505774
2061,4.9656269839033484
2062,5.26589504443109
2063,4.440855933353305
2064,5.141715984791517
2065,4.955691052600741
2066,4.6886049676686525
2067,4.602412926033139
2068,4.319300991483033
2069,4.113966948352754
2070,4.652709001675248
2071,3.9213330019265413
2072,3.7671580212190747
2073,4.151384928263724
2074,3.903276054188609
2075,3.977959044277668
2076,4.045172943733633
2077,3.942155046388507
2078,3.95665701944381
2079,3.395982086658478
2080,4.321583895944059
2081,4.191556014120579
2082,3.940041991882026
2083,3.7520950427278876
2084,3.8111460162326694
2085,4.016489023342729
2086,3.8142199628055096
2087,3.912089974619448
2088,4.29616600740701
2089,3.6401740508154035
2090,3.8192480569705367
2091,4.146196995861828
2092,4.762848024256527
2093,4.124944098293781
2094,3.5252789966762066
2095,4.051092080771923
2096,4.348795977421105
2097,3.8325480418279767
2098,3.4326480235904455
2099,3.7754300283268094
2100,3.959120949730277
2101,5.241848062723875
2102,3.85962997097522
2103,4.021126078441739
2104,4.205806995742023
2105,4.325530957430601
2106,4.751960979774594
2107,5.415733903646469
2108,5.210060044191778
2109,4.603654961101711
2110,4.204355995170772
2111,4.871291923336685
2112,4.872765974141657
2113,4.989422974176705
2114,4.638327052816749
2115,4.302876070141792
2116,3.892880049534142
2117,3.8249960634857416
2118,5.057987989857793
2119,3.869393956847489
2120,4.748406005091965
2121,4.184955032542348
2122,4.081177990883589
2123,4.144183942116797
2124,4.33232996147126
2125,4.04188793618232
2126,4.234071006067097
2127,4.761144984513521
2128,4.191766027361155
2129,4.018151084892452
2130,4.612938966602087
2131,4.876400926150382
2132,5.434631952084601
2133,4.869070020504296
2134,4.788086051121354
2135,4.776878980919719
2136,5.538200959563255
2137,4.638197016902268
2138,4.882741020992398
2139,5.057787988334894
2140,4.4713529059663415
2141,5.208087037317455
2142,4.6976180747151375
2143,4.891243064776063
2144,5.01209800131619
2145,4.079123958945274
2146,4.809419042430818
2147,4.08358103595674
2148,4.677767981775105
2149,4.110571928322315
2150,4.0940470062196255
2151,4.409166984260082
2152,4.394474904984236
2153,4.755125963129103
2154,4.3244389817118645
2155,4.026875016279519
2156,4.365900997072458
2157,4.342536092735827
2158,4.455597954802215
2159,4.856790998019278
2160,4.8739369958639145
2161,4.495789995416999
2162,4.728193976916373
2163,4.218787071295083
2164,4.634061013348401
2165,3.9665220538154244
2166,4.028987023048103
2167,5.095074069686234
2168,4.045763052999973
2169,3.87875793967396
2170,4.419923992827535
2171,3.801250015385449
2172,4.407044034451246
2173,4.335355944931507
2174,4.2568049393594265
2175,4.770118044689298
2176,4.215462016873062
2177,4.8678480088710785
2178,4.1765120113268495
2179,5.216439953073859
2180,5.031637963838875
2181,4.514968954026699
2182,4.166678059846163
2183,4.362997016869485
2184,4.026453942060471
2185,3.6718720803037286
2186,3.839478944428265
2187,3.991210018284619
2188,3.4256469225510955
2189,4.411932080984116
2190,4.371950984932482
2191,3.9655499858781695
2192,3.7589760031551123
2193,4.322045017033815
2194,4.336356068961322
2195,5.1121399737894535
2196,4.872594960033894
2197,3.7527759559452534
2198,4.575420985929668
2199,4.789698985405266
2200,4.496530978940427
2201,4.123422084376216
2202,3.8437549956142902
2203,4.347003065049648
2204,4.157093004323542
2205,3.7743699504062533
2206,3.9208419620990753
2207,4.492704989388585
2208,4.050048999488354
2209,4.183463053777814
2210,4.034025012515485
2211,4.0204639080911875
2212,4.614009987562895
2213,4.525144933722913
2214,4.815808031708002
2215,3.9610040839761496
2216,4.208832047879696
2217,4.09198401030153
2218,3.861032077111304
2219,3.8091419264674187
2220,4.2285320814698935
2221,3.94911493640393
2222,4.446053993888199
2223,3.8951130118221045
2224,4.28967596963048
2225,3.7145079113543034
2226,3.6569300573319197
2227,3.779386985115707
2228,5.260657053440809
2229,5.421162000857294
2230,4.925676039420068
2231,4.585326067171991
2232,4.0741260163486
2233,4.181890981271863
2234,4.768015001900494
2235,4.186757956631482
2236,4.0882580215111375
2237,3.7560309283435345
2238,4.166858037933707
2239,4.711098037660122
2240,4.971014917828143
2241,4.13891498465091
2242,4.611066076904535
2243,4.347973968833685
2244,4.3328109895810485
2245,4.3817159021273255
2246,4.495479981414974
2247,5.1258610328659415
2248,4.5130259823054075
2249,4.7851919662207365
2250,4.134609014727175
2251,4.664968000724912
2252,4.927648929879069
2253,4.247060045599937
2254,4.019443062134087
2255,4.616054007783532
2256,3.7616899935528636
2257,4.296164959669113
2258,4.568570991978049
2259,4.3581100180745125
2260,4.3009629007428885
2261,4.227510071359575
2262,4.349326016381383
2263,6.004391936585307
2264,5.0905379466712475
2265,4.9389960477128625
2266,4.794484935700893
2267,4.094878095202148
2268,4.8327939584851265
2269,5.201106076128781
2270,4.152746987529099
2271,4.67962003313005
2272,4.892866010777652
2273,4.147428087890148
2274,4.707723972387612
2275,4.231277038343251
2276,5.416483967565
2277,4.4765109196305275
2278,4.967248998582363
2279,4.69518406316638
2280,4.969572997651994
2281,4.610305069945753
2282,4.515139968134463
2283,4.513236926868558
2284,4.853624966926873
2285,4.839414032176137
2286,4.910221905447543
2287,3.980673965997994
2288,4.628413007594645
2289,4.339201026596129
2290,4.289685050025582
2291,4.021726083010435
2292,4.223244031891227
2293,4.822458024136722
2294,4.053044016472995
2295,4.650556016713381
2296,4.189281957224011
2297,4.4100789818912745
2298,4.604625981301069
2299,5.032618995755911
2300,4.621881991624832
2301,5.177329992875457
2302,4.274222068488598
2303,4.195671994239092
2304,4.555420950055122
2305,4.072673968039453
2306,4.309565993025899
2307,5.000430042855442
2308,4.169502062723041
2309,4.190764972008765
2310,3.703059977851808
2311,3.7940790643915534
2312,4.999108030460775
2313,4.623143933713436
2314,4.496230976656079
2315,3.6336350021883845
2316,4.1832729475572705
2317,4.222993040457368
2318,3.5787110682576895
2319,4.107867949642241
2320,4.614970996044576
2321,5.0379770109429955
2322,3.968294942751527
2323,4.742576973512769
2324,4.057831014506519
2325,4.275463987141848
2326,4.077182034961879
2327,3.794519929215312
2328,3.8007389521226287
2329,4.662274033762515
2330,3.9308880222961307
2331,3.809021902270615
2332,4.350068047642708
2333,4.08731703646481
2334,3.9251690031960607
2335,3.9487950270995498
2336,3.9075829554349184
2337,4.0731849148869514
2338,4.942521103657782
2339,4.124433035030961
2340,5.253324983641505
2341,4.68572904355824
2342,3.658431931398809
2343,3.7441030144691467
2344,5.24013489484787
2345,4.677867982536554
2346,3.9374680491164327
2347,4.0299700340256095
2348,4.029387957416475
2349,3.96534102037549
2350,3.738734987564385
2351,5.031106062233448
2352,4.909480921924114
2353,4.4088170398026705
2354,3.877036040648818
2355,4.044511937536299
2356,3.825617954134941
2357,4.089529975317419
2358,4.525505006313324
2359,5.151501041837037
2360,4.684558021835983
2361,4.488078993745148
2362,4.063169006258249
2363,4.4347969815135
2364,4.357367986813188
2365,4.062970052473247
2366,3.374830004759133
2367,4.288874915800989
2368,3.384783980436623
2369,3.9828369626775384
2370,4.208522033877671
2371,4.995862953364849
2372,3.5904080141335726
2373,4.270105971954763
2374,3.992701997049153
2375,4.350487957708538
2376,4.064341075718403
2377,4.047305090352893
2378,4.020003951154649
2379,3.695698920637369
2380,3.9318889612331986
2381,3.79318802151829
2382,3.7538280012086034
2383,4.112654947675765
2384,3.81169596221298
2385,4.081227001734078
2386,4.242263035848737
2387,4.505733959376812
2388,3.656629007309675
2389,4.118904937058687
2390,4.590583965182304
2391,5.850726971402764
2392,4.311498021706939
2393,4.587169038131833
2394,4.342876025475562
2395,4.1291299276053905
2396,4.476640955545008
2397,4.416398936882615
2398,4.050791030749679
2399,3.9710389683023095
2400,4.013724043034017
2401,4.426924046128988
2402,4.30266500916332
2403,4.1049529099836946
2404,3.707858035340905
2405,4.0829990757629275
2406,3.7564419908449054
2407,4.853264894336462
2408,4.963913932442665
2409,4.237215034663677
2410,4.555860999971628
2411,4.443650017492473
2412,3.8610909832641482
2413,4.573758109472692
2414,4.064592067152262
2415,4.153848043642938
2416,4.153818008489907
2417,3.726786933839321
2418,4.670124966651201
2419,4.011480952613056
2420,3.9009019965305924
2421,4.584484966471791
2422,4.507657955400646
2423,4.235091968439519
2424,4.094126983545721
2425,4.597414983436465
2426,4.12990094628185
2427,4.019562969915569
2428,4.574669990688562
2429,4.237164976075292
2430,4.1104520205408335
2431,4.300430999137461
2432,4.733753041364253
2433,4.382265964522958
2434,4.314633086323738
2435,3.947883960790932
2436,4.20117995236069
2437,4.545235075056553
2438,4.281272063963115
2439,3.4010300878435373
2440,4.136070027016103
2441,4.219698021188378
2442,3.9703180082142353
2443,3.9094750536605716
2444,3.9703979855403304
2445,3.8585769943892956
2446,4.064631997607648
2447,4.5072369975969195
2448,4.246038035489619
2449,4.1820809710770845
2450,5.102484952658415
2451,4.696326097473502
2452,3.9342129603028297
2453,4.679400008171797
2454,4.2897750390693545
2455,4.825141979381442
2456,4.896051017567515
2457,4.63758606929332
2458,4.9976849695667624
2459,4.893797100521624
2460,4.517042078077793
2461,5.256479955278337
2462,4.575422033667564
2463,4.2802110547199845
2464,4.26957500167191
2465,4.655694006942213
2466,4.777439055033028
2467,4.529902013018727
2468,3.9404929848387837
2469,4.367694957181811
2470,4.455487942323089
2471,4.467466031201184
2472,4.266930045560002
2473,4.562121001072228
2474,4.156712093390524
2475,4.2670200346037745
2476,4.578987020067871
2477,4.15618100669235
2478,4.519204958342016
2479,3.998622065410018
2480,3.960452973842621
2481,4.40639303997159
2482,4.249303950928152
2483,3.894521971233189
2484,4.076009034179151
2485,4.5385550474748015
2486,4.49646997731179
2487,4.888118011876941
2488,4.56167000811547
2489,3.5816050367429852
2490,4.079053993336856
2491,4.792532999999821
2492,4.024280002340674
2493,4.136292031034827
2494,4.257666994817555
2495,4.327303031459451
2496,5.207414971664548
2497,6.151035078801215
2498,5.0131590105593204
2499,4.636775003746152
2500,5.948617006652057
2501,3.9075330132618546
2502,4.529480938799679
2503,4.0392730152234435
2504,4.371159942820668
2505,4.430740023963153
2506,4.352131043560803
2507,4.164824960753322
2508,4.830431076698005
2509,4.718149080872536
2510,4.5394160551950336
2511,5.201315972954035
2512,4.378660931251943
2513,4.310827003791928
2514,4.044600995257497
2515,4.23713494092226
2516,4.085184074938297
2517,3.851677058264613
2518,4.145134007558227
2519,4.907889058813453
2520,4.48340002913028
2521,4.376147058792412
2522,3.971538972109556
2523,4.321643966250122
2524,4.172276007011533
2525,4.310587071813643
2526,3.877807059325278
2527,4.146766965277493
2528,3.7373220548033714
2529,4.045862937346101
2530,4.0045699570328
2531,4.254430998116732
2532,4.087046021595597
2533,3.823534003458917
2534,4.084573010914028
2535,4.5558708952739835
2536,4.349456983618438
2537,4.507558071054518
2538,4.34446893632412
2539,4.491132916882634
2540,4.154468886554241
2541,4.060265026055276
2542,4.2765450198203325
2543,3.5033849999308586
2544,4.3393210507929325
2545,4.023629939183593
2546,3.918839036487043
2547,4.451332031749189
2548,4.296905943192542
2549,4.7359459567815065
2550,4.102539969608188
2551,3.9172469405457377
2552,4.937553079798818
2553,4.074056050740182
2554,4.786101984791458
2555,4.358230042271316
2556,3.7720249965786934
2557,3.72130807954818
2558,4.972235998138785
2559,4.839985049329698
2560,4.977194010280073
2561,3.994694910943508
2562,4.353421973064542
2563,3.98330797906965
2564,3.947602934204042
2565,4.2032740311697125
2566,4.478803952224553
2567,4.12845890969038
2568,4.621441010385752
2569,3.937338013201952
2570,3.9709890261292458
2571,4.622043110430241
2572,3.789131995290518
2573,4.579797969199717
2574,4.660810925997794
2575,4.608851973898709
2576,4.796717897988856
2577,4.303505993448198
2578,4.191486048512161
2579,4.10958006978035
2580,3.792996983975172
2581,5.037085036747158
2582,3.808942041359842
2583,4.228902980685234
2584,3.7066160002723336
2585,3.7859269650653005
2586,4.174359957687557
2587,4.059283994138241
2588,3.98178503382951
2589,3.693085047416389
2590,4.172155982814729
2591,4.084473010152578
2592,4.0039889281615615
2593,3.6678359610959888
2594,4.026193055324256
2595,3.7668279837816954
2596,4.138964926823974
2597,3.3525959588587284
2598,3.7793359952047467
2599,3.9192000404000282
2600,3.8051659939810634
2601,3.7836029659956694
2602,4.191315034404397
2603,3.8936110213398933
2604,4.126876941882074
2605,3.8934709737077355
2606,4.08780702855438
2607,3.7920860340818763
2608,4.048738046549261
2609,4.627521033398807
2610,4.74591099191457
2611,4.189352039247751
2612,3.7537079770118
2613,3.849503002129495
2614,4.0225370321422815
2615,4.250394995324314
2616,4.127327934838831
2617,4.342816071584821
2618,4.71567502245307
2619,4.584213951602578
2620,3.628807025961578
2621,4.182922071777284
2622,3.9917309768497944
2623,3.913070075213909
2624,4.0256420616060495
2625,4.638957092538476
2626,4.154689027927816
2627,3.8208490004763007
2628,4.0826990734785795
2629,4.599025938659906
2630,4.0477660950273275
2631,4.356937017291784
2632,4.832833888940513
2633,3.8823540089651942
2634,3.985731047578156
2635,3.8366540102288127
2636,3.8613720098510385
2637,3.912479034624994
2638,3.92725202254951
2639,4.195731016807258
2640,3.6476351087912917
2641,3.9428051095455885
2642,3.766526933759451
2643,3.717913059517741
2644,4.7725619515404105
2645,3.770022070966661
2646,3.978739958256483
2647,4.109258996322751
2648,4.212357918731868
2649,4.172947024926543
2650,5.930677987635136
2651,5.1364770624786615
2652,5.116236046887934
2653,4.269183962605894
2654,4.097582073882222
2655,4.539596033282578
2656,4.191064042970538
2657,4.491462022997439
2658,4.755705944262445
2659,4.122760030440986
2660,3.9396509528160095
2661,4.002516041509807
2662,3.7906330544501543
2663,4.908679984509945
2664,4.104161984287202
2665,4.363907966762781
2666,3.8054659962654114
2667,3.7279579555615783
2668,4.0380110731348395
2669,3.647555015049875
2670,3.584900056011975
2671,3.862792975269258
2672,3.984640003181994
2673,4.346702015027404
2674,4.167788894847035
2675,4.541778936982155
2676,4.598436062224209
2677,4.176392103545368
2678,3.8300430169329047
2679,4.163551959209144
2680,3.774769022129476
2681,3.9786810521036386
2682,3.8358530728146434
2683,3.9380789967253804
2684,4.631605930626392
2685,4.24097094219178
2686,5.041982978582382
2687,4.882318899035454
2688,4.4344349298626184
2689,4.101817961782217
2690,4.490070976316929
2691,3.9959169225767255
2692,4.181671072728932
2693,3.8806209340691566
2694,4.2772459564730525
2695,3.7009069928899407
2696,3.879029070958495
2697,3.5689149517565966
2698,5.109896068461239
2699,4.259217996150255
2700,4.244987037964165
2701,4.341433988884091
2702,3.8992100162431598
2703,3.7331361090764403
2704,4.2734399903565645
2705,4.114757990464568
2706,3.928433987312019
2707,4.638336016796529
2708,3.821199992671609
2709,3.8136689690873027
2710,3.902705037035048
2711,4.0972919669002295
2712,4.720932920463383
2713,5.071336985565722
2714,4.744427977129817
2715,4.3603930389508605
2716,4.232298000715673
2717,3.888722974807024
2718,4.404180101118982
2719,3.521012025885284
2720,4.0238699875772
2721,3.843344049528241
2722,4.032041993923485
2723,3.8513169856742024
2724,5.680346977896988
2725,4.202952026389539
2726,4.55151405185461
2727,4.1157499654218554
2728,4.3671829625964165
2729,5.4873819462955
2730,4.31183900218457
2731,3.971589030697942
2732,4.502670024521649
2733,4.106555017642677
2734,3.9084830787032843
2735,4.227640922181308
2736,4.752510925754905
2737,4.106285981833935
2738,4.059704020619392
2739,3.4953929716721177
2740,4.17986698448658
2741,3.7536571035161614
2742,3.162965993396938
2743,4.0461840108036995
2744,3.8714769762009382
2745,3.5564060090109706
2746,4.709244938567281
2747,4.551575053483248
2748,4.048136994242668
2749,4.159556003287435
2750,3.843114012852311
2751,3.8089610170572996
2752,3.88730107806623
2753,3.6627580411732197
2754,3.868222003802657
2755,4.435217007994652
2756,3.8128369487822056
2757,4.509650985710323
2758,4.820514004677534
2759,4.97253704816103
2760,4.558805958367884
2761,4.3323899153620005
2762,5.4631250677630305
2763,4.544885014183819
2764,5.5250400910153985
2765,4.5753109734505415
2766,4.381144884973764
2767,3.8989890599623322
2768,4.964865045621991
2769,4.276986001059413
2770,4.022247041575611
2771,4.271758021786809
2772,3.7362700095400214
2773,3.7561110220849514
2774,4.0361679857596755
2775,4.697847994975746
2776,5.011697066947818
2777,5.1146140322089195
2778,4.121187957935035
2779,4.1882399236783385
2780,4.03250299859792
2781,4.833964980207384
2782,5.136127001605928
2783,4.420164041221142
2784,4.271557088941336
2785,4.689845023676753
2786,4.711157991550863
2787,4.810570040717721
2788,4.91991697344929
2789,4.222062067128718
2790,3.874561982229352
2791,3.9860809920355678
2792,4.569691955111921
2793,3.971901023760438
2794,3.9219039026647806
2795,3.9011130575090647
2796,4.31344099342823
2797,4.414324997924268
2798,4.388516070321202
2799,4.281441913917661
2800,4.431651905179024
2801,4.09282511100173
2802,4.341725027188659
2803,3.8854980375617743
2804,4.444061079993844
2805,4.2202690383419394
2806,5.094873020425439
2807,5.184710957109928
2808,4.190322943031788
2809,4.933726973831654
2810,4.6119269682094455
2811,4.731800057925284
2812,4.790168954059482
2813,3.9217029698193073
2814,4.047816037200391
2815,4.336006008088589
2816,5.179803003557026
2817,3.8399489130824804
2818,4.058082005940378
2819,3.9616039721295238
2820,3.8631840143352747
2821,4.447224899195135
2822,4.9442939925938845
2823,4.000944085419178
2824,3.6789339501410723
2825,4.162832046858966
2826,3.963927971199155
2827,3.7802179576829076
2828,4.338589031249285
2829,3.3448340836912394
2830,4.350056988187134
2831,3.5974179627373815
2832,4.37944196164608
2833,4.155601025559008
2834,3.3218080643564463
2835,3.271791967563331
2836,4.213038017041981
2837,3.7894219858571887
2838,4.2038339888677
2839,3.6259619519114494
2840,3.959871013648808
2841,4.126405925489962
2842,4.082620027475059
2843,4.088388057425618
2844,3.6345459520816803
2845,4.340682993642986
2846,3.836373914964497
2847,3.7622300442308187
2848,5.193995079025626
2849,4.24606807064265
2850,4.111002082936466
2851,4.4308200012892485
2852,4.425582010298967
2853,4.703215905465186
2854,4.574409918859601
2855,4.022337030619383
2856,4.365741042420268
2857,4.267030046321452
2858,4.919286002404988
2859,4.662032937631011
2860,5.059458897449076
2861,4.204435041174293
2862,3.941614064387977
2863,4.430931061506271
2864,4.321324056945741
2865,4.243494011461735
2866,4.558555083349347
2867,3.9870940381661057
2868,3.9622049080207944
2869,3.9834469789639115
2870,4.014084930531681
2871,4.036588943563402
2872,4.617464961484075
2873,4.273319966159761
2874,4.176591988652945
2875,4.548690048977733
2876,4.061807063408196
2877,4.118073033168912
2878,3.8985679857432842
2879,4.122179001569748
2880,5.373038002289832
2881,4.171525011770427
2882,4.78425994515419
2883,3.5674830432981253
2884,4.443679004907608
2885,3.5608529578894377
2886,4.116449970752001
2887,4.796237917616963
2888,4.014814971014857
2889,3.5582490963861346
2890,4.062007996253669
2891,4.219186957925558
2892,4.083710955455899
2893,4.446553997695446
2894,4.436748917214572
2895,3.7211680319160223
2896,3.9871230255812407
2897,3.7616100162267685
2898,4.25447104498744
2899,4.334812983870506
2900,4.389256937429309
2901,4.9050640081986785
2902,4.017600091174245
2903,4.214790998958051
2904,4.066515015438199
2905,4.167358041740954
2906,4.419944016262889
2907,4.43209195509553
2908,4.499925998970866
2909,4.433905007317662
2910,3.99737898260355
2911,4.190603969618678
2912,3.9385490817949176
2913,3.998361062258482
2914,3.5251479130238295
2915,3.938679932616651
2916,4.000444081611931
2917,4.497761954553425
2918,4.984355065971613
2919,4.382496001198888
2920,3.9613840635865927
2921,3.746315953321755
2922,4.147047060541809
2923,4.711157991550863
2924,3.5666420590132475
2925,4.59597201552242
2926,4.289033939130604
2927,3.579532029107213
2928,4.548268974758685
2929,3.824175102636218
2930,4.337918944656849
2931,3.9058190304785967
2932,3.8051760056987405
2933,3.6460330011323094
2934,4.195441026240587
2935,3.955074935220182
2936,4.726071027107537
2937,5.075203021988273
2938,3.910296014510095
2939,4.320682026445866
2940,4.482939024455845
2941,4.114337032660842
2942,4.392651957459748
2943,4.4847429962828755
2944,4.012813093140721
2945,4.239527974277735
2946,4.493665997870266
2947,4.332990967668593
2948,3.7223289255052805
2949,4.1145969880744815
2950,4.673440009355545
2951,4.2320070788264275
2952,3.8857280742377043
2953,4.4602249981835485
2954,4.020704072900116
2955,3.9980990113690495
2956,4.037579987198114
2957,3.9968480123206973
2958,4.068578011356294
2959,3.8132379995658994
2960,3.7848539650440216
2961,4.265518975444138
2962,4.5933478977531195
2963,4.224195028655231
2964,4.231455968692899
2965,4.146325984038413
2966,4.437851021066308
2967,3.7294899811968207
2968,4.478933988139033
2969,4.335904959589243
2970,4.508928977884352
2971,4.154518945142627
2972,3.7708330200985074
2973,3.8316259160637856
2974,3.6736950278282166
2975,4.101458005607128
2976,4.497712012380362
2977,3.52843408472836
2978,4.548690048977733
2979,4.075799020938575
2980,3.928813966922462
2981,4.558956017717719
2982,4.326911992393434
2983,4.977224045433104
2984,4.491172963753343
2985,4.178154980763793
2986,5.177068989723921
2987,4.369867034256458
2988,4.428546992130578
2989,4.1827920358628035
2990,4.126165993511677
2991,4.300251021049917
2992,4.197984933853149
2993,4.046534071676433
2994,4.179375944659114
2995,3.853330039419234
2996,3.7655249470844865
2997,4.023368004709482
2998,4.0663640247657895
2999,3.887871978804469
3000,3.8889730349183083
3001,3.897756920196116
3002,4.010629025287926
3003,4.708232940174639
3004,4.213017993606627
3005,4.345240071415901
3006,4.584375070407987
3007,4.438612028025091
3008,4.175049951300025
3009,4.160948097705841
3010,4.094396019354463
3011,4.018642008304596
3012,4.364399006590247
3013,4.521528026089072
3014,4.050991032272577
3015,3.5005509853363037
3016,4.238627036102116
3017,4.0863350732252
3018,4.104080959223211
3019,3.520171041600406
3020,4.074356984347105
3021,3.4300340339541435
3022,3.9507680339738727
3023,4.121777950786054
3024,4.529671045020223
3025,4.789907950907946
3026,4.194440087303519
3027,4.0822479641065
3028,3.967463970184326
3029,4.159135976806283
3030,4.382906947284937
3031,4.2930199997499585
3032,4.287522053346038
3033,4.183151992037892
3034,4.378259996883571
3035,3.812656970694661
3036,4.012701916508377
3037,4.827024997211993
3038,3.888021921738982
3039,4.790899925865233
3040,4.923491971567273
3041,3.8207690231502056
3042,3.9853700436651707
3043,4.2289020493626595
3044,4.7174469800665975
3045,4.277827101759613
3046,3.8916480261832476
3047,4.098914097994566
3048,4.095889045856893
3049,4.489228944294155
3050,3.653523977845907
3051,3.800619044341147
3052,4.560968955047429
3053,5.381330964155495
3054,4.767464008182287
3055,4.678988014347851
3056,4.263865994289517
3057,4.556272062472999
3058,4.735565045848489
3059,4.753763088956475
3060,4.4443500228226185
3061,4.180036950856447
3062,3.7549289409071207
3063,4.225648008286953
3064,4.554098006337881
3065,4.72019100561738
3066,4.240459995344281
3067,4.1654560482129455
3068,3.8766739889979362
3069,3.9818050572648644
3070,4.209292004816234
3071,4.078533034771681
3072,4.232176928780973
3073,4.199496936053038
3074,4.0669949958100915
3075,4.090982023626566
3076,4.3065809877589345
3077,4.811680992133915
3078,4.382185987196863
3079,4.314381978474557
3080,3.7614390021190047
3081,4.749265965074301
3082,4.1913449531421065
3083,4.61195595562458
3084,4.211694933474064
3085,4.19064296875149
3086,4.6019109431654215
3087,4.650625050999224
3088,5.225492059253156
3089,4.439954063855112
3090,4.855036968365312
3091,4.654321004636586
3092,3.6779219517484307
3093,4.411050002090633
3094,3.9792810566723347
3095,3.753337077796459
3096,4.2676510056480765
3097,4.501548013649881
3098,4.511022008955479
3099,4.052874050103128
3100,3.631400060839951
3101,4.044150002300739
3102,3.7112520076334476
3103,4.189752042293549
3104,3.7329159677028656
3105,4.210173967294395
3106,4.874175996519625
3107,4.203703021630645
3108,3.7282280391082168
3109,4.954399075359106
3110,5.000789067707956
3111,4.538113018497825
3112,4.247370059601963
3113,4.1780449682846665
3114,3.5831870045512915
3115,4.18332195840776
3116,4.120556986890733
3117,4.008847055956721
3118,4.5410789316520095
3119,4.140026052482426
3120,4.013772937469184
3121,3.847119980491698
3122,4.498202935792506
3123,4.6185769606381655
3124,4.228570964187384
3125,4.628230934031308
3126,4.197223926894367
3127,4.487936967052519
3128,4.893035045824945
3129,3.8450059946626425
3130,3.823994076810777
3131,4.407153930515051
3132,4.23852598760277
3133,3.8612609496340156
3134,4.449598025530577
3135,4.122670041397214
3136,4.469838924705982
3137,3.926610923372209
3138,4.831490921787918
3139,4.266449017450213
3140,4.014063975773752
3141,4.306300077587366
3142,4.246838972903788
3143,4.080975893884897
3144,3.7197850178927183
3145,4.324228037148714
3146,3.8769550155848265
3147,3.9152930257841945
3148,3.829292021691799
3149,4.431321052834392
3150,4.011539975181222
3151,4.09768195822835
3152,4.103441024199128
3153,3.3733659656718373
3154,4.022657056339085
3155,3.4836450358852744
3156,4.544753930531442
3157,4.639919032342732
3158,3.9697670144960284
3159,3.615385969169438
3160,4.296035040169954
3161,4.128057975322008
3162,4.804940894246101
3163,4.8216660507023335
3164,4.744287929497659
3165,4.703867016360164
3166,3.8617009995505214
3167,4.101268015801907
3168,4.532104940153658
3169,4.7642390709370375
3170,5.178159917704761
3171,5.764525034464896
3172,5.337083013728261
3173,4.6967059606686234
3174,4.297587089240551
3175,4.3398019624874
3176,4.22966293990612
3177,4.444029997102916
3178,4.314993042498827
3179,4.69848804641515
3180,4.086966044269502
3181,4.110842011868954
3182,4.386572982184589
3183,4.398299963213503
3184,4.363366984762251
3185,4.326640977524221
3186,4.1924660326913
3187,4.688704037107527
3188,4.407563945278525
3189,4.2817420326173306
3190,4.2231340194121
3191,3.817735007032752
3192,3.7952300626784563
3193,3.997259074822068
3194,3.796402015723288
3195,3.7682090187445283
3196,3.970218007452786
3197,4.250625032000244
3198,4.407603992149234
3199,4.166877013631165
3200,3.836612915620208
3201,4.066323977895081
3202,4.158064024522901
3203,3.890054998919368
3204,4.190593957901001
3205,4.3921510223299265
3206,4.8696789890527725
3207,4.326771013438702
3208,5.299965967424214
3209,5.753468023613095
3210,4.35905996710062
3211,5.117216962389648
3212,5.36918209400028
3213,4.9525960348546505
3214,4.077009973116219
3215,4.123880993574858
3216,3.741248045116663
3217,4.3510079849511385
3218,5.169276031665504
3219,4.715714952908456
3220,5.19095896743238
3221,4.562059999443591
3222,4.443490062840283
3223,4.160437034443021
3224,3.980492940172553
3225,3.8660389836877584
3226,3.8873510202392936
3227,3.7856861017644405
3228,3.9207019144669175
3229,3.96918598562479
3230,3.9107659831643105
3231,4.3142319191247225
3232,3.431375022046268
3233,3.998470026999712
3234,3.62126505933702
3235,4.14077693130821
3236,4.303797031752765
3237,3.906821017153561
3238,3.9857509545981884
3239,4.597513936460018
3240,4.354334087111056
3241,4.419262055307627
3242,7.302501006051898
3243,5.0287829944863915
3244,4.545915988273919
3245,4.527787095867097
3246,3.7490000249817967
3247,4.371359013020992
3248,3.885468002408743
3249,4.057880956679583
3250,4.32035094127059
3251,4.891743999905884
3252,4.751458996906877
3253,4.002166097052395
3254,4.18507494032383
3255,4.541479051113129
3256,4.172255052253604
3257,4.002446075901389
3258,5.4630349623039365
3259,4.2829749872908
3260,4.263894981704652
3261,4.357217927463353
3262,4.790970007888973
3263,4.360752995125949
3264,4.468346945941448
3265,4.213117994368076
3266,4.4305199990049005
3267,4.273719969205558
3268,3.876133938319981
3269,4.281120956875384
3270,4.166656988672912
3271,4.0072029223665595
3272,3.7442719331011176
3273,4.233908955939114
3274,4.279889981262386
3275,4.618025035597384
3276,4.162810975685716
3277,3.929695929400623
3278,3.467269940301776
3279,4.284286056645215
3280,4.444921971298754
3281,4.106274922378361
3282,4.0329230250790715
3283,3.9094240637496114
3284,4.501367919147015
3285,4.414314986206591
3286,4.1514430195093155
3287,3.892729990184307
3288,3.807659959420562
3289,5.467411014251411
3290,5.822694045491517
3291,4.640480037778616
3292,4.043529042974114
3293,4.098432953469455
3294,4.174108034931123
3295,4.751830012537539
3296,4.069599090144038
3297,4.771240055561066
3298,4.470120067708194
3299,4.570282995700836
3300,3.9924010634422302
3301,4.31292993016541
3302,5.095052998512983
3303,4.143000929616392
3304,4.618657054379582
3305,4.7027249820530415
3306,4.340401967056096
3307,4.427785985171795
3308,5.739936954341829
3309,4.7724510077387094
3310,4.386702901683748
3311,4.188349936157465
3312,5.021812045015395
3313,3.9863419951871037
3314,4.643384017981589
3315,4.55496902577579
3316,4.992136033251882
3317,4.440114018507302
3318,4.165333928540349
3319,4.8476760275661945
3320,4.813043051399291
3321,3.948764060623944
3322,4.65951906517148
3323,4.015175974927843
3324,3.3599260495975614
3325,4.460984957404435
3326,3.9834670023992658
3327,4.0380299324169755
3328,3.916215035133064
3329,4.8768899869173765
3330,4.468578030355275
3331,5.348880076780915
3332,3.9378179935738444
3333,4.224344971589744
3334,4.499996080994606
3335,4.243485047481954
3336,4.827775061130524
3337,4.224254982545972
3338,3.7930170074105263
3339,4.292248981073499
3340,3.8050449220463634
3341,4.301702952943742
3342,4.759731935337186
3343,3.6610750248655677
3344,4.099093959666789
3345,3.9288740372285247
3346,3.791164024733007
3347,4.0995649760589
3348,3.4665180137380958
3349,3.5648690536618233
3350,3.2190410420298576
3351,4.886524984613061
3352,4.902990069240332
3353,4.899575957097113
3354,3.702798974700272
3355,4.557662992738187
3356,5.217079073190689
3357,4.754332941956818
3358,4.582741996273398
3359,4.664996988140047
3360,3.9485649904236197
3361,4.391869995743036
3362,4.102078033611178
3363,4.723555990494788
3364,4.726230981759727
3365,4.306399961933494
3366,4.033081931993365
3367,4.276184015907347
3368,3.659302950836718
3369,3.812086069956422
3370,4.014565027318895
3371,4.593418911099434
3372,3.9628749946132302
3373,3.9555750554427505
3374,3.8083000108599663
3375,3.9473820943385363
3376,4.3819360435009
3377,3.7886300124228
3378,3.8676010444760323
3379,3.7892910186201334
3380,3.8718569558113813
3381,4.396687028929591
3382,4.189001047052443
3383,3.8642160361632705
3384,3.682298003695905
3385,4.010298056527972
3386,3.7064350908622146
3387,4.483259981498122
3388,4.313329933211207
3389,3.990056924521923
3390,3.7812390364706516
3391,4.120144993066788
3392,3.9268010295927525
3393,4.212005995213985
3394,3.803023020736873
3395,3.977678017690778
3396,3.8873209850862622
3397,4.1957610519602895
3398,4.633278935216367
3399,4.110891022719443
3400,4.239798989146948
3401,4.423268022947013
3402,4.462859011255205
3403,4.20445401687175
3404,4.473075037822127
3405,4.763016942888498
3406,4.233018029481173
3407,4.636603989638388
3408,4.075798089616001
3409,4.145403974689543
3410,5.095644039101899
3411,4.3493559351190925
3412,4.614270059391856
3413,4.943392006680369
3414,3.80329298786819
3415,4.089117981493473
3416,3.9578580763190985
3417,3.9350930601358414
3418,4.601710941642523
3419,3.522002953104675
3420,4.012300982140005
3421,4.0445009944960475
3422,4.5168810756877065
3423,4.626789013855159
3424,4.030649084597826
3425,3.9539519930258393
3426,4.129891050979495
3427,3.9806230925023556
3428,4.72964602522552
3429,4.514889093115926
3430,3.6037779645994306
3431,3.8236340042203665
3432,4.069529008120298
3433,4.493025015108287
3434,3.8175840163603425
3435,4.05556708574295
3436,3.6853720666840672
3437,4.270515055395663
3438,4.363907966762781
3439,4.509299993515015
3440,5.177128012292087
3441,4.3043369660153985
3442,4.776276997290552
3443,4.172905930317938
3444,4.0656429482623935
3445,3.6269129486754537
3446,4.083299892954528
3447,4.3960070470348
3448,4.500987008213997
3449,4.860755056142807
3450,4.374915035441518
3451,4.612175980582833
3452,4.7460709465667605
3453,4.785920958966017
3454,4.080684971995652
3455,4.856509971432388
3456,4.033162957057357
3457,4.142910009250045
3458,3.8492130115628242
3459,4.124653059989214
3460,4.3114080326631665
3461,4.511964041739702
3462,4.102098057046533
3463,4.673650022596121
3464,3.9419139502570033
3465,4.008756019175053
3466,4.734012996777892
3467,4.131842986680567
3468,4.121658043004572
3469,3.980322042480111
3470,4.123339895159006
3471,4.461706965230405
3472,4.193737986497581
3473,4.113445058465004
3474,4.499475006014109
3475,4.4418059987947345
3476,4.672658978961408
3477,4.242282942868769
3478,4.538393928669393
3479,4.125343984924257
3480,3.9876640075817704
3481,3.9131399244070053
3482,3.8373249117285013
3483,4.06955904327333
3484,4.093143972568214
3485,4.488658043555915
3486,4.068105947226286
3487,4.144683014601469
3488,4.836047999560833
3489,4.968929919414222
3490,4.071041010320187
3491,4.624655935913324
3492,4.267891985364258
3493,3.8237839471548796
3494,4.238757072016597
3495,3.565268940292299
3496,3.9141710149124265
3497,4.223193041980267
3498,4.117232048884034
3499,4.531573038548231
3500,4.541618982329965
3501,4.394814954139292
3502,5.163987982086837
3503,4.055867902934551
3504,4.272628924809396
3505,3.9994120597839355
3506,3.8224310846999288
3507,4.165746038779616
3508,3.587343031540513
3509,4.012070945464075
3510,3.870785003527999
3511,3.6899989936500788
3512,3.3553290413692594
3513,3.742450033314526
3514,3.907721024006605
3515,4.142910009250045
3516,3.79115401301533
3517,5.199081962928176
3518,4.826294025406241
3519,5.399376968853176
3520,4.800893948413432
3521,4.622641950845718
3522,4.767133039422333
3523,4.423008067533374
3524,4.072552896104753
3525,4.286398994736373
3526,3.5538419615477324
3527,3.762690001167357
3528,3.908041981048882
3529,4.539425950497389
3530,4.312950070016086
3531,4.159656004048884
3532,4.241550923325121
3533,4.295062972232699
3534,3.8950719172134995
3535,4.516910994425416
3536,4.075977951288223
3537,4.224736010655761
3538,3.766346024349332
3539,4.520928021520376
3540,4.194239038042724
3541,4.533216007985175
3542,4.258395987562835
3543,3.954252926632762
3544,4.044139990583062
3545,4.461496020667255
3546,4.126786021515727
3547,4.420154029503465
3548,4.522458999417722
3549,4.435406997799873
3550,4.658025922253728
3551,4.118122975341976
3552,3.94813297316432
3553,4.552124999463558
3554,4.795745946466923
3555,4.423247999511659
3556,3.8681119913235307
3557,4.110822104848921
3558,5.016252980567515
3559,4.401625017635524
3560,4.606386995874345
3561,4.152536042965949
3562,4.581550019793212
3563,3.989055985584855
3564,4.002194968052208
3565,4.013022989965975
3566,4.162269993685186
3567,4.051391035318375
3568,4.162380006164312
3569,3.707455936819315
3570,4.404028062708676
3571,3.574162954464555
3572,4.52526391018182
3573,4.303634981624782
3574,4.233698942698538
3575,4.386721993796527
3576,5.156527040526271
3577,5.164779024198651
3578,4.711347981356084
3579,3.674425999633968
3580,4.362595966085792
3581,4.610884003341198
3582,4.468017024919391
3583,4.553136066533625
3584,4.282944020815194
3585,4.243714036419988
3586,4.561019013635814
3587,4.167628008872271
3588,4.239918082021177
3589,4.299720050767064
3590,4.199385992251337
3591,4.5365599216893315
3592,4.2937599355354905
3593,4.098783014342189
3594,3.744863090105355
3595,3.9712890284135938
3596,4.326950991526246
3597,4.291085992008448
3598,4.459692980162799
3599,4.68743103556335
3600,3.894741996191442
3601,4.211475024931133
3602,4.60073899012059
3603,4.31075703818351
3604,4.653249052353203
3605,4.159646108746529
3606,4.076389013789594
3607,4.3630769941955805
3608,4.434133996255696
3609,5.655067972838879
3610,5.188025068491697
3611,5.081201903522015
3612,4.771920037455857
3613,4.190613050013781
3614,4.204523982480168
3615,3.670859965495765
3616,4.429326974786818
3617,4.085012013092637
3618,4.079413949511945
3619,4.137131967581809
3620,3.9188190130516887
3621,4.06430009752512
3622,4.149741027504206
3623,4.195731016807258
3624,5.116385058499873
3625,4.441276076249778
3626,4.143561935052276
3627,4.43605799227953
3628,3.7300200201570988
3629,4.7073919558897614
3630,5.313066067174077
3631,4.674151074141264
3632,4.69918898306787
3633,4.25882707349956
3634,4.596363054588437
3635,4.700982011854649
3636,4.12479299120605
3637,4.160177079029381
3638,3.773598000407219
3639,4.047365044243634
3640,3.9648590609431267
3641,4.212285974062979
3642,4.102488048374653
3643,4.13665093947202
3644,5.238202051259577
3645,5.686495918780565
3646,4.18053800240159
3647,4.246669006533921
3648,4.3652200838550925
3649,3.939179005101323
3650,4.681120975874364
3651,3.7048120284453034
3652,3.576416987925768
3653,4.4296280248090625
3654,3.9572870591655374
3655,3.9184580091387033
3656,3.9963569724932313
3657,3.9975090185180306
3658,4.208671045489609
3659,3.358353045769036
3660,3.744203015230596
3661,4.040444036945701
3662,3.5007110564038157
3663,3.546060062944889
3664,3.4548910334706306
3665,3.998860949650407
3666,4.0117299649864435
3667,3.768660011701286
3668,3.4786469768732786
3669,4.241029964759946
3670,3.9888250175863504
3671,4.062157007865608
3672,4.203862976282835
3673,4.396467003971338
3674,4.266008036211133
3675,4.059363040141761
3676,4.295462975278497
3677,4.062938038259745
3678,4.057851037941873
3679,3.4087810199707747
3680,3.3659550826996565
3681,4.470950923860073
3682,4.038551007397473
3683,4.678377998061478
3684,4.606036935001612
3685,4.87914402037859
3686,4.17169404681772
3687,4.711818997748196
3688,4.380582948215306
3689,4.1237910045310855
3690,4.287009942345321
3691,4.212036030367017
3692,4.80840599630028
3693,3.9271109271794558
3694,3.982716938480735
3695,4.479893948882818
3696,4.218004993163049
3697,4.533305997028947
3698,4.170372034423053
3699,4.093013936653733
3700,4.47049003560096
3701,4.117962089367211
3702,4.3895269045606256
3703,4.070639959536493
3704,3.9569459622725844
3705,4.220608971081674
3706,4.224495030939579
3707,4.259117064066231
3708,4.051021067425609
3709,4.328964045271277
3710,4.13116195704788
3711,3.6392519250512123
3712,3.708989010192454
3713,3.9665309013798833
3714,4.185135010629892
3715,4.332059063017368
3716,4.015797050669789
3717,4.214729997329414
3718,4.301061970181763
3719,4.439712967723608
3720,4.0142040234059095
3721,4.627729998901486
3722,3.957789042033255
3723,3.950076992623508
3724,4.022966953925788
3725,3.597858943976462
3726,4.1816700249910355
3727,3.9820760721340775
3728,4.311218042857945
3729,4.190623993054032
3730,4.2695640586316586
3731,4.702814039774239
3732,4.255032050423324
3733,4.69302898272872
3734,3.977688029408455
3735,4.257555003277957
3736,3.5691249649971724
3737,4.2137689888477325
3738,4.327703034505248
3739,4.149890970438719
3740,4.338848986662924
3741,4.306649905629456
3742,5.168856005184352
3743,4.366222070530057
3744,4.530302016064525
3745,4.0834390092641115
3746,4.548459080979228
3747,4.296915023587644
3748,4.195641027763486
3749,4.626998910680413
3750,4.046152927912772
3751,4.406663007102907
3752,4.499173955991864
3753,4.15195501409471
3754,4.125604988075793
3755,4.295272985473275
3756,4.5844039414078
3757,4.331648000515997
3758,4.087675944902003
3759,4.303526016883552
3760,4.512353916652501
3761,4.455817979760468
3762,4.03596693649888
3763,4.096439923159778
3764,4.299298976548016
3765,4.344759043306112
3766,4.221610026434064
3767,3.9564359467476606
3768,4.148098058067262
3769,3.7724750582128763
3770,4.071551957167685
3771,3.9967879420146346
3772,4.402947030030191
3773,4.216221976093948
3774,4.121638019569218
3775,4.2035230435431
3776,4.152614972554147
3777,3.975635045208037
3778,4.4977819779887795
3779,4.053244017995894
3780,3.8767539663240314
3781,3.8295419653877616
3782,4.006050992757082
3783,3.624800010584295
3784,4.074956988915801
3785,4.508558078669012
3786,4.65357000939548
3787,5.080239963717759
3788,3.8513559848070145
3789,4.071422037668526
3790,4.353812080807984
3791,4.186666919849813
3792,3.8211490027606487
3793,4.423829028382897
3794,4.3902581091970205
3795,3.9675430161878467
3796,4.487957106903195
3797,4.014112986624241
3798,3.996647079475224
3799,4.03466506395489
3800,4.786332021467388
3801,5.242978921160102
3802,4.939845995977521
3803,3.945648903027177
3804,4.297596053220332
3805,4.35107690282166
3806,4.658245947211981
3807,3.894101013429463
3808,4.752249922603369
3809,4.460114054381847
3810,4.062818014062941
3811,4.4535540509969
3812,4.206496989354491
3813,3.9676730521023273
3814,3.597709001041949
3815,4.090099013410509
3816,4.155069007538259
3817,4.108548047952354
3818,4.110209993086755
3819,3.6078550620004535
3820,4.006040981039405
3821,4.26975404843688
3822,4.684876999817789
3823,4.8420269740745425
3824,3.5947839496657252
3825,4.166165948845446
3826,4.166496102698147
3827,4.227930097840726
3828,4.120305995456874
3829,4.508828045800328
3830,4.40688303206116
3831,4.032432101666927
3832,4.262482980266213
3833,4.212577012367547
3834,4.3139009503647685
3835,3.9853090420365334
3836,4.258305998519063
3837,4.499134025536478
3838,3.8934790063649416
3839,4.267921089194715
3840,4.085332038812339
3841,3.680535010062158
3842,4.350887960754335
3843,4.362214007414877
3844,4.470420069992542
3845,4.714232054539025
3846,4.509720019996166
3847,4.249864025041461
3848,4.224234959110618
3849,4.274511011317372
3850,4.237585002556443
3851,4.612596007063985
3852,4.360181977972388
3853,4.688212997280061
3854,4.815987078472972
3855,4.6621119836345315
3856,4.369926988147199
3857,4.452983965165913
3858,4.6830440405756235
3859,4.476328962482512
3860,4.472873988561332
3861,4.41199098713696
3862,4.174447967670858
3863,4.205015022307634
3864,3.9698859909549356
3865,4.616352031007409
3866,4.139525000937283
3867,4.586427006870508
3868,4.084381042048335
3869,4.313410026952624
3870,4.2539400747045875
3871,4.045721958391368
3872,4.399602068588138
3873,4.14976105093956
3874,4.174167988821864
3875,4.305958980694413
3876,4.215321037918329
3877,4.419893026351929
3878,4.318417981266975
3879,4.847384057939053
3880,4.698347998782992
3881,5.0429030088707805
3882,4.415677045471966
3883,3.6775110056623816
3884,4.200118011794984
3885,4.367392975836992
3886,4.730566986836493
3887,4.357538069598377
3888,4.618735983967781
3889,5.059438990429044
3890,4.936221055686474
3891,4.8103079898282886
3892,3.9895669324323535
3893,4.169821972027421
3894,3.9102649316191673
3895,4.121648031286895
3896,4.367172950878739
3897,3.7461849860846996
3898,4.08822693862021
3899,4.09407599363476
3900,4.532363964244723
3901,4.0801550494506955
3902,4.3350240448489785
3903,3.8326469948515296
3904,4.04373905621469
3905,3.7597949849441648
3906,5.715909996069968
3907,5.316100083291531
3908,5.204078974202275
3909,5.292152985930443
3910,4.647859954275191
3911,4.50867903418839
3912,3.902954049408436
3913,4.671317059546709
3914,5.026899045333266
3915,4.595841048285365
3916,4.450248903594911
3917,4.179936950094998
3918,4.485172918066382
3919,4.618666018359363
3920,4.434945993125439
3921,4.428986110724509
3922,5.172220058739185
3923,4.697666969150305
3924,4.315825062803924
3925,4.741083015687764
3926,4.436998977325857
3927,4.637375008314848
3928,4.233147948980331
3929,4.601330030709505
3930,4.2875310173258185
3931,4.687640932388604
3932,4.924401990137994
3933,4.212987027131021
3934,4.498512949794531
3935,3.741869004443288
3936,5.643339012749493
3937,6.1887119663879275
3938,5.272994050756097
3939,4.503689939156175
3940,4.266798961907625
3941,5.207443959079683
3942,4.704947001300752
3943,4.360181977972388
3944,4.029126022942364
3945,3.814518917351961
3946,4.985986975952983
3947,4.572374979034066
3948,4.947077017277479
3949,3.8723679026588798
3950,4.233659012243152
3951,4.900686093606055
3952,4.570322926156223
3953,4.837048938497901
3954,5.020578973926604
3955,4.731768975034356
3956,4.885963979177177
3957,5.063574993982911
3958,4.562249989248812
3959,3.6879259860143065
3960,4.374303040094674
3961,5.031996057368815
3962,4.719358985312283
3963,4.945695050992072
3964,4.526866017840803
3965,4.406022024340928
3966,4.5511539792642
3967,4.085873952135444
3968,4.934858996421099
3969,3.7972129648551345
3970,4.400353063829243
3971,4.290205077268183
3972,4.493235028348863
3973,4.698467906564474
3974,3.913510008715093
3975,4.341693944297731
3976,3.772204974666238
3977,3.726886003278196
3978,4.925182904116809
3979,4.7424049116671085
3980,4.137311014346778
3981,4.372450988739729
3982,4.4953180477023125
3983,4.375856020487845
3984,4.256264073774219
3985,4.171704058535397
3986,4.190653096884489
3987,4.141398007050157
3988,4.064250038936734
3989,4.18613594956696
3990,4.173647961579263
3991,4.403427941724658
3992,4.453364061191678
3993,4.9540880136191845
3994,4.207579069770873
3995,4.264886025339365
3996,3.8111639441922307
3997,3.837764961645007
3998,4.5093700755387545
3999,4.068256006576121
4000,3.6239679902791977
4001,4.876318969763815
4002,4.527756944298744
4003,4.416708019562066
4004,4.186526057310402
4005,4.064209992066026
4006,4.6130180126056075
4007,3.9359750226140022
4008,4.728814004920423
4009,4.3357639806345105
4010,4.3151830323040485
4011,4.634119104593992
4012,4.222371033392847
4013,4.165193997323513
4014,4.095056909136474
4015,3.610468003898859
4016,4.162370110861957
4017,4.372150055132806
4018,4.4407149543985724
4019,4.886003909632564
4020,4.156160983256996
4021,4.14765696041286
4022,4.544123075902462
4023,4.264736082404852
4024,4.58628695923835
4025,4.335784004069865
4026,4.386281012557447
4027,4.175790003500879
4028,4.190431907773018
4029,4.180788062512875
4030,3.936686087399721
4031,3.9573470130562782
4032,4.434484988451004
4033,4.232527106069028
4034,4.814894986338913
4035,5.040890071541071
4036,4.812611965462565
4037,3.6808749428018928
4038,4.4893689919263124
4039,4.158403957262635
4040,4.215360037051141
4041,4.021534929051995
4042,4.158803960308433
4043,4.361934028565884
4044,4.252127022482455
4045,4.142469028010964
4046,6.080396007746458
4047,5.070765968412161
4048,4.383436986245215
4049,4.098932957276702
4050,4.2035330552607775
4051,4.1658260161057115
4052,4.043217981234193
4053,3.9693149738013744
4054,4.000111948698759
4055,4.007674055173993
4056,4.164703073911369
4057,3.9932919899001718
4058,4.010587930679321
4059,4.039482097141445
4060,4.192435997538269
4061,4.2276589665561914
4062,4.109528963454068
4063,4.016497987322509
4064,4.280589986592531
4065,3.6270531127229333
4066,4.513234947808087
4067,4.281091038137674
4068,4.129940993152559
4069,3.781168954446912
4070,4.092923947609961
4071,4.171072971075773
4072,4.637353937141597
4073,4.0966690285131335
4074,4.183021956123412
4075,4.242181894369423
4076,4.202001029625535
4077,3.8785269716754556
4078,4.1995670180767775
4079,4.329595016315579
4080,4.323765984736383
4081,4.277285072021186
4082,3.755529993213713
4083,3.3988049253821373
4084,5.526690976694226
4085,4.510581027716398
4086,4.089989000931382
4087,4.197072936221957
4088,4.334892961196601
4089,4.104731953702867
4090,4.18924109544605
4091,4.115377902053297
4092,3.8740599993616343
4093,4.035306046716869
4094,4.442616947926581
4095,3.9827959844842553
4096,4.1133250342682
4097,4.17664204724133
4098,4.108066903427243
4099,4.112783935852349
4100,3.955214051529765
4101,4.049107083119452
4102,3.997497959062457
4103,4.195009940303862
4104,4.107687040232122
4105,4.494145978242159
4106,4.109529894776642
4107,3.967322059907019
4108,4.103821003809571
4109,4.697646945714951
4110,4.2728789849206805
4111,4.094325937330723
4112,3.9241270860657096
4113,4.2366639245301485
4114,4.01708809658885
4115,4.068386973813176
4116,3.9925609016790986
4117,4.954247968271375
4118,4.400883102789521
4119,4.317876999266446
4120,4.158564028330147
4121,4.4626290909945965
4122,4.538232926279306
4123,4.481256939470768
4124,4.238134948536754
4125,4.170882981270552
4126,4.354682983830571
4127,4.7052380396053195
4128,4.806661978363991
4129,5.4621429881080985
4130,4.471931955777109
4131,4.3959260219708085
4132,4.557292093522847
4133,4.107697051949799
4134,4.280078923329711
4135,4.47791104670614
4136,4.310055053792894
4137,4.218535032123327
4138,4.161127959378064
4139,4.061205079779029
4140,3.940841997973621
4141,4.2184460908174515
4142,4.282503039576113
4143,3.831816022284329
4144,3.494189935736358
4145,4.067044937983155
4146,3.590616979636252
4147,3.6061310674995184
4148,4.5388739090412855
4149,4.222300951369107
4150,3.787397057749331
4151,4.557773005217314
4152,4.1214380180463195
4153,4.055055906064808
4154,3.656518063507974
4155,4.085171967744827
4156,4.123901017010212
4157,4.130520974285901
4158,4.286538925953209
4159,4.114535986445844
4160,3.987993928603828
4161,4.299008054658771
4162,4.042566986754537
4163,4.036386962980032
4164,3.7057530134916306
4165,4.159125033766031
4166,4.168749088421464
4167,4.023178014904261
4168,3.565389080904424
4169,4.000702989287674
4170,4.062346997670829
4171,4.122538957744837
4172,5.510717048309743
4173,5.130367004312575
4174,4.517652094364166
4175,4.420713987201452
4176,4.8718120669946074
4177,4.438650910742581
4178,3.930717008188367
4179,5.171039025299251
4180,5.226332927122712
4181,4.430738976225257
4182,4.538453998975456
4183,3.9536620024591684
4184,3.732274053618312
4185,4.408846027217805
4186,4.573257057927549
4187,4.585015005432069
4188,5.4335989989340305
4189,4.57347696647048
4190,4.8496880335733294
4191,5.0434640143066645
4192,5.236779106780887
4193,4.992326023057103
4194,4.3482130859047174
4195,4.294891958124936
4196,4.319529980421066
4197,4.047375055961311
4198,4.440274089574814
4199,4.177202004939318
4200,4.113664967007935
4201,4.0537340100854635
4202,4.0396429831162095
4203,4.92917001247406
4204,4.444360034540296
4205,4.152624984271824
4206,3.902033087797463
4207,3.7363299634307623
4208,4.013253026641905
4209,3.9792609168216586
4210,4.356876015663147
4211,4.399851895868778
4212,4.288240917958319
4213,4.154258058406413
4214,4.091851995326579
4215,3.9512680377811193
4216,3.4696529619395733
4217,4.426203086040914
4218,5.0020209746435285
4219,4.429636988788843
4220,5.340297007933259
4221,4.470259067602456
4222,4.277825937606394
4223,4.1549180168658495
4224,4.0298179956153035
4225,4.137202049605548
4226,3.787857946008444
4227,3.955353982746601
4228,4.193156026303768
4229,4.433654015883803
4230,4.1416879976168275
4231,3.683449001982808
4232,4.412862006574869
4233,3.95232904702425
4234,3.8890220457687974
4235,4.0698390221223235
4236,4.107465967535973
4237,3.9110969519242644
4238,3.9004599675536156
4239,4.169661086052656
4240,4.319719970226288
4241,4.2416410287842155
4242,4.1398650500923395
4243,3.9736010367050767
4244,4.670544993132353
4245,4.570262040942907
4246,4.296413972042501
4247,4.312097909860313
4248,4.017458995804191
4249,3.6223060451447964
4250,4.088856978341937
4251,4.274200997315347
4252,4.074817057698965
4253,4.29782597348094
4254,4.125394043512642
4255,3.803492058068514
4256,3.5759250167757273
4257,4.106795066036284
4258,3.9696759777143598
4259,4.233138053677976
4260,3.982524969615042
4261,3.9533310336992145
4262,3.914911998435855
4263,4.00678301230073
4264,3.577327006496489
4265,4.094826988875866
4266,4.006592091172934
4267,3.528303001075983
4268,4.47164208162576
4269,4.302993998862803
4270,4.185404977761209
4271,4.689633962698281
4272,3.9932519430294633
4273,4.288541967980564
4274,4.112964030355215
4275,4.113315022550523
4276,4.318948020227253
4277,4.4736049603670835
4278,4.277686006389558
4279,4.6413399977609515
4280,3.9729999843984842
4281,4.324637004174292
4282,4.191815038211644
4283,3.782420069910586
4284,3.772696014493704
4285,4.086905042640865
4286,4.1913039749488235
4287,4.115307005122304
4288,3.983916947618127
4289,3.5403809743002057
4290,4.175510024651885
4291,4.031128948554397
4292,3.9219530299305916
4293,3.773396019823849
4294,4.203292075544596
4295,4.067854955792427
4296,4.021736094728112
4297,4.044039058499038
4298,3.8539490196853876
4299,3.567432053387165
4300,4.073254065588117
4301,4.10530308727175
4302,3.5941629903391004
4303,3.6618360318243504
4304,4.292508005164564
4305,4.304465954191983
4306,4.381884005852044
4307,5.18033211119473
4308,4.3110569240525365
4309,6.0439599910750985
4310,5.566952982917428
4311,4.969310946762562
4312,4.8382909735664725
4313,5.017793970182538
4314,5.221675965003669
4315,5.406036972999573
4316,5.101802991703153
4317,5.430644960142672
4318,4.179545911028981
4319,4.754903027787805
4320,5.951179075054824
4321,4.975399002432823
4322,4.143500933423638
4323,4.582591005600989
4324,4.464650060981512
4325,4.058151040226221
4326,4.067113972268999
4327,4.15391696151346
4328,4.315112950280309
4329,4.325649002566934
4330,4.026322043500841
4331,4.1494600009173155
4332,3.9931220235303044
4333,3.7212870083749294
4334,3.853027941659093
4335,4.436568007804453
4336,4.116410040296614
4337,4.528378020040691
4338,4.251857055351138
4339,4.315573023632169
4340,4.531792947091162
4341,3.971609054133296
4342,3.7164289969950914
4343,4.118112963624299
4344,3.857635078020394
4345,4.447445040568709
4346,4.391690017655492
4347,4.445531056262553
4348,4.398560035042465
4349,3.7419080035761
4350,4.599155974574387
4351,4.600849002599716
4352,4.20994299929589
4353,4.733060020953417
4354,4.288752912543714
4355,3.9479619590565562
4356,3.85182595346123
4357,3.902814001776278
4358,3.7653639446944
4359,4.19362704269588
4360,4.714222042821348
4361,3.5629759076982737
4362,4.146496066823602
4363,4.688201937824488
4364,4.645537002943456
4365,4.295332008041441
4366,5.671300925314426
4367,4.322093911468983
4368,4.22149000223726
4369,6.130311987362802
4370,4.424058948643506
4371,4.512554034590721
4372,4.200918017886579
4373,4.409036017023027
4374,4.352248972281814
4375,4.175610025413334
4376,4.502628929913044
4377,5.112498998641968
4378,4.4050299329683185
4379,4.73480299115181
4380,3.791223047301173
4381,4.292548052035272
4382,3.9331200532615185
4383,4.425891907885671
4384,4.652146017178893
4385,4.5609480002895
4386,4.125923966057599
4387,4.238686058670282
4388,4.409397020936012
4389,4.083890002220869
4390,4.325228044763207
4391,4.141508019529283
4392,4.03163000009954
4393,4.180958028882742
4394,4.143390920944512
4395,4.543681046925485
4396,3.684561001136899
4397,3.7926259683445096
4398,4.7332909889519215
4399,4.162119003012776
4400,4.5171709498390555
4401,4.418290103785694
4402,4.238705965690315
4403,4.262492060661316
4404,4.14621492382139
4405,3.8250250509008765
4406,4.792401101440191
4407,4.169270978309214
4408,5.021309945732355
4409,4.935147939249873
4410,4.576942068524659
4411,4.0038180304691195
4412,4.259316949173808
4413,4.000172950327396
4414,3.916674992069602
4415,3.7571609718725085
4416,4.477720940485597
4417,4.1019279742613435
4418,3.8480799412354827
4419,3.923095064237714
4420,4.135208902880549
4421,3.915483015589416
4422,4.331927979364991
4423,4.477340029552579
4424,4.442177014425397
4425,4.157192073762417
4426,4.032612079754472
4427,4.244866082444787
4428,3.6961580626666546
4429,4.290715092793107
4430,5.317150964401662
4431,4.704667022451758
4432,4.868677002377808
4433,4.657856072299182
4434,4.382085986435413
4435,4.8770500579848886
4436,4.472021944820881
4437,4.264625953510404
4438,4.268361022695899
4439,4.36869403347373
4440,4.356356104835868
4441,4.720500903204083
4442,4.699559067375958
4443,4.15414699818939
4444,3.818714991211891
4445,3.835081006400287
4446,3.8540990790352225
4447,4.024058929644525
4448,3.935895045287907
4449,3.7919949973002076
4450,3.846497042104602
4451,4.3343419674783945
4452,4.286849987693131
4453,3.8876510225236416
4454,4.647900001145899
4455,4.689374007284641
4456,4.8691281117498875
4457,4.009786993265152
4458,4.18729695957154
4459,3.905668039806187
4460,4.861557041294873
4461,4.653850104659796
4462,4.0233570616692305
4463,4.406562075018883
4464,4.122017999179661
4465,4.715653951279819
4466,4.79626702144742
4467,4.643643973395228
4468,5.038735922425985
4469,4.122858983464539
4470,4.454755922779441
4471,3.996445913799107
4472,4.493184038437903
4473,4.0581910870969296
4474,4.020903958007693
4475,4.289644071832299
4476,4.4947960413992405
4477,4.088466987013817
4478,4.354442004114389
4479,4.306018934585154
4480,3.8585159927606583
4481,3.9799720980226994
4482,3.781498991884291
4483,4.074526019394398
4484,4.857901018112898
4485,4.0348650654777884
4486,4.1227389592677355
4487,4.2219109600409865
4488,3.8952629547566175
4489,3.6318000638857484
4490,4.5856659999117255
4491,3.7907029036432505
4492,4.372910945676267
4493,4.66655904892832
4494,4.215579945594072
4495,4.0607750415802
4496,3.5452579613775015
4497,4.89855301566422
4498,4.641660954803228
4499,4.626968060620129
4500,4.011158947832882
4501,3.7436409620568156
4502,5.0641660345718265
4503,5.234163952991366
4504,4.821024020202458
4505,4.535689018666744
4506,4.437188967131078
4507,4.149839980527759
4508,4.16497397236526
4509,4.30011993739754
4510,4.821565002202988
4511,4.086574073880911
4512,4.388213972561061
4513,3.8390159606933594
4514,3.712592995725572
4515,3.8271480007097125
4516,5.09676500223577
4517,5.8718479704111814
4518,4.982420010492206
4519,4.956551012583077
4520,4.696903983131051
4521,4.677555989474058
4522,5.137396976351738
4523,4.2056250385940075
4524,4.209612030535936
4525,4.42598108202219
4526,3.7201549857854843
4527,4.460565047338605
4528,4.610432893969119
4529,4.576831008307636
4530,4.582089954055846
4531,4.291245946660638
4532,4.217943991534412
4533,3.8258960703387856
4534,4.06583200674504
4535,4.147737054154277
4536,4.562810994684696
4537,4.279387998394668
4538,4.094886942766607
4539,4.333671065978706
4540,4.131091991439462
4541,3.7449729861691594
4542,4.092162940651178
4543,4.187767975963652
4544,4.045792040415108
4545,3.8367430679500103
4546,4.162480006925762
4547,3.8663080194965005
4548,3.782259998843074
4549,3.8711460074409842
4550,4.71393100451678
4551,3.886809106916189
4552,4.438922042027116
4553,3.846436971798539
4554,4.0619970532134175
4555,4.566716030240059
4556,3.931588027626276
4557,4.31782694067806
4558,3.625420038588345
4559,4.107665969058871
4560,4.780482035130262
4561,4.083538893610239
4562,4.275182029232383
4563,4.056027042679489
4564,4.842316964641213
4565,4.601017921231687
4566,4.341442952863872
4567,4.669432993978262
4568,4.2042339919134974
4569,4.238285007886589
4570,4.3199199717491865
4571,4.367302055470645
4572,3.845244995318353
4573,3.833579015918076
4574,4.213267005980015
4575,3.5868820268660784
4576,4.373371019028127
4577,3.91995906829834
4578,3.971608937717974
4579,4.05041896738112
4580,4.3851189548149705
4581,4.056998994201422
4582,4.120414960198104
4583,3.940350958146155
4584,4.082767991349101
4585,4.015745944343507
4586,4.275311948731542
4587,3.461651038378477
4588,4.445452010259032
4589,3.890955005772412
4590,4.097691038623452
4591,4.1401960188522935
4592,3.9758450584486127
4593,4.15605993475765
4594,3.953970968723297
4595,4.635180928744376
4596,5.141914007253945
4597,4.405420972034335
4598,3.9019520627334714
4599,4.359730053693056
4600,4.0649810107424855
4601,4.097189987078309
4602,4.050580086186528
4603,4.02751297224313
4604,4.048496019095182
4605,4.10616397857666
4606,3.653072053566575
4607,3.880138974636793
4608,3.465406014584005
4609,4.108708002604544
4610,3.9858199888840318
4611,3.8633239455521107
4612,4.178032977506518
4613,4.19157394208014
4614,4.207879072055221
4615,4.213747917674482
4616,3.894620924256742
4617,4.098091972991824
4618,3.918326925486326
4619,3.827139036729932
4620,3.9369961014017463
4621,3.862811950966716
4622,3.7037499714642763
4623,4.361773026175797
4624,4.00427810382098
4625,4.39051806461066
4626,4.592626006342471
4627,4.8081440618261695
4628,4.606126924045384
4629,4.150351043790579
4630,4.105694009922445
4631,4.771829000674188
4632,3.8950120797380805
4633,3.95310006570071
4634,4.768695100210607
4635,4.046162939630449
4636,4.146164981648326
4637,4.022135981358588
4638,3.907851059921086
4639,3.919859998859465
4640,3.9575069677084684
4641,3.913228982128203
4642,3.5612829960882664
4643,3.5895559703931212
4644,3.363301046192646
4645,4.29728499148041
4646,3.8975250208750367
4647,5.327185965143144
4648,4.0641590021550655
4649,3.9426650619134307
4650,3.876283997669816
4651,3.8607990136370063
4652,3.931668004952371
4653,3.6007730523124337
4654,4.242912051267922
4655,4.061476094648242
4656,3.7302509881556034
4657,3.836371935904026
4658,4.013772937469184
4659,4.103279090486467
4660,3.955413936637342
4661,3.364723059348762
4662,3.850594046525657
4663,3.8635130040347576
4664,3.743169945664704
4665,3.998690051957965
4666,4.031329997815192
4667,3.9532409282401204
4668,3.9790699956938624
4669,4.839492030441761
4670,5.174592952243984
4671,4.544352064840496
4672,3.9888450410217047
4673,4.870579927228391
4674,4.121207050047815
4675,4.2546510230749846
4676,4.7163249691948295
4677,4.553486010991037
4678,3.9057780522853136
4679,4.341182066127658
4680,3.9905570447444916
4681,3.815000061877072
4682,4.163652076385915
4683,4.497290006838739
4684,4.287580028176308
4685,4.315653000958264
4686,4.422185942530632
4687,3.825965919531882
4688,4.319670028053224
4689,3.8090109592303634
4690,4.425410996191204
4691,4.006971954368055
4692,4.172864952124655
4693,3.811503993347287
4694,4.4153149938210845
4695,4.308763076551259
4696,3.9476820966228843
4697,4.647650057449937
4698,4.034044104628265
4699,3.5714179975911975
4700,4.183672019280493
4701,4.463659017346799
4702,4.39374300185591
4703,4.156230017542839
4704,4.104190040379763
4705,3.9302760269492865
4706,4.276914056390524
4707,3.830853966064751
4708,3.6038270918652415
4709,4.2770340805873275
4710,4.4794430723413825
4711,4.805890959687531
4712,5.026528029702604
4713,4.927025991491973
4714,4.107696004211903
4715,3.941592061892152
4716,5.047690006904304
4717,4.535718006081879
4718,5.625081015750766
4719,4.736675997264683
4720,4.438831005245447
4721,4.512352985329926
4722,4.423327976837754
4723,4.233438055962324
4724,4.345177905634046
4725,4.224094096571207
4726,3.9966360200196505
4727,4.0799640119075775
4728,4.173535970039666
4729,4.386191023513675
4730,4.522869014181197
4731,4.304195987060666
4732,3.836942953057587
4733,4.170912085101008
4734,4.927427042275667
4735,4.4938549399375916
4736,4.269573022611439
4737,4.414583905600011
4738,4.357206984423101
4739,3.9409820456057787
4740,3.802930936217308
4741,3.847158048301935
4742,4.213406937196851
4743,3.88832192402333
4744,3.805415006354451
4745,4.292838973924518
4746,4.661350045353174
4747,4.4891079887747765
4748,4.479912924580276
4749,4.539634916000068
4750,4.1657049441710114
4751,3.8901949301362038
4752,4.588859970681369
4753,4.128737957216799
4754,4.078101017512381
4755,4.213246982544661
4756,4.818720044568181
4757,4.646838060580194
4758,4.569841083139181
4759,4.179514944553375
4760,4.526395001448691
4761,4.931041970849037
4762,5.551428999751806
4763,4.796357010491192
4764,4.921196959912777
4765,4.9783349968492985
4766,4.518152913078666
4767,3.8073579780757427
4768,4.324126057326794
4769,3.5261689918115735
4770,3.371293074451387
4771,4.089177935384214
4772,3.754807054065168
4773,3.8640040438622236
4774,4.0643500396981835
4775,4.576771054416895
4776,3.8461870281025767
4777,4.016186925582588
4778,3.745072055608034
4779,3.668576944619417
4780,4.292627912946045
4781,4.506853991188109
4782,3.901902004145086
4783,4.152823938056827
4784,4.728543106466532
4785,4.507556091994047
4786,4.07631800044328
4787,4.779029986821115
4788,4.789546015672386
4789,4.0501480689272285
4790,4.692788003012538
4791,4.160005948506296
4792,3.857293981127441
4793,3.9590889355167747
4794,4.554977989755571
4795,4.146314924582839
4796,3.8662180304527283
4797,4.199926974251866
4798,4.335343022830784
4799,3.9903169963508844
4800,4.2163110338151455
4801,4.138223011977971
4802,3.48555704113096
4803,4.244765033945441
4804,3.951548016630113
4805,4.542720038443804
4806,4.948748974129558
4807,5.626823054626584
4808,4.93714096955955
4809,4.510130034759641
4810,4.577712970785797
4811,4.6680310042575
4812,4.759169998578727
4813,4.623313085176051
4814,4.300380009226501
4815,4.66873194091022
4816,4.169350024312735
4817,4.639858030714095
4818,4.09395492170006
4819,4.050008021295071
4820,3.982575028203428
4821,4.3311771005392075
4822,4.524552030488849
4823,3.974582999944687
4824,4.537030938081443
4825,4.873503930866718
4826,4.207347985357046
4827,4.227629047818482
4828,4.3269910383969545
4829,3.7192930467426777
4830,4.177121911197901
4831,4.671495989896357
4832,3.612559987232089
4833,3.4090400440618396
4834,3.481119987554848
4835,4.08786500338465
4836,4.283824935555458
4837,3.57598508708179
4838,3.951378050260246
4839,4.285537055693567
4840,4.1008550906553864
4841,3.8793779676780105
4842,4.117822041735053
4843,3.8676500553265214
4844,4.155538976192474
4845,4.18798893224448
4846,4.604853922501206
4847,4.33558295480907
4848,4.178213072009385
4849,4.137450945563614
4850,4.197093076072633
4851,3.853588947094977
4852,4.3294839560985565
4853,3.934993059374392
4854,3.9647880475968122
4855,3.8772340631112456
4856,4.120485973544419
4857,4.020522930659354
4858,4.159064032137394
4859,4.849928081966937
4860,4.257144057191908
4861,4.092723014764488
4862,4.2361520463600755
4863,4.863049020059407
4864,5.059688002802432
4865,4.083679988980293
4866,4.020903026685119
4867,4.1130539029836655
4868,3.8711049128323793
4869,3.9537010015919805
4870,4.705287981778383
4871,3.6220550537109375
4872,4.203692078590393
4873,3.8797679590061307
4874,3.8943199906498194
4875,3.947802004404366
4876,4.156020004302263
4877,3.8057650672271848
4878,4.195719957351685
4879,4.121367004700005
4880,3.849071101285517
4881,4.19759307987988
4882,4.024689900688827
4883,4.599717096425593
4884,3.7895309505984187
4885,4.729263950139284
4886,4.012339981272817
4887,4.095036070793867
4888,4.433152033016086
4889,4.335372941568494
4890,4.160266020335257
4891,4.729424021206796
4892,3.9891450433060527
4893,4.129559034481645
4894,4.363396088592708
4895,3.9438960375264287
4896,3.756789956241846
4897,3.7447919603437185
4898,4.016426973976195
4899,3.8056649500504136
4900,4.542488954029977
4901,3.83921607863158
4902,4.073254065588117
4903,3.4190050791949034
4904,4.169099032878876
4905,4.513125051744282
4906,4.033904056996107
4907,4.17606090195477
4908,4.528998048044741
4909,4.109178087674081
4910,4.032360971905291
4911,4.157842951826751
4912,4.104661988094449
4913,4.269432974979281
4914,4.1366900550201535
4915,4.792780964635313
4916,4.959626006893814
4917,4.439071053639054
4918,4.239417030476034
4919,4.228389938361943
4920,4.115979070775211
4921,3.7800470599904656
4922,4.018139909021556
4923,3.7553379079326987
4924,4.277735948562622
4925,4.128999076783657
4926,3.781527979299426
4927,3.8641239516437054
4928,4.083257983438671
4929,3.971418016590178
4930,5.057594971731305
4931,5.89152704924345
4932,4.924372071400285
4933,4.226446966640651
4934,3.9548020577058196
4935,4.195068962872028
4936,4.103548941202462
4937,4.200376919470727
4938,3.931616898626089
4939,3.8827729877084494
4940,4.162809927947819
4941,4.904952016659081
4942,3.8428721018135548
4943,4.194489098154008
4944,4.548519034869969
4945,4.23533096909523
4946,3.8618010003119707
4947,3.976415959186852
4948,4.667068948037922
4949,4.307770985178649
4950,3.9522290462628007
4951,3.867760067805648
4952,3.9506859611719847
4953,4.025049041956663
4954,4.111862042918801
4955,4.301581997424364
4956,5.759524996392429
4957,4.724216996692121
4958,5.088412086479366
4959,4.793140920810401
4960,4.53270401339978
4961,4.196401918306947
4962,3.9812129689380527
4963,4.250233061611652
4964,5.7924960274249315
4965,5.009812070056796
4966,4.518953035585582
4967,4.6543399803340435
4968,4.286688985303044
4969,4.4087349670007825
4970,4.538303008303046
4971,4.838460008613765
4972,4.192103981040418
4973,4.5548779889941216
4974,4.036838072352111
4975,4.677555989474058
4976,4.372140043415129
4977,4.030687967315316
4978,4.190061939880252
4979,4.5231899712234735
4980,4.459401941858232
4981,3.9949340280145407
4982,4.141898010857403
4983,4.7176770167425275
4984,4.6515349531546235
4985,4.480072995647788
4986,3.7435609847307205
4987,4.028836032375693
4988,4.315593047067523
4989,4.1978530352935195
4990,3.965960000641644
4991,4.031329997815192
4992,4.122017999179661
4993,4.370357026346028
4994,4.050638992339373
4995,4.60862903855741
4996,3.93401097971946
4997,3.8898540660738945
4998,4.2142580496147275
4999,3.5914090694859624
5000,4.051159950904548
5001,3.7861550226807594
5002,4.880334017798305
5003,4.775474080815911
5004,3.798835095949471
5005,3.9156529819592834
5006,4.226036020554602
5007,3.640613052994013
5008,4.118351964280009
5009,4.183530923910439
5010,4.703343962319195
5011,4.621089086867869
5012,3.365884069353342
5013,4.193807020783424
5014,3.582224017009139
5015,3.7438609870150685
5016,3.9331199368461967
5017,4.343665903434157
5018,4.341462976299226
5019,4.224813892506063
5020,4.058731021359563
5021,3.962234011851251
5022,3.996926941908896
5023,4.0086350636556745
5024,3.6478140391409397
5025,3.992901067249477
5026,3.945198026485741
5027,4.0532120037823915
5028,3.7599350325763226
5029,4.340701038017869
5030,4.03444399125874
5031,4.02954698074609
5032,3.831575042568147
5033,4.607729031704366
5034,3.654744941741228
5035,4.363334970548749
5036,3.906108089722693
5037,4.09722002223134
5038,4.139725002460182
5039,4.023217014037073
5040,4.087636014446616
5041,3.960020956583321
5042,3.6896480014547706
5043,3.9452080382034183
5044,3.688907017931342
5045,3.932588966563344
5046,3.846806939691305
5047,3.8732090033590794
5048,5.835873074829578
5049,4.75449301302433
5050,4.737667040899396
5051,4.512722953222692
5052,4.83095902018249
5053,4.919855040498078
5054,4.684175015427172
5055,3.9452080382034183
5056,3.9748529670760036
5057,3.9800909580662847
5058,4.0924029890447855
5059,3.9856400107964873
5060,3.850233042612672
5061,3.920069895684719
5062,4.549759905785322
5063,3.8540989626199007
5064,4.110218957066536
5065,4.085261025466025
5066,3.6725320387631655
5067,3.8101220270618796
5068,4.203160991892219
5069,4.576872102916241
5070,4.567827098071575
5071,3.880289033986628
5072,4.088415997102857
5073,3.753324970602989
5074,3.8340979954227805
5075,3.4723770804703236
5076,4.061474930495024
5077,4.054164048284292
5078,4.2064369190484285
5079,3.822510945610702
5080,4.073103074915707
5081,3.861319040879607
5082,3.7893899716436863
5083,3.7432799581438303
5084,3.731591976247728
5085,3.7049809470772743
5086,4.1137050138786435
5087,3.9602109463885427
5088,3.8730279775336385
5089,4.012541030533612
5090,3.3841419499367476
5091,4.186697071418166
5092,3.9685439551249146
5093,4.067174042575061
5094,3.7347469478845596
5095,4.226297023706138
5096,3.8811209378764033
5097,3.764752997085452
5098,3.7668660515919328
5099,3.9699659682810307
5100,3.6678649485111237
5101,4.043658031150699
5102,3.794778953306377
5103,3.969645011238754
5104,4.296523984521627
5105,3.7572210421785712
5106,4.493033047765493
5107,3.8364719366654754
5108,3.808820038102567
5109,3.948283032514155
5110,4.945483990013599
5111,3.586650942452252
5112,3.810922964476049
5113,3.9181570755317807
5114,3.645070013590157
5115,4.101976985111833
5116,4.3155530001968145
5117,4.571313038468361
5118,4.610463045537472
5119,5.425436072982848
5120,4.442206001840532
5121,4.107875982299447
5122,4.301352077163756
5123,3.9512369548901916
5124,4.3041149619966745
5125,4.162419005297124
5126,3.919849987141788
5127,3.725863993167877
5128,3.6931330105289817
5129,3.686202922835946
5130,3.719644038937986
5131,4.184401943348348
5132,4.22510493081063
5133,4.511512001045048
5134,3.915493027307093
5135,3.853878006339073
5136,4.130610032007098
5137,4.214207991026342
5138,3.615805064328015
5139,4.071851959452033
5140,3.5406110109761357
5141,4.382594954222441
5142,4.404978943057358
5143,3.9233450079336762
5144,4.609490977600217
5145,4.148066975176334
5146,4.131773021072149
5147,4.108586930669844
5148,4.146074992604554
5149,4.111941903829575
5150,4.112243070267141
5151,4.014634061604738
5152,3.7985240342095494
5153,4.078050027601421
5154,4.424349055625498
5155,4.066743073053658
5156,4.026002017781138
5157,4.110940964892507
5158,3.499128040857613
5159,3.4749299520626664
5160,3.6583910696208477
5161,3.7648429861292243
5162,4.301421926356852
5163,3.813176997937262
5164,3.594273002818227
5165,3.7576419999822974
5166,3.6581300664693117
5167,3.8823119830340147
5168,4.448816063813865
5169,4.000382032245398
5170,3.5295740235596895
5171,3.5440659848973155
5172,3.603836987167597
5173,4.220398026518524
5174,3.794137039221823
5175,4.095087060704827
5176,3.90537700150162
5177,3.375528962351382
5178,4.946915898472071
5179,5.561652942560613
5180,4.246758064255118
5181,4.98710700776428
5182,4.274189006537199
5183,4.176540998741984
5184,3.6016430240124464
5185,3.943825955502689
5186,3.9127380587160587
5187,4.575298982672393
5188,3.594673005864024
5189,3.930906066671014
5190,4.558803979307413
5191,4.134106100536883
5192,3.8954619085416198
5193,3.7459339946508408
5194,4.0573590667918324
5195,3.7560700438916683
5196,4.024939960800111
5197,3.5847179824486375
5198,4.092192044481635
5199,3.3705519745126367
5200,3.8555209757760167
5201,3.760675899684429
5202,4.407673026435077
5203,3.9092330262064934
5204,4.040563013404608
5205,4.207537975162268
5206,4.1304100304841995
5207,3.7669860757887363
5208,3.9570860099047422
5209,4.0331719210371375
5210,3.877905081026256
5211,4.052330972626805
5212,3.708236967213452
5213,3.9098840206861496
5214,4.2570329969748855
5215,3.973550978116691
5216,4.106913926079869
5217,4.184313002042472
5218,4.139704047702253
5219,4.075677017681301
5220,4.323835950344801
5221,3.891685977578163
5222,3.744842018932104
5223,4.405249957926571
5224,4.421764053404331
5225,3.7768910406157374
5226,4.640719038434327
5227,4.0026850765571
5228,4.163441015407443
5229,4.013051046058536
5230,4.362505045719445
5231,3.86779906693846
5232,4.026651964522898
5233,4.2417499935254455
5234,5.432025995105505
5235,4.761872929520905
5236,4.991093999706209
5237,5.043823970481753
5238,4.230562946759164
5239,3.7649529986083508
5240,4.389354959130287
5241,4.155197995714843
5242,4.213626962155104
5243,4.410767927765846
5244,5.096795037388802
5245,6.014123093336821
5246,4.945783992297947
5247,4.4559669913724065
5248,4.7440670896321535
5249,4.515217966400087
5250,4.137881915085018
5251,4.283613990992308
5252,4.369185073301196
5253,4.017799044959247
5254,4.5318519696593285
5255,4.699319018982351
5256,5.318102077580988
5257,4.571713972836733
5258,4.3170449789613485
5259,3.845305065624416
5260,3.9050669874995947
5261,4.097701050341129
5262,3.9262990467250347
5263,4.077249905094504
5264,4.378178040497005
5265,4.204783006571233
5266,4.4165970757603645
5267,3.7308710161596537
5268,4.289614036679268
5269,4.450688953511417
5270,3.7892399122938514
5271,4.551713005639613
5272,3.6653110291808844
5273,4.208439029753208
5274,4.339198931120336
5275,4.152664914727211
5276,4.2785960249602795
5277,3.5723589826375246
5278,4.530970938503742
5279,4.119524033740163
5280,5.187303060665727
5281,4.403937957249582
5282,4.414794035255909
5283,4.4177679810673
5284,4.220829112455249
5285,3.7350370548665524
5286,3.579220036044717
5287,4.413282033056021
5288,4.5082769356667995
5289,4.214688902720809
5290,4.132743924856186
5291,4.714692011475563
5292,4.162189085036516
5293,4.239636939018965
5294,4.678667057305574
5295,4.352819989435375
5296,4.051419091410935
5297,4.453743924386799
5298,4.1277960408478975
5299,4.005879978649318
5300,4.712478956207633
5301,4.621770000085235
5302,3.8370529655367136
5303,4.381141974590719
5304,3.871144959703088
5305,4.077740013599396
5306,4.30594792123884
5307,4.353131051175296
5308,3.863633028231561
5309,4.789496073499322
5310,3.665762022137642
5311,4.448566003702581
5312,4.528176970779896
5313,4.46817500051111
5314,4.166244994848967
5315,4.439882002770901
5316,4.001102992333472
5317,4.596001002937555
5318,4.425260005518794
5319,4.424690036103129
5320,4.144020960666239
5321,3.9802510291337967
5322,4.486243007704616
5323,4.044738947413862
5324,3.888831939548254
5325,3.976795938797295
5326,4.565243958495557
5327,4.75360092241317
5328,4.477620008401573
5329,4.63764404412359
5330,4.246518015861511
5331,4.358569043688476
5332,4.768394050188363
5333,4.294650047086179
5334,4.328422015532851
5335,4.363535903394222
5336,5.273683927953243
5337,7.422131951898336
5338,5.642978008836508
5339,4.415556089952588
5340,4.276592982932925
5341,4.204983939416707
5342,4.857799969613552
5343,5.171659053303301
5344,5.187281989492476
5345,3.891516011208296
5346,3.6555760307237506
5347,3.4922759514302015
5348,3.5667710471898317
5349,4.62671706918627
5350,3.812204930000007
5351,4.596772021614015
5352,3.779844962991774
5353,4.558793967589736
5354,3.694906015880406
5355,4.354101954959333
5356,4.1414969600737095
5357,3.4671189496293664
5358,6.545393960550427
5359,3.9733710000291467
5360,4.439442069269717
5361,4.728853004053235
5362,4.746009013615549
5363,4.2385749984532595
5364,4.05186100397259
5365,4.058310994878411
5366,4.426491912454367
5367,4.044709959998727
5368,4.382704966701567
5369,4.140104982070625
5370,4.775653942488134
5371,4.167937091551721
5372,4.510029102675617
5373,4.257313907146454
5374,4.563441034406424
5375,4.256812972016633
5376,3.9899660041555762
5377,4.365017986856401
5378,4.199596005491912
5379,4.045129986479878
5380,4.4514399487525225
5381,4.273178055882454
5382,4.205015022307634
5383,4.864719929173589
5384,4.10083495080471
5385,4.237402928993106
5386,3.922743955627084
5387,3.830753033980727
5388,4.634508979506791
5389,5.725873983465135
5390,5.337952985428274
5391,5.304730962961912
5392,4.063058062456548
5393,4.366981098428369
5394,4.485712037421763
5395,4.289614036679268
5396,4.22159896697849
5397,4.0476840222254395
5398,4.143750993534923
5399,3.9580570301041007
5400,3.9780569495633245
5401,3.957536886446178
5402,3.649286925792694
5403,4.768463084474206
5404,4.662481020204723
5405,4.354992997832596
5406,3.9778180653229356
5407,3.874228917993605
5408,3.98550892714411
5409,4.113184055313468
5410,5.103183910250664
5411,4.439381067641079
5412,4.610161995515227
5413,4.188769031316042
5414,3.7826590705662966
5415,3.776561003178358
5416,4.379649995826185
5417,4.2775950860232115
5418,4.197982954792678
5419,4.270544042810798
5420,3.7695299834012985
5421,4.01277095079422
5422,4.969510016962886
5423,4.784056916832924
5424,5.067980964668095
5425,4.522919072769582
5426,4.550621029920876
5427,5.353907006792724
5428,4.685026011429727
5429,4.460463998839259
5430,4.944621934555471
5431,4.575329017825425
5432,6.555219064466655
5433,5.2092260448262095
5434,5.502943997271359
5435,4.815995926037431
5436,4.675261094234884
5437,5.503493943251669
5438,5.115021951496601
5439,5.360928014852107
5440,5.337891983799636
5441,4.170540953055024
5442,5.145058035850525
5443,5.023473058827221
5444,4.703743965364993
5445,3.8007880793884397
5446,4.330775933340192
5447,4.479082068428397
5448,4.059241036884487
5449,4.374283016659319
5450,3.788728965446353
5451,4.230953985825181
5452,5.113721010275185
5453,6.136909942142665
5454,5.4566930048167706
5455,4.371858900412917
5456,5.000347038730979
5457,4.72967408131808
5458,4.5630199601873755
5459,5.105608026497066
5460,5.201193038374186
5461,4.828194971196353
5462,5.491054966114461
5463,5.042040953412652
5464,4.9057729775086045
5465,4.697865922935307
5466,4.367852001450956
5467,4.998133983463049
5468,4.453463014215231
5469,4.69524203799665
5470,5.0511740846559405
5471,4.104250110685825
5472,4.922117106616497
5473,3.900549956597388
5474,4.262150963768363
5475,4.3255179189145565
5476,5.149835022166371
5477,4.656041972339153
5478,4.959754995070398
5479,4.399950965307653
5480,4.927956964820623
5481,4.4897079933434725
5482,4.778199014253914
5483,4.039781983010471
5484,4.3327989988029
5485,4.357908037491143
5486,4.8441990511491895
5487,4.256532993167639
5488,4.978584009222686
5489,5.147923016920686
5490,4.995419993065298
5491,4.611573996953666
5492,3.8657860131934285
5493,4.332779091782868
5494,5.015489994548261
5495,5.492107011377811
5496,4.947336972691119
5497,5.435070022940636
5498,5.05730404984206
5499,5.824274034239352
5500,4.925552988424897
5501,4.818440065719187
5502,5.3154079942032695
5503,4.879973013885319
5504,4.338007071055472
5505,5.562825012020767
5506,4.433052032254636
5507,5.018224008381367
5508,4.670092952437699
5509,4.317365936003625
5510,5.036251968704164
5511,4.682481987401843
5512,4.96428192127496
5513,4.6737989177927375
5514,5.121342022903264
5515,4.0532429702579975
5516,5.71090099401772
5517,5.098756984807551
5518,5.137525964528322
5519,6.097291014157236
5520,4.62709809653461
5521,4.620488034561276
5522,4.530409933067858
5523,5.1756249740719795
5524,4.503370029851794
5525,4.488075966946781
5526,4.3602209771052
5527,5.071035004220903
5528,5.007999017834663
5529,4.457778995856643
5530,4.402515012770891
5531,4.135747905820608
5532,3.4028399968519807
5533,3.8227910408750176
5534,4.119143006391823
5535,3.8401769706979394
5536,4.122818005271256
5537,3.6138020223006606
5538,4.811177961528301
5539,4.43243095651269
5540,3.962022950872779
5541,3.9981879526749253
5542,4.227007972076535
5543,5.036701913923025
5544,4.613847006112337
5545,4.521136055700481
5546,4.630833980627358
5547,3.967061056755483
5548,4.272095975466073
5549,4.701160942204297
5550,4.134836955927312
5551,3.824734012596309
5552,3.4496820298954844
5553,3.913678927347064
5554,4.343264969065785
5555,4.688321030698717
5556,4.708711989223957
5557,6.360911997035146
5558,4.004788002930582
5559,5.207012058235705
5560,4.866151954047382
5561,4.657123936340213
5562,5.515102064236999
5563,4.096659016795456
5564,4.5179210137575865
5565,4.257474094629288
5566,4.171142005361617
5567,5.203827982768416
5568,3.999930922873318
5569,5.215305020101368
5570,5.544206011109054
5571,5.553781054913998
5572,3.9357340428978205
5573,4.377826931886375
5574,3.6863420391455293
5575,4.240497946739197
5576,3.989876015111804
5577,3.9822340477257967
5578,4.228539997711778
5579,4.233907908201218
5580,4.86464099958539
5581,5.40494394954294
5582,4.5435510110110044
5583,4.178853938356042
5584,4.845191026106477
5585,4.090850008651614
5586,3.772613941691816
5587,4.599745967425406
5588,4.260118003003299
5589,4.171552951447666
5590,4.040532978251576
5591,5.092327948659658
5592,4.4301270972937346
5593,4.585523973219097
5594,4.300989909097552
5595,5.132118007168174
5596,5.312753957696259
5597,4.871541052125394
5598,4.918572027236223
5599,4.677383927628398
5600,4.890519892796874
5601,4.532353021204472
5602,4.732869099825621
5603,5.030342028476298
5604,4.411448957398534
5605,4.70387504901737
5606,4.17255493812263
5607,4.378839046694338
5608,4.0895979618653655
5609,4.11490595433861
5610,4.247638978995383
5611,4.633806995116174
5612,4.378919955343008
5613,4.625955014489591
5614,6.265667034313083
5615,3.9296640316024423
5616,5.266143009066582
5617,4.525162046775222
5618,4.455205053091049
5619,4.2705240193754435
5620,4.755223053507507
5621,4.353880998678505
5622,4.168809042312205
5623,4.4204420410096645
5624,4.094013944268227
5625,4.080433049239218
5626,3.6791220773011446
5627,3.8410790730267763
5628,3.8278879364952445
5629,4.232735955156386
5630,4.784947959706187
5631,4.734972026199102
5632,4.768303013406694
5633,3.9553430397063494
5634,4.859422100707889
5635,5.01328706741333
5636,5.841118982061744
5637,5.662536947056651
5638,4.327510949224234
5639,4.921076004393399
5640,4.2972739320248365
5641,4.597442923113704
5642,5.35555905662477
5643,5.0018500769510865
5644,5.705312010832131
5645,5.880399025045335
5646,4.688590997830033
5647,4.79796901345253
5648,4.788324004039168
5649,4.259267007000744
5650,4.435295006260276
5651,4.6236029593274
5652,4.051470081321895
5653,4.253547987900674
5654,4.567126045003533
5655,4.240368027240038
5656,3.734697005711496
5657,4.359859973192215
5658,4.597943043336272
5659,4.670162918046117
5660,4.336194018833339
5661,3.8843840593472123
5662,4.590971977449954
5663,4.385479027405381
5664,4.386671003885567
5665,5.4765340173617005
5666,5.666813114657998
5667,4.994377959519625
5668,4.747651983052492
5669,3.9753230521455407
5670,4.550241050310433
5671,4.935919074341655
5672,4.269783035852015
5673,5.0133769400417805
5674,4.726730054244399
5675,4.823877941817045
5676,4.366470035165548
5677,4.5586839551106095
5678,4.5874969800934196
5679,5.291651003062725
5680,4.105091909877956
5681,4.545914009213448
5682,5.7014370104298
5683,4.980055964551866
5684,4.6684310073032975
5685,4.88283799495548
5686,4.78349591139704
5687,4.120885976590216
5688,4.213716951198876
5689,4.28358290810138
5690,4.531010985374451
5691,4.2801989475265145
5692,3.630627994425595
5693,4.113012924790382
5694,4.291585995815694
5695,4.436496994458139
5696,4.438659991137683
5697,4.465041100047529
5698,4.313618992455304
5699,4.176820977590978
5700,4.501015995629132
5701,4.22182003967464
5702,4.0479040471836925
5703,3.8472189335152507
5704,4.369004047475755
5705,4.206435987725854
5706,3.923673997633159
5707,4.171442938968539
5708,3.914862056262791
5709,4.500383976846933
5710,4.189640050753951
5711,4.054254037328064
5712,4.0909500094130635
5713,3.6053090589120984
5714,4.226297023706138
5715,3.6228460958227515
5716,5.167873110622168
5717,4.728441941551864
5718,5.595044000074267
5719,5.684029893018305
5720,4.843848990276456
5721,4.806921002455056
5722,4.223772091791034
5723,4.712077905423939
5724,4.843718023039401
5725,5.234725074842572
5726,4.68089897185564
5727,4.196821013465524
5728,4.626677022315562
5729,4.378127981908619
5730,4.062416031956673
5731,4.357486963272095
5732,4.162639961577952
5733,4.08856594003737
5734,4.2022200068458915
5735,4.512452986091375
5736,4.130449960939586
5737,4.552784957922995
5738,4.601789056323469
5739,5.052507040090859
5740,4.233076935634017
5741,4.492211970500648
5742,4.508486948907375
5743,4.531571990810335
5744,5.424935021437705
5745,4.597993101924658
5746,4.309623967856169
5747,4.620527965016663
5748,5.057744914665818
5749,4.383315914310515
5750,4.408064065501094
5751,4.551692982204258
5752,4.274590057320893
5753,4.241739981807768
5754,4.809104953892529
5755,4.985674051567912
5756,4.081996041350067
5757,4.594738013111055
5758,3.948151948861778
5759,3.8550200406461954
5760,4.226706922054291
5761,4.128847038373351
5762,5.094371037557721
5763,4.475275985896587
5764,4.152323002927005
5765,4.20961098279804
5766,3.7639709189534187
5767,4.219155991449952
5768,5.1546619506552815
5769,4.3386779725551605
5770,4.322152934037149
5771,4.239676985889673
5772,4.391658934764564
5773,4.7686329344287515
5774,4.447775078006089
5775,4.56242891959846
5776,4.222300020046532
5777,4.137010080739856
5778,3.8871689466759562
5779,4.332729033194482
5780,4.237764049321413
5781,4.193746950477362
5782,3.840217017568648
5783,3.782940097153187
5784,3.9888349128887057
5785,5.064694909378886
5786,5.016090930439532
5787,4.041444975882769
5788,4.4981109676882625
5789,4.179595038294792
5790,4.058990976773202
5791,4.192083957605064
5792,3.786635003052652
5793,3.769528935663402
5794,3.966549993492663
5795,4.303223919123411
5796,3.5505759296938777
5797,4.01598506141454
5798,4.318866995163262
5799,4.220166942104697
5800,4.018579027615488
5801,4.038030048832297
5802,4.728883039206266
5803,5.2722119726240635
5804,4.869027063250542
5805,4.539454006589949
5806,4.218574962578714
5807,4.89064899738878
5808,4.04149410314858
5809,4.602859960868955
5810,4.674619995057583
5811,4.905392066575587
5812,4.783697077073157
5813,5.229196045547724
5814,4.2696320451796055
5815,4.4832880375906825
5816,4.603142035193741
5817,5.008178995922208
5818,4.382615094073117
5819,4.5106299221515656
5820,4.066823050379753
5821,4.407653002999723
5822,4.582891007885337
5823,4.653617972508073
5824,4.823156050406396
5825,4.3719980167225
5826,3.9585279300808907
5827,4.611012991517782
5828,4.822184913791716
5829,4.431940033100545
5830,4.337174934335053
5831,4.174566944129765
5832,4.153184941969812
5833,4.501995979808271
5834,3.963064053095877
5835,4.491230007261038
5836,3.9827548898756504
5837,3.509553032927215
5838,4.418830038048327
5839,4.395002964884043
5840,4.351836978457868
5841,4.693820024840534
5842,5.265080952085555
5843,4.134396091103554
5844,4.712768015451729
5845,4.811900085769594
5846,3.8599370745941997
5847,4.217131994664669
5848,4.327340051531792
5849,4.40271501429379
5850,4.49528603348881
5851,4.746760008856654
5852,4.208689089864492
5853,4.330405034124851
5854,5.193421966396272
5855,4.421064048074186
5856,4.784328048117459
5857,4.311866010539234
5858,4.283803980797529
5859,5.714567028917372
5860,5.162523942999542
5861,4.739269032143056
5862,4.499442991800606
5863,4.6690310118719935
5864,3.9988189237192273
5865,4.821473965421319
5866,4.147786996327341
5867,4.498611902818084
5868,4.1281660087406635
5869,5.069431965239346
5870,4.950111033394933
5871,4.453602945432067
5872,4.445369937457144
5873,5.628964980132878
5874,4.353501019068062
5875,4.2957920813933015
5876,4.724985919892788
5877,3.9496750105172396
5878,3.758232924155891
5879,4.184311954304576
5880,4.0843000169843435
5881,3.7502999184653163
5882,4.400482052005827
5883,4.550299956463277
5884,5.537977092899382
5885,5.099407979287207
5886,4.9327940214425325
5887,4.6923470217734575
5888,4.818469984456897
5889,4.20373200904578
5890,4.032221040688455
5891,3.9305249229073524
5892,4.728062078356743
5893,4.473523003980517
5894,4.312137025408447
5895,4.86327800899744
5896,4.681359976530075
5897,4.680578946135938
5898,4.5849529560655355
5899,4.328822018578649
5900,4.88255696836859
5901,4.54585300758481
5902,5.60773303732276
5903,5.267774919047952
5904,4.7301240265369415
5905,4.331336007453501
5906,4.357335972599685
5907,4.143108963035047
5908,4.5777029590681195
5909,4.265206051059067
5910,6.058822036720812
5911,5.616146023385227
5912,5.4365419782698154
5913,4.524099989794195
5914,4.852781072258949
5915,4.694289993494749
5916,5.198359023779631
5917,4.283113055862486
5918,4.606085945852101
5919,4.258945933543146
5920,4.676643060520291
5921,4.537991946563125
5922,4.175297915935516
5923,4.181317053735256
5924,4.2744900565594435
5925,4.301560926251113
5926,4.009897005744278
5927,4.247799050062895
5928,4.304855945520103
5929,4.253437975421548
5930,5.688176024705172
5931,4.985845065675676
5932,4.698776989243925
5933,3.768168040551245
5934,4.1527139255777
5935,4.141667042858899
5936,3.834267961792648
5937,3.889772924594581
5938,4.0243580006062984
5939,4.079471924342215
5940,3.548632957972586
5941,4.934396012686193
5942,4.068996990099549
5943,4.58761805202812
5944,4.910398973152041
5945,4.601698950864375
5946,4.421863937750459
5947,3.5984889836981893
5948,3.8526459829881787
5949,5.576024064794183
5950,4.541647038422525
5951,4.522647941485047
5952,4.319849074818194
5953,4.558162996545434
5954,4.2877490632236
5955,4.128957982175052
5956,3.5210000351071358
5957,3.422691021114588
5958,4.323714063502848
5959,3.8427619729191065
5960,3.84579598903656
5961,4.544170922599733
5962,4.088276065886021
5963,3.9623630000278354
5964,3.892116015776992
5965,3.677828935906291
5966,4.140525008551776
5967,4.35774598736316
5968,4.675691016018391
5969,4.219094989821315
5970,4.734731977805495
5971,4.430386936292052
5972,4.902457003481686
5973,5.252540926449001
5974,5.111816921271384
5975,4.542007925920188
5976,4.190881969407201
5977,4.337464924901724
5978,4.425278981216252
5979,4.205344012007117
5980,3.9840859826654196
5981,4.751496948301792
5982,4.306438961066306
5983,4.044008092023432
5984,4.000953049398959
5985,5.076984059996903
5986,4.669302026741207
5987,4.216401954181492
5988,4.038990009576082
5989,3.9577160496264696
5990,4.58376097958535
5991,4.342332947999239
5992,4.2021890403702855
5993,4.388884059153497
5994,3.6733829183503985
5995,4.514997010119259
5996,4.497730056755245
5997,4.325877991504967
5998,4.29338903632015
5999,3.8268660428002477
6000,3.604567958973348
6001,4.265677067451179
6002,4.3152919970452785
6003,4.510910017415881
6004,4.085320979356766
6005,4.131591063924134
6006,4.1376909939572215
6007,4.331917967647314
6008,3.6414440255612135
6009,5.227472982369363
6010,5.161663051694632
6011,4.751347005367279
6012,4.862756934016943
6013,4.928466980345547
6014,4.884189926087856
6015,4.2372430907562375
6016,4.782884963788092
6017,4.703623941168189
6018,5.118887987919152
6019,5.768037983216345
6020,5.526629043743014
6021,5.223417072556913
6022,5.171256954781711
6023,4.438629955984652
6024,4.6291199978441
6025,4.550000070594251
6026,5.1734610460698605
6027,4.846181022003293
6028,5.1091230707243085
6029,4.600738058798015
6030,4.27385896909982
6031,4.286468029022217
6032,4.577651969157159
6033,5.123244016431272
6034,4.582229070365429
6035,4.222480929456651
6036,4.4558459194377065
6037,4.744145087897778
6038,4.6109630493447185
6039,4.062396008521318
6040,4.817457986064255
6041,5.034959991462529
6042,4.987847991287708
6043,4.345057066529989
6044,5.119799054227769
6045,4.600937943905592
6046,4.416445968672633
6047,4.317053942941129
6048,4.83390293084085
6049,4.793270956724882
6050,4.104280029423535
6051,4.332458018325269
6052,4.865761031396687
6053,4.986546002328396
6054,5.058535025455058
6055,4.940105020068586
6056,4.877049010246992
6057,4.898731946013868
6058,4.881836008280516
6059,5.009741056710482
6060,5.317520932294428
6061,4.88131504971534
6062,4.697583965025842
6063,4.5150460209697485
6064,3.857394098304212
6065,4.446731996722519
6066,3.9536800468340516
6067,4.942408064380288
6068,4.4077730271965265
6069,4.586284980177879
6070,4.949939087964594
6071,4.318597028031945
6072,5.004051956348121
6073,4.47711895685643
6074,4.439421929419041
6075,4.346570000052452
6076,4.178983042947948
6077,5.250208079814911
6078,4.664916079491377
6079,4.713278030976653
6080,5.057284026406705
6081,4.181097028777003
6082,4.39132796600461
6083,5.602705990895629
6084,6.301060086116195
6085,4.637232981622219
6086,4.844388924539089
6087,5.067529040388763
6088,5.101180984638631
6089,5.094761028885841
6090,4.7702849842607975
6091,4.399891011416912
6092,4.60069696418941
6093,4.466842976398766
6094,5.119108012877405
6095,4.87041799351573
6096,4.386740969493985
6097,4.636020981706679
6098,4.032130003906786
6099,4.342934000305831
6100,5.071715917438269
6101,4.829305922612548
6102,4.954257048666477
6103,4.789395024999976
6104,4.9950480461120605
6105,4.836125997826457
6106,4.324084962718189
6107,4.445730010047555
6108,3.9486719761043787
6109,4.802895011380315
6110,5.191377946175635
6111,4.742633085697889
6112,5.068450001999736
6113,4.930279916152358
6114,4.3535910081118345
6115,4.643653053790331
6116,4.2201869655400515
6117,4.0286650182679296
6118,4.292486933991313
6119,4.103668965399265
6120,4.861533991061151
6121,4.864158923737705
6122,4.002134082838893
6123,5.078506073914468
6124,4.974266979843378
6125,3.950795973651111
6126,4.2541580041870475
6127,4.0933029958978295
6128,3.682316979393363
6129,4.801763920113444
6130,4.844518029130995
6131,4.213816951960325
6132,4.446562030352652
6133,4.071219940669835
6134,4.8465520376339555
6135,5.450102966278791
6136,4.526313976384699
6137,4.1981530375778675
6138,3.88063897844404
6139,4.19502891600132
6140,4.805609001778066
6141,4.156069015152752
6142,4.882986890152097
6143,3.8846349343657494
6144,4.749943967908621
6145,4.301861044950783
6146,4.774863016791642
6147,4.555989056825638
6148,4.85910102725029
6149,4.4911999721080065
6150,4.614167963154614
6151,4.804949043318629
6152,4.332809010520577
6153,4.100753925740719
6154,5.0548899453133345
6155,4.3671909952536225
6156,4.0664819534868
6157,4.013411933556199
6158,4.2061050189659
6159,4.009666037745774
6160,4.755002097226679
6161,4.22787806019187
6162,4.769655060954392
6163,4.018999985419214
6164,4.33398992754519
6165,4.2567719938233495
6166,4.038378945551813
6167,4.181087017059326
6168,4.642880987375975
6169,5.135271931067109
6170,4.295793012715876
6171,4.797777044586837
6172,3.8281679153442383
6173,4.225685028359294
6174,4.172382992692292
6175,4.402073915116489
6176,4.270302946679294
6177,4.085790948010981
6178,4.740050062537193
6179,4.3261280516162515
6180,4.343555076047778
6181,4.555588006041944
6182,4.844879964366555
6183,3.9034730289131403
6184,3.946820041164756
6185,4.114776034839451
6186,3.9751329459249973
6187,3.902241005562246
6188,4.065209999680519
6189,3.9375260239467025
6190,3.5766049986705184
6191,4.1151969926431775
6192,3.830331959761679
6193,4.145001992583275
6194,4.229620913974941
6195,4.713318892754614
6196,4.7235050005838275
6197,5.051834974437952
6198,4.056297009810805
6199,3.9772060699760914
6200,3.8377640303224325
6201,4.14667499717325
6202,4.065760993398726
6203,4.769033053889871
6204,3.953531035222113
6205,4.0445380145683885
6206,4.643081920221448
6207,4.557881969958544
6208,4.281481029465795
6209,4.584453068673611
6210,4.56785608548671
6211,4.396726028062403
6212,4.254428902640939
6213,4.021393950097263
6214,3.935903077945113
6215,5.158998072147369
6216,4.079331993125379
6217,5.269175977446139
6218,4.600276006385684
6219,4.734792048111558
6220,4.221108974888921
6221,4.618643899448216
6222,4.398558987304568
6223,4.400781937874854
6224,4.605383961461484
6225,4.917540936730802
6226,4.0198409697040915
6227,5.046927952207625
6228,5.24650199804455
6229,4.982738988474011
6230,4.192725056782365
6231,4.062886000610888
6232,4.490048973821104
6233,4.044228000566363
6234,4.301559994928539
6235,4.690233967266977
6236,4.991292953491211
6237,5.152979982085526
6238,4.815454944036901
6239,4.295260994695127
6240,4.369614995084703
6241,4.3572759022936225
6242,4.95347601827234
6243,5.9805819764733315
6244,4.723343998193741
6245,4.747711005620658
6246,4.732197965495288
6247,5.547180073335767
6248,4.763785982504487
6249,5.146029056049883
6250,5.4652049439027905
6251,4.43457392975688
6252,4.821844049729407
6253,4.810467013157904
6254,4.75428206846118
6255,4.9068230437114835
6256,4.732567933388054
6257,4.993455950170755
6258,5.104074953123927
6259,4.275070037692785
6260,4.521536990068853
6261,4.31993801612407
6262,4.928897018544376
6263,4.835364990867674
6264,4.775453940965235
6265,4.282922949641943
6266,4.746388993225992
6267,4.560115048661828
6268,4.700027988292277
6269,4.788242978975177
6270,4.783104988746345
6271,4.945582943037152
6272,4.913704004138708
6273,4.734050016850233
6274,3.984938026405871
6275,4.410385969094932
6276,4.491420928388834
6277,4.555377061478794
6278,4.57174307666719
6279,4.128537024371326
6280,4.050798015668988
6281,4.078870988450944
6282,4.694389994256198
6283,4.297593957744539
6284,4.303424037061632
6285,4.334541037678719
6286,4.202759941108525
6287,3.8409080589190125
6288,4.487224039621651
6289,4.218164016492665
6290,4.9030379159376025
6291,3.9025719743222
6292,4.247008007951081
6293,3.883022000081837
6294,3.8724869955331087
6295,4.17420594021678
6296,4.362012026831508
6297,3.8947309367358685
6298,3.4751000348478556
6299,4.486142075620592
6300,4.4481640215963125
6301,3.6675339797511697
6302,4.663161933422089
6303,4.483407945372164
6304,4.35620395001024
6305,4.636141005903482
6306,4.904290079139173
6307,5.585569073446095
6308,4.424838931299746
6309,4.3806410394608974
6310,4.622719949111342
6311,4.6111930860206485
6312,4.03570500202477
6313,5.147010087966919
6314,5.007707979530096
6315,4.881214932538569
6316,4.591783974319696
6317,3.791391965933144
6318,4.455244983546436
6319,4.134696093387902
6320,4.159913980402052
6321,3.7109788972884417
6322,3.364470903761685
6323,4.270272911526263
6324,3.961322014220059
6325,4.150731023401022
6326,3.803450963459909
6327,3.5401690984144807
6328,4.5559590216726065
6329,4.078299971297383
6330,3.803530940786004
6331,4.024558002129197
6332,4.0174981113523245
6333,4.182959906756878
6334,3.8285889895632863
6335,3.7806660402566195
6336,4.119473043829203
6337,3.670597914606333
6338,4.128426895476878
6339,3.8184839067980647
6340,3.7169390125200152
6341,3.8426100509241223
6342,4.093213006854057
6343,3.690598998218775
6344,4.190181032754481
6345,4.122948972508311
6346,4.291584948077798
6347,3.9428729796782136
6348,5.015039001591504
6349,4.6174220042303205
6350,3.9071489591151476
6351,4.769944935105741
6352,4.617573111318052
6353,4.268861026503146
6354,4.341001040302217
6355,4.858018946833909
6356,4.3490329990163445
6357,4.494425025768578
6358,3.6079130368307233
6359,4.033311037346721
6360,3.6922310246154666
6361,3.8067360874265432
6362,3.9249759865924716
6363,4.425468971021473
6364,3.771211951971054
6365,4.0447990177199244
6366,3.9673110004514456
6367,3.8401669589802623
6368,4.131361027248204
6369,4.129097913391888
6370,4.073703079484403
6371,4.269702942110598
6372,3.968192031607032
6373,3.855530987493694
6374,4.185984027571976
6375,4.0973389986902475
6376,3.747335053049028
6377,3.715567057952285
6378,4.368794034235179
6379,4.218343994580209
6380,4.624383058398962
6381,4.256763029843569
6382,4.121445934288204
6383,3.5730089293792844
6384,3.9808410219848156
6385,3.9007290033623576
6386,3.6800230154767632
6387,3.9665489457547665
6388,4.343103966675699
6389,4.254327970556915
6390,4.227597964927554
6391,4.305946989916265
6392,4.376525059342384
6393,4.234798019751906
6394,4.45261097047478
6395,4.262750968337059
6396,4.015604965388775
6397,5.113127990625799
6398,4.379630088806152
6399,4.1269040666520596
6400,3.6578680155798793
6401,4.088456043973565
6402,4.0727409068495035
6403,4.018748993985355
6404,3.9441760163754225
6405,4.106943961232901
6406,4.227216937579215
6407,3.6716299364343286
6408,4.333088989369571
6409,3.946339013054967
6410,4.031217889860272
6411,3.917495021596551
6412,3.6128199426457286
6413,5.202314932830632
6414,6.566414958797395
6415,5.4304220248013735
6416,4.582479014061391
6417,5.318881943821907
6418,5.403021001257002
6419,4.389774985611439
6420,4.613436060026288
6421,4.696983960457146
6422,4.3794900411739945
6423,4.479961935430765
6424,4.300207947380841
6425,4.673768999055028
6426,4.193236003629863
6427,4.693528986535966
6428,4.351316019892693
6429,4.602569970302284
6430,4.119492950849235
6431,4.637012025341392
6432,4.233887069858611
6433,4.0457299910485744
6434,4.36078105121851
6435,4.077118006534874
6436,4.150529974140227
6437,4.268108983524144
6438,4.2727559339255095
6439,4.67287702485919
6440,4.395814961753786
6441,5.744922091253102
6442,4.692106042057276
6443,4.952382994815707
6444,4.196219961158931
6445,4.16265893727541
6446,4.230962949804962
6447,4.387021064758301
6448,3.569433931261301
6449,3.416420891880989
6450,4.225725075230002
6451,3.9212609408423305
6452,4.28141001611948
6453,4.258114960975945
6454,4.4671830255538225
6455,4.3742910493165255
6456,4.237161949276924
6457,5.176485050469637
6458,5.023631965741515
6459,4.787361947819591
6460,4.586154944263399
6461,4.427663050591946
6462,4.441944998688996
6463,3.683408023789525
6464,3.781576990149915
6465,4.644032916985452
6466,4.4134409399703145
6467,4.146303981542587
6468,4.067984991706908
6469,4.793521016836166
6470,3.978708991780877
6471,5.011282977648079
6472,4.90876694675535
6473,5.079517024569213
6474,5.17367001157254
6475,4.307099035941064
6476,4.23349707853049
6477,4.773120046593249
6478,4.712578025646508
6479,4.487623926252127
6480,4.070639028213918
6481,4.7414719592779875
6482,4.381773062050343
6483,4.563129041343927
6484,5.105116055347025
6485,4.801362985745072
6486,4.895846941508353
6487,4.057068028487265
6488,3.642756026238203
6489,4.3575860327109694
6490,4.770906060002744
6491,4.592665005475283
6492,4.7831760020926595
6493,3.8284389302134514
6494,4.449095926247537
6495,4.312376957386732
6496,4.402273916639388
6497,4.471009015105665
6498,4.822774906642735
6499,4.116247990168631
6500,4.728030995465815
6501,4.740050062537193
6502,3.70717397890985
6503,4.025670001283288
6504,4.480754025280476
6505,4.2834230698645115
6506,4.364916938357055
6507,4.312537959776819
6508,3.670237958431244
6509,4.197511007077992
6510,4.816305008716881
6511,4.229040001519024
6512,4.033772042021155
6513,4.065601038746536
6514,4.442114965058863
6515,4.32577810715884
6516,4.689732915721834
6517,4.359007929451764
6518,4.568548058159649
6519,4.375542979687452
6520,4.236070089973509
6521,3.509020898491144
6522,4.725156934000552
6523,4.332658019848168
6524,3.9438949897885323
6525,3.903522971086204
6526,4.548566997982562
6527,3.770019975490868
6528,4.1233389638364315
6529,4.848084063269198
6530,4.271905054338276
6531,4.646737012080848
6532,4.295600927434862
6533,4.3852380476891994
6534,4.158282070420682
6535,4.328601993620396
6536,4.543569986708462
6537,3.9132790407165885
6538,4.498050082474947
6539,4.444929072633386
6540,4.210312035866082
6541,4.100834019482136
6542,4.8061099369078875
6543,4.107735003344715
6544,4.740350064821541
6545,4.355723038315773
6546,4.673097049817443
6547,4.837999003939331
6548,5.088450037874281
6549,4.372549010440707
6550,4.35253803152591
6551,4.32136096060276
6552,4.662771010771394
6553,4.153523943386972
6554,3.7515020230785012
6555,4.901726031675935
6556,4.553525010123849
6557,4.645696026273072
6558,4.380391095764935
6559,4.267267999239266
6560,4.165372927673161
6561,3.979989909566939
6562,3.6479239352047443
6563,4.33823699131608
6564,3.899357048794627
6565,3.605540026910603
6566,4.738476942293346
6567,5.478225066326559
6568,5.054528941400349
6569,5.567822023294866
6570,4.8706489615142345
6571,4.754820954985917
6572,4.1999759851023555
6573,4.194498062133789
6574,4.719988093711436
6575,4.156550043262541
6576,4.640997969545424
6577,4.954587086103857
6578,4.8914710059762
6579,4.3633339228108525
6580,4.997842013835907
6581,5.312521941959858
6582,5.486217909492552
6583,4.5105889439582825
6584,4.01782791595906
6585,4.716854076832533
6586,4.13140095770359
6587,4.119712975807488
6588,5.095992004498839
6589,4.558532033115625
6590,3.570274915546179
6591,4.303312976844609
6592,4.128687083721161
6593,3.988733049482107
6594,4.039881052449346
6595,4.043536959215999
6596,5.956094013527036
6597,5.0263459561392665
6598,4.217903013341129
6599,4.389513982459903
6600,4.914154997095466
6601,5.073228036053479
6602,4.334149998612702
6603,4.6115630539134145
6604,4.398739081807435
6605,4.578263033181429
6606,4.89087903406471
6607,4.109967965632677
6608,4.726669052615762
6609,4.110038047656417
6610,3.7851230008527637
6611,4.161286982707679
6612,4.148487001657486
6613,4.232995910570025
6614,5.423621041700244
6615,4.374462063424289
6616,4.886763053946197
6617,4.7139800153672695
6618,4.838860011659563
6619,4.249550984241068
6620,5.342017044313252
6621,5.005604005418718
6622,4.577691084705293
6623,4.275590996257961
6624,4.209710052236915
6625,4.305697046220303
6626,4.619634943082929
6627,4.245464922860265
6628,4.684665007516742
6629,4.479342023842037
6630,4.223220981657505
6631,4.5606649946421385
6632,4.263431997969747
6633,4.781692987307906
6634,4.54502203501761
6635,4.782614065334201
6636,3.9760740473866463
6637,4.970130976289511
6638,4.459011019207537
6639,4.659386933781207
6640,4.518772009760141
6641,3.938517067581415
6642,4.697543918155134
6643,4.535076091997325
6644,4.099752986803651
6645,4.3092030100524426
6646,4.165032063610852
6647,4.358837963081896
6648,3.807637025602162
6649,4.085841006599367
6650,4.099742043763399
6651,4.326137946918607
6652,4.314510035328567
6653,3.958137007430196
6654,4.170781001448631
6655,5.259582074359059
6656,4.996330011636019
6657,4.732997971586883
6658,4.3757540406659245
6659,4.98772703576833
6660,4.503198084421456
6661,4.387892899103463
6662,4.152523004449904
6663,4.59811300970614
6664,3.6107070045545697
6665,4.764485987834632
6666,4.968227935023606
6667,4.056005971506238
6668,4.649501061066985
6669,4.919192986562848
6670,4.7668799525126815
6671,4.475896945223212
6672,4.207437043078244
6673,4.326537949964404
6674,4.1426579700782895
6675,4.010788048617542
6676,4.22283005900681
6677,4.244343959726393
6678,4.336243961006403
6679,5.24451897945255
6680,5.343270022422075
6681,5.31494605820626
6682,4.507946083322167
6683,4.4426750391721725
6684,3.9907959289848804
6685,4.957360913977027
6686,4.190361010842025
6687,4.2131959926337
6688,4.590591066516936
6689,4.670302965678275
6690,3.996675950475037
6691,4.407892003655434
6692,4.8305169912055135
6693,4.201808013021946
6694,3.6507180193439126
6695,4.5188210206106305
6696,4.36567806173116
6697,4.665225045755506
6698,4.938411060720682
6699,3.6888261092826724
6700,4.583059926517308
6701,4.637773032300174
6702,4.174116067588329
6703,4.355011973530054
6704,4.913965007290244
6705,5.336408969014883
6706,4.848493961617351
6707,4.138352000154555
6708,4.535327083431184
6709,4.302400979213417
6710,4.152233013883233
6711,4.857057007029653
6712,4.730373970232904
6713,5.282337078824639
6714,4.44410799536854
6715,4.289300995878875
6716,4.480613977648318
6717,4.13466605823487
6718,5.1896750228479505
6719,4.896186990663409
6720,4.693127004429698
6721,4.688220098614693
6722,5.062581039965153
6723,4.598723957315087
6724,4.428363055922091
6725,3.89141496270895
6726,4.6382739674299955
6727,4.137509968131781
6728,5.589314037933946
6729,4.404356935992837
6730,4.03567508328706
6731,3.8195349043235183
6732,4.065691027790308
6733,4.2727260151878
6734,4.14423004258424
6735,4.135205992497504
6736,3.5379260079935193
6737,3.5362630151212215
6738,4.19175298884511
6739,3.9688129909336567
6740,3.855561022646725
6741,6.287188967689872
6742,5.490863928571343
6743,4.98791690915823
6744,4.1209550108760595
6745,3.5855480236932635
6746,4.6657450729981065
6747,4.470708081498742
6748,3.953648963943124
6749,3.8678889395669103
6750,3.8243719609454274
6751,4.895997000858188
6752,3.763900022022426
6753,3.999810083769262
6754,4.403986968100071
6755,4.741732031106949
6756,4.08895593136549
6757,4.614117089658976
6758,3.588752937503159
6759,3.607081947848201
6760,4.713097936473787
6761,4.540995927527547
6762,4.363514948636293
6763,4.11820993758738
6764,3.9191979449242353
6765,4.263062030076981
6766,5.585217964835465
6767,5.382869974710047
6768,5.097635090351105
6769,6.215439992956817
6770,4.716453026048839
6771,4.620496998541057
6772,4.721911973319948
6773,4.390266025438905
6774,4.317625076510012
6775,5.048268940299749
6776,5.506557994522154
6777,5.360966082662344
6778,4.704404971562326
6779,3.500008024275303
6780,4.896458005532622
6781,4.493103013373911
6782,5.240331985987723
6783,4.01707598939538
6784,4.466891987249255
6785,5.156213999725878
6786,4.249360994435847
6787,3.694945015013218
6788,5.071133957244456
6789,4.508254933170974
6790,5.1330780843272805
6791,5.005314014852047
6792,4.996550036594272
6793,4.760910989716649
6794,5.32909797038883
6795,5.205538938753307
6796,5.189314018934965
6797,4.5964710880070925
6798,4.479281953535974
6799,4.139392985962331
6800,4.453260917216539
6801,4.1524829575791955
6802,4.363956046290696
6803,4.381251987069845
6804,4.623621003702283
6805,4.590702010318637
6806,4.414082039147615
6807,3.904905985109508
6808,4.298746003769338
6809,4.305546986870468
6810,4.644692991860211
6811,4.773869994096458
6812,4.2526660254225135
6813,3.868510015308857
6814,4.404537030495703
6815,4.248379031196237
6816,3.958276938647032
6817,3.8389149121940136
6818,4.679246107116342
6819,3.844873048365116
6820,4.569087992422283
6821,4.567705909721553
6822,4.064769018441439
6823,4.377476056106389
6824,3.7556769093498588
6825,4.489717073738575
6826,4.233796964399517
6827,4.2023289715871215
6828,4.655269091017544
6829,4.89931192714721
6830,4.305366077460349
6831,4.671214031986892
6832,4.116178024560213
6833,4.712427034974098
6834,3.9294729940593243
6835,4.415853996761143
6836,5.3370100213214755
6837,4.54198697116226
6838,4.527874989435077
6839,4.390156012959778
6840,4.7408100217580795
6841,3.770250012166798
6842,4.961677943356335
6843,4.2182039469480515
6844,4.86539991106838
6845,3.725141054019332
6846,4.073892952874303
6847,4.175457987003028
6848,4.962357925251126
6849,4.956159042194486
6850,5.977827007882297
6851,4.914775025099516
6852,3.97029600571841
6853,3.6068300250917673
6854,3.9686730597168207
6855,4.328342038206756
6856,4.60662494879216
6857,4.0535531006753445
6858,5.167932016775012
6859,4.7748120268806815
6860,4.122768063098192
6861,4.971190937794745
6862,4.077088087797165
6863,4.145572078414261
6864,4.739217925816774
6865,4.254037979990244
6866,4.150470020249486
6867,4.197290982119739
6868,3.951917984522879
6869,4.750624997541308
6870,4.872280056588352
6871,4.348040907643735
6872,3.9960150606930256
6873,5.055901012383401
6874,5.6940639624372125
6875,5.529533023945987
6876,5.5202890653163195
6877,4.68501599971205
6878,5.243386956863105
6879,4.7439150512218475
6880,4.640287021175027
6881,5.137405009008944
6882,4.903619061224163
6883,4.570932011120021
6884,4.2952909134328365
6885,3.864263999275863
6886,4.004167043603957
6887,4.163390025496483
6888,4.259687033481896
6889,3.57205793261528
6890,4.503628937527537
6891,4.619435057975352
6892,4.08227602019906
6893,5.145717994309962
6894,4.490387975238264
6895,4.168546991422772
6896,4.132753005251288
6897,5.0357700092718005
6898,4.3983879731968045
6899,4.66242094989866
6900,4.289300995878875
6901,4.584181006066501
6902,4.041634034365416
6903,4.83689596876502
6904,4.42438805475831
6905,4.406519932672381
6906,4.275699960999191
6907,4.899653024040163
6908,4.364616936072707
6909,4.418189055286348
6910,4.272416001185775
6911,4.866120987571776
6912,5.052634980529547
6913,4.486622987315059
6914,4.679057048633695
6915,4.615189041942358
6916,4.643050953745842
6917,4.886512993834913
6918,4.472821950912476
6919,5.42509404476732
6920,4.516207962296903
6921,4.754381021484733
6922,4.28416405338794
6923,3.966368967667222
6924,5.174522055312991
6925,3.953850013203919
6926,4.011578042991459
6927,4.049646086059511
6928,3.94527695607394
6929,3.6613940028473735
6930,4.226276068948209
6931,4.25172399263829
6932,4.627718008123338
6933,3.9698450127616525
6934,4.100844031199813
6935,3.989534918218851
6936,4.633547039702535
6937,3.353644977323711
6938,4.601447028107941
6939,4.368502995930612
6940,4.730614018626511
6941,4.990191082470119
6942,4.777786904014647
6943,4.182658973149955
6944,4.1649919003248215
6945,4.822033923119307
6946,3.7479050224646926
6947,4.1230779606848955
6948,4.6788559993728995
6949,4.199324990622699
6950,4.613104974851012
6951,4.214438027702272
6952,4.422433907166123
6953,4.793931031599641
6954,4.770435974933207
6955,5.1027219742536545
6956,4.800360999070108
6957,3.7566290702670813
6958,4.807010991498828
6959,5.34415990114212
6960,4.642921034246683
6961,4.234859021380544
6962,4.721579956822097
6963,5.0398060120642185
6964,4.06099297106266
6965,4.304124042391777
6966,3.5579859977588058
6967,4.746528924442828
6968,5.064333090558648
6969,5.24507905356586
6970,4.97935398016125
6971,4.52219694852829
6972,5.10758999735117
6973,4.748482024297118
6974,4.829554934985936
6975,4.176690010353923
6976,4.345837980508804
6977,5.46558597125113
6978,4.590501077473164
6979,4.079801961779594
6980,4.151941975578666
6981,4.157049930654466
6982,4.310364020057023
6983,4.308640956878662
6984,4.332527983933687
6985,3.934359992854297
6986,4.208288039080799
6987,3.7328529870137572
6988,4.114344017580152
6989,3.9833250921219587
6990,3.505675937049091
6991,4.651533905416727
6992,4.352438030764461
6993,3.9763839449733496
6994,3.839045064523816
6995,3.870712942443788
6996,4.0338520193472505
6997,4.486192017793655
6998,5.159309017471969
6999,4.738347022794187
7000,4.362212959676981
7001,4.112592083401978
7002,4.3036730494350195
7003,4.659386002458632
7004,3.7354970118030906
7005,4.490036983042955
7006,4.735552007332444
7007,4.668630077503622
7008,4.579033004119992
7009,3.869110019877553
7010,4.1676959954202175
7011,4.153804969973862
7012,5.196115002036095
7013,4.63105202652514
7014,4.663301981054246
7015,4.927975009195507
7016,4.118732060305774
7017,4.143237951211631
7018,4.423336940817535
7019,4.051319090649486
7020,4.213877022266388
7021,4.4642179273068905
7022,4.076457000337541
7023,3.5911269951611757
7024,3.685840987600386
7025,4.449294996447861
7026,4.23535006120801
7027,4.020801978185773
7028,3.7636200431734324
7029,4.022464039735496
7030,5.125656956806779
7031,4.767581005580723
7032,4.968547960743308
7033,4.004767048172653
7034,4.8506980529055
7035,4.737564944662154
7036,5.081960000097752
7037,4.292255965992808
7038,5.079376976937056
7039,4.289912059903145
7040,4.427401931025088
7041,5.279532051645219
7042,4.972112947143614
7043,4.567955969832838
7044,4.121175035834312
7045,4.035625024698675
7046,3.7805160973221064
7047,4.1421669302508235
7048,3.6660010227933526
7049,3.8690209621563554
7050,3.8644239539280534
7051,4.1284660110250115
7052,4.1012250585481524
7053,4.265806055627763
7054,4.587487084791064
7055,4.101825994439423
7056,4.238323075696826
7057,4.072390962392092
7058,4.523528972640634
7059,4.303293069824576
7060,3.9580260636284947
7061,3.4400969743728638
7062,3.9742609951645136
7063,3.8871780270710588
7064,3.4854960395023227
7065,4.741830984130502
7066,4.330964991822839
7067,4.003925947472453
7068,4.229429992847145
7069,4.167214967310429
7070,3.8378930184990168
7071,3.9515969110652804
7072,4.00867301505059
7073,4.233586019836366
7074,3.999299951829016
7075,4.251964041031897
7076,4.250912927091122
7077,3.928610938601196
7078,3.854447975754738
7079,3.6825559800490737
7080,4.4532110914587975
7081,4.568618023768067
7082,4.080803948454559
7083,3.9746720576658845
7084,3.876872011460364
7085,3.9590270025655627
7086,3.909622086212039
7087,3.8531069876626134
7088,3.8306120550259948
7089,3.805754007771611
7090,3.9469191106036305
7091,3.4583149245008826
7092,4.380259895697236
7093,4.261209047399461
7094,5.012533976696432
7095,4.339698003605008
7096,4.456856986507773
7097,3.906516940332949
7098,4.232393926940858
7099,4.1412850841879845
7100,3.8142669945955276
7101,3.7439099978655577
7102,3.963193972595036
7103,3.7390029756352305
7104,4.007051000371575
7105,4.194687004201114
7106,3.933869069442153
7107,3.567290026694536
7108,3.6058489931747317
7109,3.676497028209269
7110,4.072731011547148
7111,4.056968027725816
7112,3.804171923547983
7113,5.5748820304870605
7114,4.983771010302007
7115,4.273217055015266
7116,3.929672995582223
7117,4.809885984286666
7118,4.266535979695618
7119,4.040230996906757
7120,3.9317960618063807
7121,4.893323057331145
7122,4.3180560460314155
7123,4.120283992961049
7124,3.848669002763927
7125,3.944596042856574
7126,4.0085529908537865
7127,3.9339899085462093
7128,4.206715035252273
7129,4.146593972109258
7130,3.436551080085337
7131,4.315541009418666
7132,4.238364053890109
7133,4.029505071230233
7134,3.8312129909172654
7135,3.582684090360999
7136,4.064518958330154
7137,4.166634986177087
7138,3.9916380774229765
7139,3.7868249928578734
7140,3.6319789942353964
7141,4.3600499629974365
7142,4.678084049373865
7143,6.5466639352962375
7144,4.00307506788522
7145,4.633347038179636
7146,3.981041954830289
7147,4.338887054473162
7148,4.626095062121749
7149,4.230272024869919
7150,4.018408013507724
7151,4.440812976099551
7152,4.304173984564841
7153,4.668790032155812
7154,4.443816957063973
7155,5.064864060841501
7156,4.853192018344998
7157,4.51479502953589
7158,3.5250160144641995
7159,3.9558729622513056
7160,3.9906660094857216
7161,4.01256897021085
7162,4.2906239395961165
7163,3.966839984059334
7164,4.060182021930814
7165,4.3340499978512526
7166,4.523829906247556
7167,4.128325963392854
7168,4.739298019558191
7169,4.312327015213668
7170,4.878751002252102
7171,4.905440961010754
7172,4.260818008333445
7173,4.2142269667238
7174,4.320618929341435
7175,3.792974050156772
7176,4.28876094520092
7177,4.095555981621146
7178,4.411326954141259
7179,4.111289978027344
7180,4.248608951456845
7181,4.273075959645212
7182,3.642383962869644
7183,3.8319239392876625
7184,4.37875697389245
7185,3.4606679109856486
7186,3.955972963012755
7187,4.406108986586332
7188,4.350966075435281
7189,3.958437009714544
7190,3.947199904359877
7191,4.022715031169355
7192,4.13163099437952
7193,4.004457034170628
7194,3.5254369722679257
7195,4.327639937400818
7196,3.9216410368680954
7197,4.104620078578591
7198,3.995432984083891
7199,4.102595965377986
7200,3.4815690014511347
7201,4.107002983801067
7202,3.877052920870483
7203,4.617001046426594
7204,4.455854999832809
7205,4.403225029818714
7206,4.104048013687134
7207,4.213375970721245
7208,5.3046089597046375
7209,4.480903036892414
7210,4.300708998925984
7211,4.4975889613851905
7212,4.5618569711223245
7213,4.292135941796005
7214,4.645915003493428
7215,4.218954010866582
7216,3.8162899436429143
7217,3.864633967168629
7218,4.491409054026008
7219,4.039771039970219
7220,4.202077980153263
7221,3.726082039065659
7222,4.051689058542252
7223,4.249980906024575
7224,4.386579035781324
7225,4.074094002135098
7226,4.152532899752259
7227,4.3140590423718095
7228,4.589790012687445
7229,4.128296044655144
7230,4.323894041590393
7231,4.178363014943898
7232,4.105890984646976
7233,4.192452994175255
7234,3.6141619784757495
7235,4.330754047259688
7236,4.888986004516482
7237,3.578847972676158
7238,4.260557936504483
7239,3.7616569316014647
7240,5.519527941942215
7241,4.42305498290807
7242,4.302851972170174
7243,4.881525062955916
7244,4.480653093196452
7245,4.208658006973565
7246,5.312200984917581
7247,3.8448040140792727
7248,4.3723080307245255
7249,4.261760041117668
7250,4.677232936955988
7251,4.385699052363634
7252,3.9600590243935585
7253,4.386869957670569
7254,4.126202897168696
7255,4.34117007534951
7256,4.543859977275133
7257,4.288330092094839
7258,4.179202951490879
7259,3.965097013860941
7260,3.9562740130349994
7261,4.250301979482174
7262,4.267137963324785
7263,4.650763003155589
7264,4.063936998136342
7265,4.057268030010164
7266,3.9051059866324067
7267,3.927218960598111
7268,3.8157490780577064
7269,4.036325961351395
7270,4.738045972771943
7271,4.083208041265607
7272,4.698456032201648
7273,4.147235071286559
7274,3.964486066251993
7275,4.014912992715836
7276,4.015943966805935
7277,4.1374999564141035
7278,4.601286957040429
7279,4.69788396731019
7280,5.064021912403405
7281,4.716322058811784
7282,4.499963019043207
7283,4.899812047369778
7284,4.667658009566367
7285,4.521614988334477
7286,4.1314109694212675
7287,4.217330948449671
7288,4.016294959001243
7289,4.228328005410731
7290,4.134584916755557
7291,4.231843980960548
7292,4.046840942464769
7293,3.9551720255985856
7294,4.009313997812569
7295,4.435143084265292
7296,4.318636027164757
7297,4.223981988616288
7298,3.761927946470678
7299,4.522286937572062
7300,4.787961952388287
7301,4.801543080247939
7302,4.354570992290974
7303,4.449474974535406
7304,4.544509924016893
7305,4.144881037063897
7306,5.104603944346309
7307,4.457617993466556
7308,4.20342106372118
7309,4.5861940598115325
7310,4.424566985107958
7311,4.191352054476738
7312,4.494694992899895
7313,4.4228649931028485
7314,4.669971996918321
7315,4.301599925383925
7316,4.444717895239592
7317,4.006540053524077
7318,4.014963051304221
7319,5.058554001152515
7320,4.101343918591738
7321,3.6953060189262033
7322,4.525842028670013
7323,4.487653961405158
7324,4.141867044381797
7325,4.123989026993513
7326,4.633996984921396
7327,4.303953959606588
7328,5.20039105322212
7329,4.714300041086972
7330,4.568447009660304
7331,3.917093970812857
7332,4.387230961583555
7333,4.415182978846133
7334,5.116804037243128
7335,4.496176959946752
7336,4.475936060771346
7337,4.382402985356748
7338,4.453402012586594
7339,4.190059960819781
7340,5.220351042225957
7341,3.8993469206616282
7342,4.261238034814596
7343,4.294708953239024
7344,3.6139520816504955
7345,4.89877094514668
7346,4.296071012504399
7347,4.110288922674954
7348,4.109367029741406
7349,3.4251739270985126
7350,3.8439020281657577
7351,3.7891980027779937
7352,4.336604033596814
7353,3.8641729624941945
7354,4.250522004440427
7355,3.993400023318827
7356,4.074863973073661
7357,4.593334975652397
7358,3.9970759535208344
7359,3.8557499647140503
7360,4.538231063634157
7361,3.6430449690669775
7362,4.1519219521433115
7363,3.892565960995853
7364,3.9909270126372576
7365,4.139543045312166
7366,3.971536993049085
7367,4.404105944558978
7368,4.3800100684165955
7369,3.890673047862947
7370,4.90877591073513
7371,4.052079049870372
7372,3.758672042749822
7373,5.00479293987155
7374,3.974081017076969
7375,4.798116977326572
7376,4.177161026746035
7377,5.184557056054473
7378,5.618308088742197
7379,4.809645004570484
7380,4.445959930308163
7381,4.396815900690854
7382,4.449976026080549
7383,4.449635976925492
7384,3.9958039997145534
7385,4.356844932772219
7386,4.792309016920626
7387,4.430687054991722
7388,4.2490699561312795
7389,4.915516939945519
7390,4.504368989728391
7391,4.014802980236709
7392,4.274739068932831
7393,4.441894008778036
7394,4.113503033295274
7395,4.415252944454551
7396,4.0106059750542045
7397,4.086391068994999
7398,3.7725430447608232
7399,4.175356938503683
7400,4.1496880585327744
7401,3.7767000030726194
7402,70.02397696487606
7403,4.749151994474232
7404,4.221338080242276
7405,4.162777913734317
7406,3.5800200421363115
7407,4.91884199436754
7408,4.138040007092059
7409,3.955062013119459
7410,4.807661985978484
7411,4.1397130116820335
7412,4.481154028326273
7413,4.370324895717204
7414,3.771311021409929
7415,3.7316010566428304
7416,4.122306942008436
7417,4.196199937723577
7418,4.573444020934403
7419,4.19182307086885
7420,5.33484504558146
7421,5.792623967863619
7422,4.569599055685103
7423,4.4855710584670305
7424,4.225022974424064
7425,5.021317047066987
7426,4.229561076499522
7427,4.821432987228036
7428,3.8956410717219114
7429,4.986735060811043
7430,4.043326945975423
7431,4.91939194034785
7432,4.966925014741719
7433,4.6452340902760625
7434,4.735121037811041
7435,5.105365999042988
7436,4.167424980551004
7437,5.33214199822396
7438,4.785527940839529
7439,5.313131958246231
7440,4.763384000398219
7441,5.153218982741237
7442,3.92793002538383
7443,4.391376976855099
7444,4.349373048171401
7445,4.282119916751981
7446,4.073763033375144
7447,4.154675989411771
7448,4.581145942211151
7449,3.9360219379886985
7450,5.016990005970001
7451,4.4738020515069366
7452,4.379778984002769
7453,4.061503917910159
7454,3.9824940031394362
7455,4.625553963705897
7456,4.289851989597082
7457,5.2117680897936225
7458,4.755471949465573
7459,5.256275995634496
7460,4.71667293459177
7461,4.606395028531551
7462,4.4564459240064025
7463,4.0578379994258285
7464,4.204802098684013
7465,4.147315048612654
7466,3.8839930202811956
7467,3.2799519831314683
7468,4.330513998866081
7469,3.939857939258218
7470,3.8098000222817063
7471,3.655874985270202
7472,3.9919380797073245
7473,3.855910967104137
7474,4.3376649264246225
7475,4.0400109719485044
7476,5.016621085815132
7477,4.055825062096119
7478,3.934649983420968
7479,3.9684720104560256
7480,3.857953939586878
7481,4.106201929971576
7482,4.05053689610213
7483,3.8716739509254694
7484,4.418207914568484
7485,4.941095947287977
7486,4.058529040776193
7487,3.9375750347971916
7488,4.047070979140699
7489,3.86329204775393
7490,4.227577010169625
7491,3.5003679804503918
7492,4.1818879544734955
7493,4.379319027066231
7494,3.422328969463706
7495,3.922531963326037
7496,4.358757054433227
7497,4.230631049722433
7498,3.9562740130349994
7499,4.206454963423312
7500,5.1869399612769485
7501,4.239834961481392
7502,4.0742839919403195
7503,3.998066997155547
7504,4.030636977404356
7505,3.8856460014358163
7506,4.202689044177532
7507,3.8228300400078297
7508,4.545732052065432
7509,4.0944949723780155
7510,4.002472967840731
7511,4.125300911255181
7512,4.182599019259214
7513,3.576143062673509
7514,4.7707249177619815
7515,4.140945035032928
7516,3.9450660115107894
7517,4.400801029987633
7518,4.0274320635944605
7519,3.548101056367159
7520,4.204271011985838
7521,4.574707010760903
7522,3.963012946769595
7523,5.544855957850814
7524,5.43741206638515
7525,4.275570041500032
7526,3.7584119709208608
7527,3.93808598164469
7528,4.403666011057794
7529,5.167069961316884
7530,4.491880070418119
7531,4.069266025908291
7532,3.6051779752597213
7533,4.308941075578332
7534,3.989524091593921
7535,4.284012946300209
7536,4.52799501363188
7537,5.373565014451742
7538,5.061389063484967
7539,4.328601062297821
7540,4.828804056160152
7541,3.9300130447372794
7542,4.088494926691055
7543,4.33055404573679
7544,4.320659092627466
7545,4.981316975317895
7546,4.822084098123014
7547,4.55014908220619
7548,4.729602951556444
7549,4.607034963555634
7550,5.770129035227001
7551,4.868024028837681
7552,4.184352001175284
7553,4.67303697951138
7554,4.042444052174687
7555,4.636149969883263
7556,4.7164729330688715
7557,4.487604019232094
7558,3.9999900618568063
7559,4.000680986791849
7560,4.369903937913477
7561,3.6278219195082784
7562,3.8831019774079323
7563,4.158552037551999
7564,4.013300989754498
7565,3.7747060414403677
7566,4.5819670194759965
7567,4.511700011789799
7568,4.887974006123841
7569,4.5248010428622365
7570,3.8300909800454974
7571,4.784796969033778
7572,4.159352974966168
7573,4.585603950545192
7574,3.7608450511470437
7575,4.628869006410241
7576,3.560409997589886
7577,4.223802010528743
7578,4.589218995533884
7579,4.188107093796134
7580,4.0707680163905025
7581,3.754485980607569
7582,4.200665978714824
7583,3.576282993890345
7584,4.404466017149389
7585,3.7214859621599317
7586,3.797682002186775
7587,3.7609050050377846
7588,4.044847912155092
7589,3.7312799831852317
7590,3.7548759719356894
7591,3.8096599746495485
7592,3.665199037641287
7593,5.475589889101684
7594,4.851527977734804
7595,4.469315987080336
7596,4.518080968409777
7597,4.2003459529951215
7598,4.099040990695357
7599,3.6930020432919264
7600,4.284834023565054
7601,4.816995933651924
7602,4.613324999809265
7603,4.184861900284886
7604,3.738782019354403
7605,4.527584998868406
7606,3.9061070419847965
7607,3.5165329463779926
7608,3.208753070794046
7609,3.8626110181212425
7610,3.911865991540253
7611,4.426711006090045
7612,4.645083099603653
7613,5.0285980105400085
7614,3.9076890097931027
7615,3.6325700348243117
7616,4.202609066851437
7617,4.356333985924721
7618,4.0376270189881325
7619,4.238574067130685
7620,3.373745013959706
7621,4.143798956647515
7622,3.9519770070910454
7623,4.229731042869389
7624,3.893338027410209
7625,3.996083978563547
7626,3.719592932611704
7627,4.080362967215478
7628,3.886766964569688
7629,3.831594018265605
7630,4.038889077492058
7631,3.96172096952796
7632,3.789708949625492
7633,3.7755779922008514
7634,4.367399960756302
7635,4.088605055585504
7636,3.8762210169807076
7637,3.892555949278176
7638,4.0404219180345535
7639,4.8160640290006995
7640,4.0957649471238256
7641,3.540768986567855
7642,4.114364041015506
7643,4.747990053147078
7644,4.844177048653364
7645,4.70612698700279
7646,4.6446730848401785
7647,4.6688399743288755
7648,3.9859579410403967
7649,3.6810829769819975
7650,4.757705028168857
7651,4.118671058677137
7652,4.939661943353713
7653,5.2287939470261335
7654,4.243571078404784
7655,4.822504008188844
7656,4.161866963841021
7657,4.626445006579161
7658,4.5036779483780265
7659,4.113332950510085
7660,4.104670020751655
7661,4.49462397955358
7662,5.459295003674924
7663,4.771997104398906
7664,4.419890930876136
7665,4.299156018532813
7666,4.805258009582758
7667,4.334911005571485
7668,4.405768006108701
7669,4.4085230911150575
7670,4.613304976373911
7671,4.117869073525071
7672,4.827230935916305
7673,4.373058909550309
7674,4.268678952939808
7675,4.243912058882415
7676,4.517588997259736
7677,3.7758779944851995
7678,4.0030250092968345
7679,4.166474100202322
7680,4.168706946074963
7681,4.364126012660563
7682,3.92793002538383
7683,4.319476895034313
7684,4.1634689550846815
7685,3.982112044468522
7686,4.005478927865624
7687,4.268780001439154
7688,3.9477499667555094
7689,3.8543480914086103
7690,3.8423790829256177
7691,4.290141980163753
7692,4.363714950159192
7693,4.369932925328612
7694,3.9591180393472314
7695,3.698750981129706
7696,4.174094996415079
7697,5.9659379767253995
7698,4.794470965862274
7699,5.359041970223188
7700,4.502626950852573
7701,6.576739018782973
7702,5.413064965978265
7703,4.807141027413309
7704,4.492860985919833
7705,4.7956230118870735
7706,5.047025973908603
7707,4.792138002812862
7708,4.665593965910375
7709,5.559167009778321
7710,5.772041971795261
7711,6.452410016208887
7712,5.794816999696195
7713,5.388147081248462
7714,4.594345926307142
7715,3.9382160175591707
7716,4.378036945126951
7717,4.258224042132497
7718,4.339648061431944
7719,3.9348109858110547
7720,4.665695014409721
7721,4.2527050245553255
7722,4.461003001779318
7723,4.562907968647778
7724,5.030802101828158
7725,4.532200982794166
7726,4.487782949581742
7727,4.576898994855583
7728,4.490769002586603
7729,4.477888927794993
7730,4.121465026400983
7731,4.405417945235968
7732,4.98896895442158
7733,4.235428059473634
7734,3.732041921466589
7735,4.295891034416854
7736,3.844012040644884
7737,4.409533925354481
7738,5.364591022953391
7739,5.828087916597724
7740,5.526838009245694
7741,5.903273005969822
7742,5.420675966888666
7743,5.238638957962394
7744,5.2541629411280155
7745,5.802978994324803
7746,5.3600340615957975
7747,4.744686069898307
7748,4.617081023752689
7749,4.894113051705062
7750,5.17833698540926
7751,4.817125969566405
7752,4.737294977530837
7753,4.815162974409759
7754,4.758217022754252
7755,5.025092978030443
7756,4.920152947306633
7757,4.553784034214914
7758,4.658835008740425
7759,4.539173096418381
7760,4.5183999463915825
7761,4.820902016945183
7762,4.092110088095069
7763,4.619995015673339
7764,4.933233023621142
7765,5.0533670000731945
7766,5.067548016086221
7767,4.618273000232875
7768,4.689240944571793
7769,4.460843047127128
7770,4.711565095931292
7771,4.685305058956146
7772,4.715060000307858
7773,5.147490068338811
7774,4.8651190008968115
7775,4.262370057404041
7776,4.4685640605166554
7777,4.728401079773903
7778,4.394210991449654
7779,4.110087989829481
7780,4.289091099053621
7781,4.512891988269985
7782,3.72490007430315
7783,4.097557975910604
7784,4.5963190495967865
7785,4.919742001220584
7786,4.768611979670823
7787,4.418728989548981
7788,4.495336092077196
7789,4.438980016857386
7790,4.426510073244572
7791,4.444767953827977
7792,4.321108921431005
7793,4.399799974635243
7794,4.0114669827744365
7795,3.9708350086584687
7796,4.470167099498212
7797,4.196168971247971
7798,4.666035994887352
7799,4.40854299813509
7800,4.3726080330088735
7801,5.834788084030151
7802,4.161556949838996
7803,4.2605169583112
7804,3.7677959771826863
7805,4.3899150332435966
7806,4.834102001041174
7807,4.315390950068831
7808,3.9758329512551427
7809,4.468454048037529
7810,5.219810991548002
7811,5.916001973673701
7812,5.5445649195462465
7813,4.3250760063529015
7814,5.457371938973665
7815,4.656299948692322
7816,4.1484960820525885
7817,4.25335590261966
7818,3.9517759578302503
7819,4.296042025089264
7820,3.88517405372113
7821,4.7684109304100275
7822,4.008984076790512
7823,4.849935998208821
7824,3.7570690037682652
7825,3.9490319322794676
7826,4.294068901799619
7827,4.175778012722731
7828,4.492531064897776
7829,3.9882221026346087
7830,4.043657099828124
7831,4.209129023365676
7832,4.264914081431925
7833,4.526994074694812
7834,3.95424896851182
7835,3.937404020689428
7836,4.11699793767184
7837,3.943193005397916
7838,4.651844035834074
7839,4.1779810562729836
7840,4.187967046163976
7841,4.026750917546451
7842,3.842309000901878
7843,4.6379329869523644
7844,3.946939017623663
7845,4.303273046389222
7846,4.4139709789305925
7847,4.015462938696146
7848,3.980390029028058
7849,4.186975071206689
7850,4.423905978910625
7851,3.7503590574488044
7852,3.7658020155504346
7853,4.25958598498255
7854,3.6985198967158794
7855,4.229048965498805
7856,4.482285003177822
7857,4.186403937637806
7858,4.033942008391023
7859,3.834006958641112
7860,4.144289996474981
7861,4.0168859995901585
7862,4.256480955518782
7863,4.179203067906201
7864,4.188616992905736
7865,4.457196919247508
7866,4.468404105864465
7867,4.242749069817364
7868,4.179253010079265
7869,4.2138060089200735
7870,4.121645004488528
7871,3.7794740637764335
7872,4.920252948068082
7873,4.815884050913155
7874,4.312896984629333
7875,4.2570410296320915
7876,4.0013110265135765
7877,4.553142935037613
7878,4.695118987001479
7879,4.473301931284368
7880,3.9950020145624876
7881,3.977696062065661
7882,4.128735978156328
7883,4.043326014652848
7884,4.298895015381277
7885,4.155306029133499
7886,3.75974306371063
7887,5.8323940029367805
7888,5.4624490439891815
7889,5.0289989449083805
7890,5.404531955718994
7891,4.1607849998399615
7892,3.8012469885870814
7893,4.998781951144338
7894,4.623921005986631
7895,4.694217932410538
7896,4.938291036523879
7897,5.053466069512069
7898,5.297477939166129
7899,4.527664044871926
7900,4.259706009179354
7901,4.832568927668035
7902,5.320393014699221
7903,4.613706027157605
7904,4.223771044053137
7905,3.9276089519262314
7906,4.489526967518032
7907,4.350043018348515
7908,4.379097954370081
7909,4.03191801160574
7910,4.372717929072678
7911,4.50709299184382
7912,4.019980086013675
7913,4.429084016010165
7914,4.379639052785933
7915,4.282481037080288
7916,5.20820205565542
7917,4.367880988866091
7918,4.246886004693806
7919,3.456571022979915
7920,3.9166329661384225
7921,4.378417041152716
7922,3.947078948840499
7923,4.025178030133247
7924,3.916983027011156
7925,4.337965045124292
7926,3.8525749696418643
7927,4.254707950167358
7928,3.9262169739231467
7929,4.194235894829035
7930,3.438584040850401
7931,3.880537929944694
7932,3.9544410537928343
7933,4.518050001934171
7934,4.124408937059343
7935,4.065038985572755
7936,4.482215037569404
7937,3.987671108916402
7938,4.259334993548691
7939,5.641351919621229
7940,5.069721024483442
7941,4.077307996340096
7942,4.340879968367517
7943,4.564890987239778
7944,4.227256984449923
7945,3.9729689015075564
7946,4.28602600004524
7947,3.9320560172200203
7948,3.918666043318808
7949,4.025399102829397
7950,3.868779051117599
7951,4.224392003379762
7952,4.267027019523084
7953,4.126031999476254
7954,3.792252973653376
7955,4.0798119734972715
7956,3.9794689510017633
7957,3.6754849134013057
7958,4.636199912056327
7959,3.7925130454823375
7960,3.865233971737325
7961,3.8157489616423845
7962,3.9787470595911145
7963,3.847926971502602
7964,4.540674039162695
7965,4.517899011261761
7966,4.339196952059865
7967,4.244041978381574
7968,4.887763992883265
7969,4.112040041945875
7970,3.950985032133758
7971,4.907383001409471
7972,3.839364042505622
7973,4.608017043210566
7974,4.233235027641058
7975,3.8565410068258643
7976,4.139331984333694
7977,4.340048064477742
7978,4.069605958648026
7979,3.4695410868152976
7980,3.9160019950941205
7981,4.761219955980778
7982,4.334388999268413
7983,3.3591229002922773
7984,3.8796759909018874
7985,3.7930039688944817
7986,3.5325170028954744
7987,4.5976109104231
7988,4.87295095808804
7989,4.339476930908859
7990,4.061904037371278
7991,3.9526569889858365
7992,4.14057495072484
7993,3.948210971429944
7994,4.181977012194693
7995,4.275831044651568
7996,4.2107910849153996
7997,3.9016299415379763
7998,4.3304129503667355
7999,4.657211946323514
8000,4.294959944672883
8001,4.158521071076393
8002,3.886205959133804
8003,4.787050071172416
8004,4.650290939025581
8005,4.913933924399316
8006,4.563299007713795
8007,5.091654020361602
8008,4.959773039445281
8009,3.898805007338524
8010,4.608117043972015
8011,4.19100106228143
8012,5.272770998999476
8013,4.426030092872679
8014,4.083196981810033
8015,4.251483944244683
8016,5.057091941125691
8017,4.157840041443706
8018,3.6192300030961633
8019,3.7112999707460403
8020,3.9137579733505845
8021,4.005788010545075
8022,4.080713028088212
8023,4.1973700281232595
8024,4.96309797745198
8025,3.929122001864016
8026,4.29427798371762
8027,4.259465029463172
8028,4.492280073463917
8029,4.845309071242809
8030,4.267617943696678
8031,3.8211470237001777
8032,4.687807988375425
8033,4.264522925950587
8034,4.489996936172247
8035,4.16717492043972
8036,4.411307047121227
8037,3.8901619846001267
8038,3.985136980190873
8039,4.126593004912138
8040,4.34981391299516
8041,4.20523202046752
8042,4.048113012686372
8043,4.032519995234907
8044,3.7304579745978117
8045,3.649675054475665
8046,4.32445399928838
8047,4.328490002080798
8048,4.736603004857898
8049,4.409734974615276
8050,4.343653912656009
8051,4.268047981895506
8052,4.650651942938566
8053,4.273295984603465
8054,4.040961968712509
8055,4.1594430804252625
8056,3.876011003740132
8057,3.9808499859645963
8058,4.223349969834089
8059,3.9086700417101383
8060,4.279596032574773
8061,4.427382024005055
8062,4.167455015704036
8063,5.116192041896284
8064,3.9872610941529274
8065,3.8437810726463795
8066,3.9350700099021196
8067,4.102915991097689
8068,4.066861933097243
8069,4.070386989042163
8070,3.88179998844862
8071,4.017836996354163
8072,4.04444697778672
8073,3.8622990250587463
8074,3.6300349747762084
8075,4.196958965621889
8076,3.9312849985435605
8077,4.170920001342893
8078,3.8713840767741203
8079,3.9502530125901103
8080,3.8412680150941014
8081,3.8822899805381894
8082,3.558947006240487
8083,3.2905370462685823
8084,4.126562038436532
8085,4.040412022732198
8086,4.771476029418409
8087,3.952065948396921
8088,4.1415049927309155
8089,4.451578017324209
8090,4.0460299933329225
8091,4.13659808691591
8092,4.455454065464437
8093,4.16984804905951
8094,4.420800949446857
8095,4.06682095490396
8096,4.047982976771891
8097,4.497968940995634
8098,4.00205294135958
8099,4.2338460916653275
8100,4.280596971511841
8101,4.179834038950503
8102,4.484928911551833
8103,4.785406985320151
8104,4.30326210334897
8105,4.144891048781574
8106,3.8690000073984265
8107,4.621716914698482
8108,4.015043028630316
8109,3.982673049904406
8110,4.174896981567144
8111,4.467952996492386
8112,4.048062954097986
8113,3.949312027543783
8114,4.902606015093625
8115,4.386287997476757
8116,4.710101988166571
8117,4.780830931849778
8118,4.8932519275695086
8119,5.061037023551762
8120,4.940354032441974
8121,3.9883919525891542
8122,4.255919950082898
8123,3.9138890570029616
8124,4.3105329386889935
8125,4.108165041543543
8126,3.965817973949015
8127,4.303692956455052
8128,4.540964961051941
8129,3.95880697760731
8130,3.989242948591709
8131,4.035413032397628
8132,4.256870946846902
8133,3.584275022149086
8134,3.978296066634357
8135,4.186584032140672
8136,3.7565779639407992
8137,4.192442982457578
8138,5.527389002963901
8139,4.265894996933639
8140,3.401797963306308
8141,4.220145056024194
8142,4.644601955078542
8143,4.725235048681498
8144,4.698004107922316
8145,4.650572082027793
8146,4.209750099107623
8147,4.38524701166898
8148,3.779022954404354
8149,3.737378981895745
8150,4.036175087094307
8151,4.218322923406959
8152,4.385808017104864
8153,4.052388947457075
8154,4.9958579475060105
8155,5.693932995200157
8156,4.84681106172502
8157,4.404876963235438
8158,4.600174957886338
8159,4.343522945418954
8160,4.7227219911292195
8161,4.377124016173184
8162,3.996673971414566
8163,4.268839955329895
8164,4.304963978938758
8165,4.071227973327041
8166,4.083937034010887
8167,4.410205059684813
8168,4.619724000804126
8169,5.264046951197088
8170,5.571715999394655
8171,5.628783022984862
8172,4.674828960560262
8173,5.484584020450711
8174,4.824677016586065
8175,4.278833977878094
8176,4.621076979674399
8177,7.200849941000342
8178,5.408257013186812
8179,4.436344956047833
8180,4.38272301107645
8181,4.1387410601601005
8182,4.110777983441949
8183,4.316732054576278
8184,4.150610067881644
8185,4.302871064282954
8186,4.293826990760863
8187,3.9107430493459105
8188,4.189969040453434
8189,4.2405270505696535
8190,4.713968024589121
8191,3.9158310974016786
8192,4.01170807890594
8193,3.5782059421762824
8194,4.512391053140163
8195,3.825573017820716
8196,4.467563005164266
8197,4.713407019153237
8198,5.737468949519098
8199,5.113197024911642
8200,5.005653016269207
8201,4.951140028424561
8202,4.4874330051243305
8203,4.351785988546908
8204,4.48648096062243
8205,4.1683969320729375
8206,4.092750954441726
8207,4.0884739719331264
8208,4.407671047374606
8209,4.507493926212192
8210,4.490637918934226
8211,4.611130920238793
8212,4.570579971186817
8213,4.681989899836481
8214,5.29069802723825
8215,4.348039976321161
8216,3.8136160001158714
8217,4.176178015768528
8218,3.4273869823664427
8219,4.220996983349323
8220,4.19170199893415
8221,4.639214952476323
8222,4.188416991382837
8223,4.152743029408157
8224,3.842849051579833
8225,4.854822997003794
8226,4.264452960342169
8227,4.441102035343647
8228,3.8542470429092646
8229,5.168511997908354
8230,4.351735929958522
8231,3.6864610156044364
8232,4.293167032301426
8233,4.021232016384602
8234,4.648899077437818
8235,4.357233992777765
8236,3.9903949946165085
8237,4.020932014100254
8238,4.477917915210128
8239,4.364485968835652
8240,4.4727911008521914
8241,4.100793972611427
8242,4.924189066514373
8243,4.545832052826881
8244,4.93486609775573
8245,3.9696330204606056
8246,4.272343940101564
8247,4.046159912832081
8248,4.249499994330108
8249,4.2342470260336995
8250,4.342511994764209
8251,4.2798270005732775
8252,3.9567339699715376
8253,4.1236079996451735
8254,4.480983014218509
8255,3.6174659617245197
8256,4.465540056116879
8257,4.1014839662238955
8258,4.5685069635510445
8259,4.438658012077212
8260,4.414380993694067
8261,4.849846009165049
8262,4.376764059998095
8263,4.097148077562451
8264,3.544685081578791
8265,4.116917960345745
8266,3.987320000305772
8267,3.9871400222182274
8268,4.049655981361866
8269,4.117088043130934
8270,4.590761032886803
8271,4.843396018259227
8272,4.1047000559046865
8273,4.121784935705364
8274,4.079090082086623
8275,3.900306997820735
8276,4.210060113109648
8277,4.052429110743105
8278,4.168516024947166
8279,4.141876008361578
8280,4.071488976478577
8281,4.635298973880708
8282,4.329571966081858
8283,4.248998942784965
8284,3.781034960411489
8285,3.914770088158548
8286,3.8287390489131212
8287,4.7514550387859344
8288,4.273305996321142
8289,3.761405940167606
8290,4.293487058021128
8291,4.91770904045552
8292,4.13961207959801
8293,4.122516023926437
8294,4.792677937075496
8295,3.8572720950469375
8296,4.242207971401513
8297,3.9235729491338134
8298,4.236419918015599
8299,3.8031289586797357
8300,3.771129995584488
8301,3.7347549805417657
8302,4.0650489972904325
8303,5.2921699825674295
8304,4.3637140188366175
8305,4.01967007201165
8306,4.251783015206456
8307,4.244082025252283
8308,4.0862709283828735
8309,4.22919902484864
8310,4.273416940122843
8311,4.059930914081633
8312,4.385236999951303
8313,4.337013931944966
8314,4.907503025606275
8315,4.004245973192155
8316,4.037647042423487
8317,4.220586037263274
8318,4.340688930824399
8319,4.34215203858912
8320,4.07167908269912
8321,4.171111038886011
8322,4.026920069009066
8323,4.257661988958716
8324,4.068413050845265
8325,4.146222025156021
8326,3.7525930674746633
8327,4.247147007845342
8328,4.542327020317316
8329,4.128976026549935
8330,4.255709005519748
8331,4.726707935333252
8332,4.662750056013465
8333,4.630039911717176
8334,3.840425983071327
8335,3.60829196870327
8336,4.015573998913169
8337,4.042644985020161
8338,4.643941996619105
8339,4.6785450540483
8340,3.6023230059072375
8341,4.72953193821013
8342,4.324423964135349
8343,4.1169580072164536
8344,4.553793929517269
8345,4.5334730530157685
8346,4.677152028307319
8347,4.551460035145283
8348,4.388722940348089
8349,3.7457920843735337
8350,4.464466939680278
8351,3.485915018245578
8352,4.069335060194135
8353,3.887427970767021
8354,4.083917010575533
8355,4.12262708414346
8356,4.264903021976352
8357,4.132552072405815
8358,4.254767904058099
8359,4.05527395196259
8360,4.408393055200577
8361,4.753248067572713
8362,4.159211996011436
8363,5.162732093594968
8364,4.173563909716904
8365,4.289490985684097
8366,4.233976011164486
8367,4.209067905321717
8368,4.101123078726232
8369,3.976103034801781
8370,4.181936965323985
8371,4.514534026384354
8372,4.274028004147112
8373,4.018406965769827
8374,3.960889996960759
8375,4.053120035678148
8376,3.932046005502343
8377,4.179171985015273
8378,4.619244020432234
8379,4.05086693353951
8380,3.763758926652372
8381,4.042894928716123
8382,3.6691150162369013
8383,4.05735697131604
8384,3.960618982091546
8385,4.3735080398619175
8386,4.250462050549686
8387,4.334390047006309
8388,3.7926529766991735
8389,3.9546210318803787
8390,3.728435025550425
8391,4.0681230602785945
8392,3.842378966510296
8393,3.987019998021424
8394,4.347058013081551
8395,3.9815109921619296
8396,4.111539921723306
8397,3.9598679868504405
8398,3.8818790344521403
8399,4.369944101199508
8400,4.263601964339614
8401,4.139993106946349
8402,5.0369310192763805
8403,4.46583004668355
8404,4.0202910313382745
8405,4.59471601061523
8406,4.528105026111007
8407,4.001731984317303
8408,4.173333989456296
8409,5.697667947970331
8410,3.8141669938340783
8411,4.712295951321721
8412,4.234747029840946
8413,3.8222490111365914
8414,4.628557013347745
8415,4.514144035056233
8416,4.511289997026324
8417,3.9987170603126287
8418,3.9442949928343296
8419,4.056906909681857
8420,4.771615960635245
8421,4.077887977473438
8422,4.9683559918776155
8423,4.253725986927748
8424,4.387089051306248
8425,4.371827002614737
8426,4.064106964506209
8427,4.334509954787791
8428,4.353148047812283
8429,4.279135027900338
8430,4.348209942691028
8431,4.3230620212852955
8432,4.727588966488838
8433,4.737674025818706
8434,4.187255050055683
8435,4.771866020746529
8436,3.7309089675545692
8437,4.418047028593719
8438,4.3226610869169235
8439,3.619538969360292
8440,4.87349194008857
8441,4.063987056724727
8442,3.7513700081035495
8443,4.169958992861211
8444,4.3185349786654115
8445,4.117748932912946
8446,3.9109140634536743
8447,4.09482407849282
8448,4.3618009658530354
8449,3.891154075972736
8450,4.147414001636207
8451,3.8239809218794107
8452,3.827746957540512
8453,3.7130219861865044
8454,4.310974036343396
8455,4.519853042438626
8456,4.225292941555381
8457,3.77456599380821
8458,4.259075038135052
8459,4.343193024396896
8460,4.306486924178898
8461,4.169018007814884
8462,3.884654026478529
8463,3.7455110577866435
8464,4.528064979240298
8465,4.253015038557351
8466,4.335180972702801
8467,4.558510961942375
8468,4.325576010160148
8469,4.702129983343184
8470,4.412528011016548
8471,3.6540620494633913
8472,4.276521969586611
8473,4.874082049354911
8474,4.080993006937206
8475,3.4313619835302234
8476,4.3724169954657555
8477,4.171520937234163
8478,3.881217911839485
8479,4.648018046282232
8480,4.204510943964124
8481,4.744353936985135
8482,4.925081040710211
8483,4.774700966663659
8484,4.004196031019092
8485,3.688685013912618
8486,3.791402094066143
8487,3.723517060279846
8488,4.042283981107175
8489,4.456715891137719
8490,4.063606029376388
8491,4.242519033141434
8492,4.49990201741457
8493,3.391331061720848
8494,3.7263320991769433
8495,3.7627979181706905
8496,4.217611043713987
8497,3.941009985283017
8498,4.039820050820708
8499,3.7218850338831544
8500,4.081594059243798
8501,4.637802019715309
8502,3.752671997062862
8503,3.8556690560653806
8504,4.046601010486484
8505,4.64770698454231
8506,4.215548047795892
8507,4.2580029694363475
8508,3.50759900175035
8509,4.9900299636647105
8510,4.054391989484429
8511,3.776918980292976
8512,3.8443830562755466
8513,3.9959229761734605
8514,3.800545004196465
8515,3.389557939954102
8516,3.792734001763165
8517,3.996384097263217
8518,4.131229943595827
8519,4.086632048711181
8520,3.7585010286420584
8521,4.055103985592723
8522,4.014412057586014
8523,4.424897022545338
8524,3.798412042669952
8525,4.002662957645953
8526,4.166483995504677
8527,4.009164054878056
8528,4.413499962538481
8529,3.86662594974041
8530,3.763008047826588
8531,3.934719949029386
8532,3.9556719129905105
8533,3.8714430993422866
8534,3.757489030249417
8535,4.264171933755279
8536,4.414420924149454
8537,4.120664088986814
8538,4.161565913818777
8539,4.050886956974864
8540,4.03287005610764
8541,4.048213013447821
8542,4.1190109914168715
8543,4.299015970900655
8544,4.228067002259195
8545,4.057607962749898
8546,5.164454923942685
8547,4.495834931731224
8548,4.6484279446303844
8549,4.282510024495423
8550,3.7276040529832244
8551,4.187875892966986
8552,3.879716037772596
8553,4.323603003285825
8554,4.707408021204174
8555,4.590250086039305
8556,4.153573070652783
8557,4.0004500187933445
8558,4.046650021336973
8559,3.9972550002858043
8560,3.8819590117782354
8561,3.910682979039848
8562,4.930006922222674
8563,4.6831510262563825
8564,5.152967991307378
8565,4.777223919518292
8566,4.774810979142785
8567,4.548575961962342
8568,4.49044699780643
8569,4.454902955330908
8570,4.697612952440977
8571,4.33616095688194
8572,4.444856895133853
8573,4.4537310022860765
8574,4.12761396728456
8575,4.410736029967666
8576,4.6616579638794065
8577,5.908539984375238
8578,5.197194986976683
8579,4.632323049008846
8580,4.070395953021944
8581,4.492120002396405
8582,4.408161039464176
8583,4.367359098978341
8584,4.722381010651588
8585,4.447311046533287
8586,5.086465971544385
8587,4.622488981112838
8588,4.607155104167759
8589,5.314653972163796
8590,4.689058987423778
8591,4.843987058848143
8592,3.9075289387255907
8593,4.712385009042919
8594,4.905781010165811
8595,4.403824917972088
8596,4.6882180031389
8597,4.26976103335619
8598,4.811667022295296
8599,4.795281914994121
8600,4.21278306748718
8601,4.751284956000745
8602,4.00290300603956
8603,5.753572913818061
8604,5.315204965882003
8605,5.340834031812847
8606,4.939973005093634
8607,4.965562024153769
8608,4.057076061144471
8609,4.422132973559201
8610,4.8900359543040395
8611,4.2486380552873015
8612,4.456155002117157
8613,4.181224969215691
8614,4.744054051116109
8615,4.111178917810321
8616,4.377576056867838
8617,3.7176089826971292
8618,4.032177967019379
8619,4.302090033888817
8620,4.394800984300673
8621,4.270821926183999
8622,4.018005914986134
8623,3.98965401109308
8624,4.07440192066133
8625,3.782236948609352
8626,4.0757349925115705
8627,4.020711057819426
8628,4.409875022247434
8629,4.087763023562729
8630,3.850470995530486
8631,4.118470009416342
8632,4.239795031026006
8633,4.244202049449086
8634,4.23012999817729
8635,4.254786996170878
8636,4.044796922244132
8637,4.086551023647189
8638,4.278393927961588
8639,3.9479898987337947
8640,4.085820051841438
8641,4.14157600607723
8642,3.9918869733810425
8643,3.891663975082338
8644,3.9763929089531302
8645,3.8530449382960796
8646,4.018337000161409
8647,3.91380803193897
8648,3.488779067993164
8649,3.4857949940487742
8650,3.955450956709683
8651,3.7547049578279257
8652,3.982662921771407
8653,3.407906973734498
8654,4.054071963764727
8655,4.387850989587605
8656,4.209318081848323
8657,3.8318330189213157
8658,3.8369110552594066
8659,3.8420879282057285
8660,3.897664020769298
8661,3.8926550187170506
8662,4.370695096440613
8663,4.039028892293572
8664,4.302970948629081
8665,4.247908014804125
8666,4.227956989780068
8667,4.238413064740598
8668,4.426278988830745
8669,4.196649068035185
8670,4.320738953538239
8671,4.455514019355178
8672,4.431977984495461
8673,4.233906045556068
8674,4.236219916492701
8675,4.356121993623674
8676,4.368972033262253
8677,4.45843895431608
8678,4.425167106091976
8679,4.128235043026507
8680,3.748785937204957
8681,4.310191958211362
8682,4.525530966930091
8683,4.330383031629026
8684,4.368209978565574
8685,4.37998806592077
8686,4.512410028837621
8687,4.6321440022438765
8688,3.8619990227743983
8689,4.545600968413055
8690,4.3201680528
8691,3.982562921009958
8692,4.882243927568197
8693,6.157569005154073
8694,4.82485699467361
8695,4.468824015930295
8696,4.4009709963575006
8697,4.545400966890156
8698,4.497578949667513
8699,4.345946945250034
8700,4.692225018516183
8701,4.654406919144094
8702,4.110988928005099
8703,5.46839798334986
8704,4.642940009944141
8705,4.689872032031417
8706,4.521523951552808
8707,4.044827073812485
8708,3.992338082753122
8709,4.787048907019198
8710,4.013248952105641
8711,5.232057999819517
8712,4.215167951770127
8713,5.590665037743747
8714,4.594665952026844
8715,4.551820922642946
8716,4.423445090651512
8717,4.371335031464696
8718,4.584390087984502
8719,4.303863039240241
8720,4.083837033249438
8721,4.020671010948718
8722,3.8491389714181423
8723,3.9432229241356254
8724,4.301729961298406
8725,4.01893793605268
8726,4.0217830101028085
8727,3.937083063647151
8728,4.797525005415082
8729,4.679986042901874
8730,4.6914640115574
8731,4.584781010635197
8732,4.5049990294501185
8733,4.223661031574011
8734,4.741720040328801
8735,5.122150992974639
8736,4.48302598670125
8737,4.06148296315223
8738,4.5582500752061605
8739,4.2413369519636035
8740,4.167434060946107
8741,4.402582999318838
8742,4.079860984347761
8743,4.103497019968927
8744,3.456059959717095
8745,4.0637359488755465
8746,4.254397004842758
8747,3.8817389868199825
8748,4.131280002184212
8749,4.389502923004329
8750,4.341991036199033
8751,4.2193729896098375
8752,4.011636949144304
8753,4.097257973626256
8754,4.32241999078542
8755,4.040191066451371
8756,4.041953012347221
8757,4.181315074674785
8758,3.9220009930431843
8759,4.037986975163221
8760,3.4320129780098796
8761,4.3208179995417595
8762,3.916360903531313
8763,4.1589509928599
8764,3.4231090685352683
8765,3.347413963638246
8766,3.961651003919542
8767,3.8620990235358477
8768,4.449013969860971
8769,4.379448015242815
8770,4.08490898553282
8771,4.538270062766969
8772,3.4723550779744983
8773,4.198051057755947
8774,4.109535948373377
8775,4.410265013575554
8776,4.497678019106388
8777,4.092569928616285
8778,4.335580975748599
8779,4.3100310722365975
8780,4.186103004030883
8781,4.143098019994795
8782,4.086360917426646
8783,3.9019499672576785
8784,4.107291926629841
8785,4.081472987309098
8786,4.162697005085647
8787,4.113122005946934
8788,4.5770189026370645
8789,4.620525985956192
8790,4.153182962909341
8791,4.1671040235087276
8792,4.41865692846477
8793,4.282861016690731
8794,4.998271004296839
8795,4.480782081373036
8796,3.875048947520554
8797,4.229028010740876
8798,3.8644629530608654
8799,4.403754021041095
8800,4.1490859584882855
8801,4.258051980286837
8802,4.229929996654391
8803,4.193524946458638
8804,4.059900995343924
8805,3.8822490023449063
8806,4.003053996711969
8807,4.089966998435557
8808,3.9820719975978136
8809,3.527047927491367
8810,4.015692975372076
8811,4.202438052743673
8812,4.078108002431691
8813,3.872795030474663
8814,3.966888994909823
8815,3.4646830754354596
8816,4.186623962596059
8817,4.049644921906292
8818,3.8475770270451903
8819,4.417935968376696
8820,4.337703925557435
8821,3.952426020987332
8822,4.011086071841419
8823,4.174525965936482
8824,4.315671045333147
8825,4.1060009971261024
8826,4.007540992461145
8827,3.8387839449569583
8828,4.072759998962283
8829,4.055483965203166
8830,3.813465009443462
8831,4.018798004835844
8832,4.042353946715593
8833,4.258663975633681
8834,5.098465015180409
8835,5.603805067948997
8836,4.56371798645705
8837,4.448382998816669
8838,5.961671005934477
8839,4.3837049743160605
8840,6.123156985267997
8841,5.684608011506498
8842,5.2533799316734076
8843,5.202342057600617
8844,4.661798011511564
8845,4.430075059644878
8846,4.988466971553862
8847,5.469439900480211
8848,4.748160019516945
8849,4.878760082647204
8850,5.15156495384872
8851,4.448523046448827
8852,4.0789790218696
8853,4.117278032936156
8854,4.0630350122228265
8855,4.166604019701481
8856,4.344313987530768
8857,4.645873908884823
8858,3.914449014700949
8859,4.458197974599898
8860,4.161705961450934
8861,3.9649149402976036
8862,5.455497885122895
8863,4.0502159390598536
8864,4.408973036333919
8865,4.095264943316579
8866,3.6277719773352146
8867,4.158942028880119
8868,4.184992052614689
8869,3.778030979447067
8870,4.360919934697449
8871,4.161965916864574
8872,5.458203027956188
8873,4.535736050456762
8874,4.4472209410741925
8875,4.176938906311989
8876,4.153974005021155
8877,3.659849986433983
8878,4.431057022884488
8879,3.6599000450223684
8880,4.280628054402769
8881,4.206353914923966
8882,4.345346009358764
8883,3.8313219556584954
8884,4.230841062963009
8885,4.071988980285823
8886,3.9137379499152303
8887,4.0905679343268275
8888,3.72753303963691
8889,5.034356960095465
8890,4.711715038865805
8891,5.294632981531322
8892,4.5174380065873265
8893,4.667737986892462
8894,4.9868139903992414
8895,4.4726800406351686
8896,4.4161040568724275
8897,4.398267017677426
8898,4.061382031068206
8899,4.25633997656405
8900,3.9236629381775856
8901,4.252152983099222
8902,4.37990901991725
8903,4.282439942471683
8904,4.371926072053611
8905,4.269981058314443
8906,4.095413954928517
8907,4.33417793828994
8908,4.273626953363419
8909,4.169096937403083
8910,4.284191993065178
8911,3.706010989844799
8912,4.076585988514125
8913,4.01189795229584
8914,3.9010290056467056
8915,4.345135996118188
8916,4.121373989619315
8917,4.184269928373396
8918,3.9990280056372285
8919,4.80910309124738
8920,4.302510060369968
8921,4.110848065465689
8922,4.071708070114255
8923,4.9324610736221075
8924,4.5477739768102765
8925,4.680327023379505
8926,4.229589947499335
8927,3.7621960509568453
8928,4.106511012651026
8929,4.450996988452971
8930,4.195638000965118
8931,4.994456074200571
8932,4.8821549862623215
8933,4.8064489383250475
8934,4.460240947082639
8935,4.595045931637287
8936,4.831646918319166
8937,3.993429010733962
8938,3.8698010612279177
8939,5.0462340004742146
8940,4.988856962881982
8941,4.35144396033138
8942,4.31994698010385
8943,4.936848068609834
8944,4.491258994676173
8945,4.544449038803577
8946,4.525310010649264
8947,4.133622976951301
8948,4.099419922567904
8949,4.109426052309573
8950,4.045487963594496
8951,4.057387006469071
8952,4.200675059109926
8953,4.252845072187483
8954,3.972246078774333
8955,3.8248420460149646
8956,4.050586023367941
8957,4.482545075006783
8958,4.593354067765176
8959,4.416594048961997
8960,4.424717044457793
8961,4.294247017242014
8962,4.484217963181436
8963,4.664171952754259
8964,4.226755001582205
8965,4.3739789398387074
8966,4.3640839867293835
8967,4.448613035492599
8968,3.496962017379701
8969,4.1241690050810575
8970,4.184009972959757
8971,3.4580230712890625
8972,4.1754660196602345
8973,4.077135934494436
8974,4.145561018958688
8975,4.36917191836983
8976,4.092060029506683
8977,4.035954014398158
8978,4.201004980131984
8979,4.100903053767979
8980,3.9127059280872345
8981,3.6188079975545406
8982,4.16214601136744
8983,4.03702596668154
8984,3.4843130270019174
8985,3.9962229784578085
8986,4.087962908670306
8987,3.666840959340334
8988,4.235088010318577
8989,4.460871918126941
8990,4.7974149929359555
8991,4.444375983439386
8992,3.7992330035194755
8993,4.060171078890562
8994,3.5534179769456387
8995,4.141624900512397
8996,5.164865055121481
8997,4.968605935573578
8998,4.440621007233858
8999,4.225061973556876
9000,3.996283048763871
9001,4.1571990586817265
9002,4.07580507453531
9003,4.385738051496446
9004,4.237259970977902
9005,4.146472085267305
9006,4.5194519916549325
9007,4.5397019712254405
9008,4.113371018320322
9009,4.348400980234146
9010,4.086831002496183
9011,4.007981042377651
9012,4.174925968982279
9013,4.078989033587277
9014,4.144860082305968
9015,3.763779066503048
9016,4.263050970621407
9017,4.192061955109239
9018,4.249279038049281
9019,4.084727959707379
9020,4.099140060134232
9021,4.60152595769614
9022,4.573222948238254
9023,4.242278984747827
9024,4.156728042289615
9025,3.9118649438023567
9026,3.6090929061174393
9027,3.9520960999652743
9028,3.9546999614685774
9029,4.1056599002331495
9030,4.4686440378427505
9031,4.349391092546284
9032,3.501608967781067
9033,4.018087056465447
9034,4.050265997648239
9035,3.8592449855059385
9036,3.567037987522781
9037,4.1376679437235
9038,4.392888979054987
9039,4.546832991763949
9040,4.218903020955622
9041,4.220815957523882
9042,4.159852978773415
9043,4.0546630043536425
9044,4.179693991318345
9045,4.084006999619305
9046,4.113310948014259
9047,4.319046041928232
9048,3.976964042522013
9049,3.7291160551831126
9050,3.984945942647755
9051,3.5069669829681516
9052,4.221316892653704
9053,4.216769011691213
9054,4.029954900033772
9055,3.7494369316846132
9056,4.082424915395677
9057,4.060280974954367
9058,3.9660079637542367
9059,3.934598993510008
9060,4.097188008017838
9061,3.4723239950835705
9062,3.5728770308196545
9063,4.308077972382307
9064,4.164949990808964
9065,4.037917009554803
9066,3.8663650630041957
9067,4.053139942698181
9068,4.106311011128128
9069,4.026159062050283
9070,4.282891051843762
9071,4.010805976577103
9072,4.098278935998678
9073,4.6561689814552665
9074,3.9349900325760245
9075,4.4673309894278646
9076,4.030053969472647
9077,4.299596068449318
9078,3.3899990376085043
9079,4.337444086559117
9080,3.983744070865214
9081,4.164220066741109
9082,4.082674975506961
9083,4.389832960441709
9084,3.8095390191301703
9085,4.109004978090525
9086,4.273456055670977
9087,3.51595098618418
9088,4.019148997031152
9089,3.9011090993881226
9090,3.9668689714744687
9091,3.87203402351588
9092,3.595020971260965
9093,4.320658044889569
9094,3.9563130121678114
9095,3.962261020205915
9096,4.365865956060588
9097,4.709369968622923
9098,4.065628978423774
9099,3.962612012401223
9100,4.034642013721168
9101,4.366979002952576
9102,3.4597049234434962
9103,4.174854955635965
9104,3.4529250115156174
9105,4.128634929656982
9106,4.573082900606096
9107,4.619724000804126
9108,4.655207972973585
9109,4.2163190664723516
9110,4.715169896371663
9111,4.4039849890396
9112,4.666054039262235
9113,4.2445119470357895
9114,4.308418952859938
9115,3.839705022983253
9116,4.139752010814846
9117,4.643330001272261
9118,4.4932219898328185
9119,4.993514041416347
9120,3.623333992436528
9121,3.7946159718558192
9122,4.067542031407356
9123,3.61941906157881
9124,4.880842054262757
9125,3.944534924812615
9126,3.932775929570198
9127,4.829744924791157
9128,4.8852479085326195
9129,3.564956015907228
9130,4.174494999460876
9131,3.6991200176998973
9132,4.085539025254548
9133,4.246945958584547
9134,4.702199948951602
9135,5.427826079539955
9136,4.755189991556108
9137,5.024219979532063
9138,5.194709985516965
9139,4.939150996506214
9140,4.83782694209367
9141,5.129380966536701
9142,4.812348051927984
9143,4.666644963435829
9144,4.144990001805127
9145,5.0433899741619825
9146,4.7517550410702825
9147,4.261729074642062
9148,4.300276981666684
9149,5.255202995613217
9150,4.663750994950533
9151,4.5205430360510945
9152,3.8101989775896072
9153,4.93722700048238
9154,5.305068916641176
9155,4.644011030904949
9156,4.089765017852187
9157,4.228296922519803
9158,4.910216899588704
9159,4.531228914856911
9160,4.2954389937222
9161,4.330673022195697
9162,4.161776043474674
9163,4.081403953023255
9164,4.168285988271236
9165,3.857981995679438
9166,4.050265997648239
9167,4.7113229520618916
9168,3.9416499203071
9169,4.974906099960208
9170,4.261687980033457
9171,3.8723349571228027
9172,4.115434945560992
9173,3.762806998565793
9174,3.8785840151831508
9175,4.093992058187723
9176,4.090326954610646
9177,3.865443984977901
9178,4.036764963530004
9179,4.120251978747547
9180,4.6416170662269
9181,4.588947049342096
9182,4.259875044226646
9183,3.7359660491347313
9184,4.302270011976361
9185,4.321990069001913
9186,3.7754869554191828
9187,3.9733690209686756
9188,3.8049520226195455
9189,3.7795730167999864
9190,4.49496298097074
9191,3.8473859895020723
9192,3.5519860684871674
9193,3.8654839154332876
9194,3.754083998501301
9195,4.159952979534864
9196,5.730457021854818
9197,5.180538981221616
9198,4.4174049980938435
9199,4.0254880441352725
9200,4.07216907478869
9201,4.273785976693034
9202,3.7515200674533844
9203,4.185552010312676
9204,3.9625519420951605
9205,3.4537760075181723
9206,3.88382188975811
9207,4.23662003595382
9208,3.9950719801709056
9209,4.594906000420451
9210,4.950869013555348
9211,5.434765946120024
9212,4.234457039274275
9213,3.865172970108688
9214,4.267976968549192
9215,5.260500940494239
9216,4.231471917591989
9217,4.715860006399453
9218,3.9538490818813443
9219,3.962762071751058
9220,4.729171050712466
9221,4.816303960978985
9222,4.384865984320641
9223,3.869671025313437
9224,3.4436709247529507
9225,3.7370279897004366
9226,3.8503709947690368
9227,3.7851809756830335
9228,4.264142015017569
9229,3.8172700442373753
9230,4.121543955989182
9231,4.385306965559721
9232,4.489545011892915
9233,3.6079109413549304
9234,4.129016073420644
9235,4.775822046212852
9236,4.866100032813847
9237,4.2490080231800675
9238,4.071818082593381
9239,4.598472034558654
9240,3.7066719960421324
9241,4.235016996972263
9242,4.163568024523556
9243,3.8437809562310576
9244,3.3080439316108823
9245,4.824165953323245
9246,4.597760969772935
9247,3.755216021090746
9248,3.8948579458519816
9249,4.003223963081837
9250,3.8906820118427277
9251,4.111669026315212
9252,4.130076966248453
9253,4.90109296515584
9254,3.8776519941166043
9255,4.909395007416606
9256,4.027441027574241
9257,4.64000494685024
9258,4.110047011636198
9259,4.406218067742884
9260,4.146051011048257
9261,4.670802038162947
9262,5.177664919756353
9263,3.7951470585539937
