timestamp_iso,t_rel_s,phase,cpu_percent,rss_mb,gpu_util_percent,gpu_mem_used_mb
2026-06-04T04:40:03.341238+00:00,0.003,fetching,131.5,1461.2109375,0.0,18942.0625
2026-06-04T04:40:05.353937+00:00,2.015,fetching,48.8,1678.671875,0.0,18942.0625
2026-06-04T04:40:07.354393+00:00,4.016,inferring,121.9,2010.58984375,3.0,18962.0625
2026-06-04T04:40:09.354740+00:00,6.016,inferring,126.0,2011.53125,3.0,18962.0625
2026-06-04T04:40:11.355209+00:00,8.017,inferring,125.5,2012.9609375,3.0,18962.0625
2026-06-04T04:40:13.356017+00:00,10.017,inferring,125.0,2012.87890625,3.0,18962.0625
2026-06-04T04:40:15.356389+00:00,12.018,inferring,125.0,2015.04296875,3.0,18962.0625
2026-06-04T04:40:17.356741+00:00,14.018,inferring,125.5,2015.81640625,3.0,18962.0625
2026-06-04T04:40:19.357050+00:00,16.018,inferring,125.0,2016.71484375,3.0,18962.0625
2026-06-04T04:40:21.357385+00:00,18.019,inferring,126.0,2017.71484375,3.0,18962.0625
2026-06-04T04:40:23.357760+00:00,20.019,inferring,124.0,2015.54296875,3.0,18962.0625
2026-06-04T04:40:25.358086+00:00,22.02,inferring,125.0,2015.609375,2.0,18962.0625
2026-06-04T04:40:27.358386+00:00,24.02,inferring,125.5,2015.66015625,3.0,18962.0625
2026-06-04T04:40:29.358698+00:00,26.02,inferring,125.5,2016.22265625,3.0,18962.0625
2026-06-04T04:40:31.358996+00:00,28.02,inferring,126.0,2015.91015625,3.0,18962.0625
2026-06-04T04:40:33.359336+00:00,30.021,inferring,126.0,2016.6875,2.0,18962.0625
2026-06-04T04:40:35.359660+00:00,32.021,inferring,124.5,2017.09765625,3.0,18962.0625
2026-06-04T04:40:37.359979+00:00,34.021,inferring,125.0,2018.0625,2.0,18962.0625
2026-06-04T04:40:39.360427+00:00,36.022,inferring,125.5,2018.91015625,2.0,18962.0625
2026-06-04T04:40:41.360775+00:00,38.022,inferring,125.5,2019.40234375,2.0,18962.0625
2026-06-04T04:40:43.361185+00:00,40.023,inferring,125.0,2020.4453125,2.0,18962.0625
2026-06-04T04:40:45.361543+00:00,42.023,inferring,124.5,2020.46484375,3.0,18962.0625
2026-06-04T04:40:47.361868+00:00,44.023,inferring,125.5,2020.56640625,2.0,18962.0625
2026-06-04T04:40:49.362193+00:00,46.024,inferring,125.5,2020.421875,3.0,18962.0625
2026-06-04T04:40:51.362557+00:00,48.024,inferring,124.5,2020.55859375,3.0,18962.0625
2026-06-04T04:40:53.362940+00:00,50.024,inferring,124.5,2020.43359375,2.0,18962.0625
2026-06-04T04:40:55.363338+00:00,52.025,inferring,124.5,2020.5546875,2.0,18962.0625
2026-06-04T04:40:57.363809+00:00,54.025,inferring,125.0,2020.5703125,2.0,18962.0625
2026-06-04T04:40:59.365115+00:00,56.027,inferring,125.0,2020.19921875,3.0,18962.0625
2026-06-04T04:41:01.365430+00:00,58.027,inferring,124.9,2020.5703125,2.0,18962.0625
2026-06-04T04:41:03.367581+00:00,60.029,inferring,123.5,2020.046875,3.0,18962.0625
2026-06-04T04:41:05.367910+00:00,62.029,inferring,124.9,2016.9765625,3.0,18962.0625
2026-06-04T04:41:07.369558+00:00,64.031,inferring,125.0,2016.9453125,2.0,18962.0625
2026-06-04T04:41:09.369947+00:00,66.031,inferring,125.4,2017.39453125,2.0,18962.0625
2026-06-04T04:41:11.370233+00:00,68.032,inferring,125.5,2017.37109375,3.0,18962.0625
2026-06-04T04:41:13.370570+00:00,70.032,inferring,125.0,2017.45703125,3.0,18962.0625
2026-06-04T04:41:15.370910+00:00,72.032,inferring,124.5,2017.54296875,3.0,18962.0625
2026-06-04T04:41:17.372485+00:00,74.034,inferring,125.0,2017.2734375,3.0,18962.0625
2026-06-04T04:41:19.374508+00:00,76.036,inferring,125.4,2017.390625,3.0,18962.0625
2026-06-04T04:41:21.374818+00:00,78.036,inferring,124.4,2017.78515625,2.0,18962.0625
2026-06-04T04:41:23.377047+00:00,80.038,inferring,125.0,2017.5859375,3.0,18962.0625
2026-06-04T04:41:25.377434+00:00,82.039,inferring,124.9,2017.94140625,2.0,18962.0625
2026-06-04T04:41:27.377789+00:00,84.039,inferring,124.5,2017.77734375,3.0,18962.0625
2026-06-04T04:41:29.378112+00:00,86.04,inferring,125.5,2018.234375,2.0,18962.0625
2026-06-04T04:41:31.378410+00:00,88.04,inferring,125.0,2018.234375,2.0,18962.0625
2026-06-04T04:41:33.378747+00:00,90.04,inferring,125.0,2018.734375,3.0,18962.0625
2026-06-04T04:41:35.379136+00:00,92.041,inferring,124.5,2018.88671875,3.0,18962.0625
2026-06-04T04:41:37.379445+00:00,94.041,inferring,125.0,2018.8359375,3.0,18962.0625
2026-06-04T04:41:39.379779+00:00,96.041,inferring,125.0,2019.6796875,3.0,18962.0625
2026-06-04T04:41:41.381729+00:00,98.043,inferring,125.5,2019.89453125,3.0,18962.0625
2026-06-04T04:41:43.382047+00:00,100.043,inferring,124.4,2020.89453125,2.0,18962.0625
2026-06-04T04:41:45.382381+00:00,102.044,inferring,125.0,2021.25,3.0,18962.0625
2026-06-04T04:41:47.382727+00:00,104.044,inferring,122.5,2019.3046875,2.0,18962.0625
2026-06-04T04:41:49.383077+00:00,106.045,inferring,125.0,2019.33203125,3.0,18962.0625
2026-06-04T04:41:51.383873+00:00,108.045,inferring,124.5,2019.06640625,3.0,18962.0625
2026-06-04T04:41:53.385263+00:00,110.047,inferring,125.0,2019.16015625,2.0,18962.0625
2026-06-04T04:41:55.386120+00:00,112.048,inferring,124.9,2019.2109375,2.0,18962.0625
2026-06-04T04:41:57.386472+00:00,114.048,inferring,125.0,2019.6484375,3.0,18962.0625
2026-06-04T04:41:59.386833+00:00,116.048,inferring,125.0,2019.75,3.0,18962.0625
2026-06-04T04:42:01.387155+00:00,118.049,inferring,125.0,2019.453125,2.0,18962.0625
2026-06-04T04:42:03.387477+00:00,120.049,inferring,125.0,2019.72265625,2.0,18962.0625
2026-06-04T04:42:05.387805+00:00,122.049,inferring,125.0,2019.9453125,2.0,18962.0625
2026-06-04T04:42:07.388131+00:00,124.05,inferring,125.5,2019.703125,3.0,18962.0625
2026-06-04T04:42:09.390638+00:00,126.052,inferring,125.0,2019.75390625,2.0,18962.0625
2026-06-04T04:42:11.390977+00:00,128.052,inferring,124.9,2020.25,3.0,18962.0625
2026-06-04T04:42:13.391385+00:00,130.053,inferring,125.5,2020.2421875,3.0,18962.0625
2026-06-04T04:42:15.391765+00:00,132.053,inferring,124.5,2020.0234375,3.0,18962.0625
2026-06-04T04:42:17.392083+00:00,134.054,inferring,124.5,2020.3984375,3.0,18962.0625
2026-06-04T04:42:19.392422+00:00,136.054,inferring,125.5,2020.55078125,2.0,18962.0625
2026-06-04T04:42:21.392758+00:00,138.054,inferring,126.0,2021.0859375,2.0,18962.0625
2026-06-04T04:42:23.393111+00:00,140.055,inferring,125.5,2020.9609375,3.0,18962.0625
2026-06-04T04:42:25.393530+00:00,142.055,inferring,124.0,2021.9453125,3.0,18962.0625
2026-06-04T04:42:27.393806+00:00,144.055,inferring,125.0,2022.515625,3.0,18962.0625
2026-06-04T04:42:29.394144+00:00,146.056,inferring,123.5,2020.875,3.0,18962.0625
2026-06-04T04:42:31.394463+00:00,148.056,inferring,124.5,2020.875,3.0,18962.0625
2026-06-04T04:42:33.394837+00:00,150.056,inferring,124.5,2021.0234375,3.0,18962.0625
2026-06-04T04:42:35.396163+00:00,152.058,inferring,125.5,2020.71484375,3.0,18962.0625
2026-06-04T04:42:37.396500+00:00,154.058,inferring,124.4,2021.19921875,3.0,18962.0625
2026-06-04T04:42:39.396936+00:00,156.058,inferring,125.0,2021.23046875,2.0,18962.0625
2026-06-04T04:42:41.397321+00:00,158.059,inferring,125.0,2021.23046875,2.0,18962.0625
2026-06-04T04:42:43.397663+00:00,160.059,inferring,125.5,2021.02734375,3.0,18962.0625
2026-06-04T04:42:45.399775+00:00,162.061,inferring,125.0,2020.20703125,2.0,18962.0625
2026-06-04T04:42:47.400862+00:00,164.062,inferring,124.4,2021.13671875,3.0,18962.0625
2026-06-04T04:42:49.401239+00:00,166.063,inferring,125.4,2021.60546875,2.0,18962.0625
2026-06-04T04:42:51.402126+00:00,168.064,inferring,125.0,2021.30859375,2.0,18962.0625
2026-06-04T04:42:53.402453+00:00,170.064,inferring,124.5,2021.7421875,3.0,18962.0625
2026-06-04T04:42:55.402853+00:00,172.064,inferring,125.5,2021.65625,2.0,18962.0625
2026-06-04T04:42:57.404412+00:00,174.066,inferring,124.0,2021.4453125,3.0,18962.0625
2026-06-04T04:42:59.404851+00:00,176.066,inferring,124.9,2021.8203125,3.0,18962.0625
2026-06-04T04:43:01.405247+00:00,178.067,inferring,125.5,2021.65625,2.0,18962.0625
2026-06-04T04:43:03.405812+00:00,180.067,inferring,125.0,2021.75,2.0,18962.0625
2026-06-04T04:43:05.407420+00:00,182.069,inferring,124.5,2022.02734375,2.0,18962.0625
2026-06-04T04:43:07.407738+00:00,184.069,inferring,124.9,2022.83203125,2.0,18962.0625
2026-06-04T04:43:09.413398+00:00,186.075,inferring,125.5,2023.703125,2.0,18962.0625
2026-06-04T04:43:11.413860+00:00,188.075,inferring,123.2,2024.69140625,3.0,18962.0625
2026-06-04T04:43:13.414224+00:00,190.076,inferring,124.5,2022.91796875,3.0,18962.0625
2026-06-04T04:43:15.414759+00:00,192.076,inferring,125.0,2022.61328125,3.0,18962.0625
2026-06-04T04:43:17.415207+00:00,194.077,inferring,124.0,2022.75,2.0,18962.0625
2026-06-04T04:43:19.415696+00:00,196.077,inferring,125.0,2022.73046875,2.0,18962.0625
2026-06-04T04:43:21.416014+00:00,198.077,inferring,125.0,2022.80859375,3.0,18962.0625
2026-06-04T04:43:23.416476+00:00,200.078,inferring,124.5,2022.87109375,2.0,18962.0625
2026-06-04T04:43:25.417159+00:00,202.079,inferring,124.5,2023.27734375,3.0,18962.0625
2026-06-04T04:43:27.417979+00:00,204.079,inferring,124.4,2023.3984375,3.0,18962.0625
2026-06-04T04:43:29.418300+00:00,206.08,inferring,125.0,2023.109375,2.0,18962.0625
2026-06-04T04:43:31.418631+00:00,208.08,inferring,125.5,2023.55078125,2.0,18962.0625
2026-06-04T04:43:33.419003+00:00,210.08,inferring,124.5,2023.60546875,3.0,18962.0625
2026-06-04T04:43:35.419722+00:00,212.081,inferring,124.5,2023.34765625,2.0,18962.0625
2026-06-04T04:43:37.420952+00:00,214.082,inferring,125.4,2023.4140625,2.0,18962.0625
2026-06-04T04:43:39.421270+00:00,216.083,inferring,124.5,2023.84375,3.0,18962.0625
2026-06-04T04:43:41.421770+00:00,218.083,inferring,126.0,2023.625,3.0,18962.0625
2026-06-04T04:43:43.423864+00:00,220.085,inferring,125.5,2023.6640625,2.0,18962.0625
2026-06-04T04:43:45.424254+00:00,222.086,inferring,124.4,2023.78125,3.0,18962.0625
2026-06-04T04:43:47.424589+00:00,224.086,inferring,125.0,2023.9375,3.0,18962.0625
2026-06-04T04:43:49.425125+00:00,226.087,inferring,125.0,2024.7890625,3.0,18962.0625
2026-06-04T04:43:51.425784+00:00,228.087,inferring,125.5,2025.13671875,3.0,18962.0625
2026-06-04T04:43:53.428340+00:00,230.09,inferring,124.9,2026.09765625,2.0,18962.0625
2026-06-04T04:43:55.429423+00:00,232.091,inferring,122.4,2024.25,3.0,18962.0625
2026-06-04T04:43:57.429730+00:00,234.091,inferring,124.4,2024.765625,3.0,18962.0625
2026-06-04T04:43:59.430041+00:00,236.091,inferring,124.5,2024.83203125,2.0,18962.0625
2026-06-04T04:44:01.430409+00:00,238.092,inferring,124.5,2024.890625,3.0,18962.0625
2026-06-04T04:44:03.430721+00:00,240.092,inferring,125.0,2024.6484375,3.0,18962.0625
2026-06-04T04:44:05.431065+00:00,242.092,inferring,124.0,2024.921875,2.0,18962.0625
2026-06-04T04:44:07.431385+00:00,244.093,inferring,125.5,2025.19140625,2.0,18962.0625
2026-06-04T04:44:09.433087+00:00,246.095,inferring,127.0,2024.73828125,3.0,18962.0625
2026-06-04T04:44:11.433404+00:00,248.095,inferring,124.9,2025.12109375,3.0,18962.0625
2026-06-04T04:44:13.433838+00:00,250.095,inferring,124.5,2024.86328125,3.0,18962.0625
2026-06-04T04:44:15.434208+00:00,252.096,inferring,123.5,2025.33984375,3.0,18962.0625
2026-06-04T04:44:17.434502+00:00,254.096,inferring,125.5,2025.015625,2.0,18962.0625
2026-06-04T04:44:19.434810+00:00,256.096,inferring,124.5,2025.0859375,3.0,18962.0625
2026-06-04T04:44:21.435304+00:00,258.097,inferring,125.0,2025.16796875,2.0,18962.0625
2026-06-04T04:44:23.436045+00:00,260.097,inferring,124.0,2025.24609375,3.0,18962.0625
2026-06-04T04:44:25.436449+00:00,262.098,inferring,124.5,2025.6640625,3.0,18962.0625
2026-06-04T04:44:27.436766+00:00,264.098,inferring,124.5,2025.40625,2.0,18962.0625
2026-06-04T04:44:29.439202+00:00,266.101,inferring,123.9,2025.51953125,3.0,18962.0625
2026-06-04T04:44:31.439616+00:00,268.101,inferring,124.9,2025.6484375,2.0,18962.0625
2026-06-04T04:44:33.440029+00:00,270.101,inferring,125.5,2026.53125,2.0,18962.0625
2026-06-04T04:44:35.441455+00:00,272.103,inferring,124.5,2026.828125,2.0,18962.0625
2026-06-04T04:44:37.443359+00:00,274.105,inferring,123.9,2027.87109375,3.0,18962.0625
2026-06-04T04:44:39.445012+00:00,276.106,inferring,122.4,2026.90625,3.0,18962.0625
2026-06-04T04:44:41.447103+00:00,278.109,inferring,123.9,2026.97265625,2.0,18962.0625
2026-06-04T04:44:43.447447+00:00,280.109,inferring,123.4,2027.37109375,2.0,18962.0625
2026-06-04T04:44:45.447830+00:00,282.109,inferring,124.5,2027.421875,2.0,18962.0625
2026-06-04T04:44:47.449036+00:00,284.11,inferring,121.9,2027.53515625,2.0,18962.0625
2026-06-04T04:44:49.449442+00:00,286.111,inferring,122.5,2027.61328125,2.0,18962.0625
2026-06-04T04:44:51.449844+00:00,288.111,inferring,124.0,2027.3515625,2.0,18962.0625
2026-06-04T04:44:53.452087+00:00,290.114,inferring,110.0,2027.64453125,2.0,18962.0625
2026-06-04T04:44:55.452436+00:00,292.114,inferring,107.4,2028.0546875,2.0,18962.0625
2026-06-04T04:44:57.453857+00:00,294.115,inferring,106.4,2027.80078125,2.0,18962.0625
2026-06-04T04:44:59.454636+00:00,296.116,inferring,110.0,2027.8125,3.0,18962.0625
2026-06-04T04:45:01.455039+00:00,298.116,inferring,111.0,2028.234375,2.0,18962.0625
2026-06-04T04:45:03.455505+00:00,300.117,inferring,110.5,2028.3125,3.0,18962.0625
2026-06-04T04:45:05.455911+00:00,302.117,inferring,107.5,2028.37890625,2.0,18962.0625
2026-06-04T04:45:07.456254+00:00,304.118,inferring,108.0,2028.1015625,2.0,18962.0625
2026-06-04T04:45:09.456754+00:00,306.118,inferring,108.5,2028.1640625,2.0,18962.0625
2026-06-04T04:45:11.458329+00:00,308.12,inferring,109.0,2028.23046875,2.0,18962.0625
2026-06-04T04:45:13.458724+00:00,310.12,inferring,105.9,2028.703125,2.0,18962.0625
2026-06-04T04:45:15.460660+00:00,312.122,inferring,104.9,2028.390625,2.0,18962.0625
2026-06-04T04:45:17.461205+00:00,314.123,inferring,108.0,2028.8046875,2.0,18962.0625
2026-06-04T04:45:19.461729+00:00,316.123,inferring,110.0,2028.984375,2.0,18962.0625
2026-06-04T04:45:21.462446+00:00,318.124,inferring,111.0,2029.2109375,3.0,18962.0625
2026-06-04T04:45:23.463031+00:00,320.124,inferring,111.0,2029.2109375,2.0,18962.0625
2026-06-04T04:45:25.464608+00:00,322.126,inferring,108.5,2029.94140625,2.0,18962.0625
2026-06-04T04:45:27.465059+00:00,324.126,inferring,105.4,2031.05859375,2.0,18962.0625
2026-06-04T04:45:29.465471+00:00,326.127,inferring,109.5,2029.35546875,2.0,18962.0625
2026-06-04T04:45:31.465880+00:00,328.127,inferring,112.5,2029.40234375,2.0,18962.0625
2026-06-04T04:45:33.467408+00:00,330.129,inferring,108.9,2029.12109375,2.0,18962.0625
2026-06-04T04:45:35.468000+00:00,332.129,inferring,105.0,2029.1796875,2.0,18962.0625
2026-06-04T04:45:37.468987+00:00,334.13,inferring,109.0,2029.25390625,2.0,18962.0625
2026-06-04T04:45:39.469452+00:00,336.131,inferring,108.0,2029.66015625,2.0,18962.0625
2026-06-04T04:45:41.469923+00:00,338.131,inferring,107.0,2029.765625,2.0,18962.0625
2026-06-04T04:45:43.470347+00:00,340.132,inferring,106.0,2029.421875,2.0,18962.0625
2026-06-04T04:45:45.470923+00:00,342.132,inferring,108.0,2029.87890625,2.0,18962.0625
2026-06-04T04:45:47.471369+00:00,344.133,inferring,103.5,2029.546875,2.0,18962.0625
2026-06-04T04:45:49.471822+00:00,346.133,inferring,111.5,2029.62890625,3.0,18962.0625
2026-06-04T04:45:51.473635+00:00,348.135,inferring,111.5,2029.71875,2.0,18962.0625
2026-06-04T04:45:53.473968+00:00,350.135,inferring,109.9,2030.12109375,2.0,18962.0625
2026-06-04T04:45:55.474332+00:00,352.136,inferring,107.5,2029.83203125,2.0,18962.0625
2026-06-04T04:45:57.474708+00:00,354.136,inferring,104.5,2028.859375,2.0,18962.0625
2026-06-04T04:45:59.475147+00:00,356.137,inferring,112.5,2029.93359375,3.0,18962.0625
2026-06-04T04:46:01.475522+00:00,358.137,inferring,110.0,2030.265625,2.0,18962.0625
2026-06-04T04:46:03.476067+00:00,360.138,inferring,111.0,2029.98828125,2.0,18962.0625
2026-06-04T04:46:05.476455+00:00,362.138,inferring,111.5,2030.109375,2.0,18962.0625
2026-06-04T04:46:07.476831+00:00,364.138,inferring,108.5,2030.203125,2.0,18962.0625
2026-06-04T04:46:09.478591+00:00,366.14,inferring,104.5,2030.58203125,2.0,18962.0625
2026-06-04T04:46:11.478975+00:00,368.14,inferring,110.4,2030.80078125,3.0,18962.0625
2026-06-04T04:46:13.479448+00:00,370.141,inferring,107.0,2030.8515625,2.0,18962.0625
2026-06-04T04:46:15.480522+00:00,372.142,inferring,106.4,2031.83203125,2.0,18962.0625
2026-06-04T04:46:17.480929+00:00,374.142,inferring,105.5,2033.0,2.0,18962.0625
2026-06-04T04:46:19.481719+00:00,376.143,inferring,108.0,2030.1484375,2.0,18962.0625
2026-06-04T04:46:21.482065+00:00,378.143,inferring,112.0,2031.4453125,2.0,18962.0625
2026-06-04T04:46:23.482517+00:00,380.144,inferring,110.5,2031.14453125,2.0,18962.0625
2026-06-04T04:46:25.482863+00:00,382.144,inferring,108.0,2031.19921875,2.0,18962.0625
2026-06-04T04:46:27.485236+00:00,384.147,inferring,107.0,2031.2734375,2.0,18962.0625
2026-06-04T04:46:29.485648+00:00,386.147,inferring,108.9,2031.38671875,2.0,18962.0625
2026-06-04T04:46:31.486164+00:00,388.148,inferring,110.0,2031.80859375,2.0,18962.0625
2026-06-04T04:46:33.486679+00:00,390.148,inferring,111.5,2031.9140625,2.0,18962.0625
2026-06-04T04:46:35.487060+00:00,392.148,inferring,105.0,2031.984375,2.0,18962.0625
2026-06-04T04:46:37.487455+00:00,394.149,inferring,107.5,2031.9296875,2.0,18962.0625
2026-06-04T04:46:39.488597+00:00,396.15,inferring,110.5,2032.078125,2.0,18962.0625
2026-06-04T04:46:41.488965+00:00,398.15,inferring,105.4,2032.15625,2.0,18962.0625
2026-06-04T04:46:43.489412+00:00,400.151,inferring,111.5,2031.8515625,2.0,18962.0625
2026-06-04T04:46:45.491043+00:00,402.152,inferring,111.9,2031.9375,2.0,18962.0625
2026-06-04T04:46:47.491616+00:00,404.153,inferring,109.5,2032.0,3.0,18962.0625
2026-06-04T04:46:49.491986+00:00,406.153,inferring,110.0,2032.03515625,2.0,18962.0625
2026-06-04T04:46:51.492511+00:00,408.154,inferring,110.0,2032.0703125,2.0,18962.0625
2026-06-04T04:46:53.496988+00:00,410.158,inferring,110.0,2032.171875,2.0,18962.0625
2026-06-04T04:46:55.497384+00:00,412.159,inferring,109.3,2032.23828125,2.0,18962.0625
2026-06-04T04:46:57.497742+00:00,414.159,inferring,104.0,2032.69140625,2.0,18962.0625
2026-06-04T04:46:59.498219+00:00,416.16,inferring,110.5,2032.38671875,2.0,18962.0625
2026-06-04T04:47:01.499669+00:00,418.161,inferring,106.9,2032.5078125,2.0,18962.0625
2026-06-04T04:47:03.500076+00:00,420.162,inferring,110.0,2033.16015625,3.0,18962.0625
2026-06-04T04:47:05.500418+00:00,422.162,inferring,107.5,2033.45703125,2.0,18962.0625
2026-06-04T04:47:07.501665+00:00,424.163,inferring,104.5,2034.49609375,3.0,18962.0625
2026-06-04T04:47:09.502092+00:00,426.164,inferring,106.9,2035.3125,2.0,18962.0625
2026-06-04T04:47:11.502718+00:00,428.164,inferring,107.5,2033.4921875,2.0,18962.0625
2026-06-04T04:47:13.505012+00:00,430.166,inferring,107.4,2032.984375,2.0,18962.0625
2026-06-04T04:47:15.508839+00:00,432.17,inferring,105.0,2033.03125,2.0,18962.0625
2026-06-04T04:47:17.509241+00:00,434.171,inferring,105.3,2033.44140625,2.0,18962.0625
2026-06-04T04:47:19.509626+00:00,436.171,inferring,111.0,2033.19921875,2.0,18962.0625
2026-06-04T04:47:21.510059+00:00,438.171,inferring,113.0,2033.578125,2.0,18962.0625
2026-06-04T04:47:23.511218+00:00,440.173,inferring,112.4,2033.40234375,2.0,18962.0625
2026-06-04T04:47:25.511874+00:00,442.173,inferring,105.5,2033.26953125,2.0,18962.0625
2026-06-04T04:47:27.512232+00:00,444.174,inferring,104.0,2033.65625,2.0,18962.0625
2026-06-04T04:47:29.513530+00:00,446.175,inferring,109.5,2033.42578125,2.0,18962.0625
2026-06-04T04:47:31.514977+00:00,448.176,inferring,107.9,2033.5078125,3.0,18962.0625
2026-06-04T04:47:33.515320+00:00,450.177,inferring,108.9,2033.91015625,2.0,18962.0625
2026-06-04T04:47:35.515700+00:00,452.177,inferring,108.5,2034.01953125,2.0,18962.0625
2026-06-04T04:47:37.516950+00:00,454.178,inferring,105.4,2033.671875,2.0,18962.0625
2026-06-04T04:47:39.518100+00:00,456.18,inferring,108.5,2033.73828125,2.0,18962.0625
2026-06-04T04:47:41.520238+00:00,458.182,inferring,110.4,2033.77734375,2.0,18962.0625
2026-06-04T04:47:43.520601+00:00,460.182,inferring,106.9,2034.28515625,2.0,18962.0625
2026-06-04T04:47:45.521040+00:00,462.182,inferring,108.0,2034.34765625,2.0,18962.0625
2026-06-04T04:47:47.521628+00:00,464.183,inferring,107.5,2034.0390625,2.0,18962.0625
2026-06-04T04:47:49.525786+00:00,466.187,inferring,112.5,2034.13671875,2.0,18962.0625
2026-06-04T04:47:51.526934+00:00,468.188,inferring,112.3,2034.12109375,3.0,18962.0625
2026-06-04T04:47:53.527331+00:00,470.189,inferring,112.9,2034.6015625,2.0,18962.0625
2026-06-04T04:47:55.527845+00:00,472.189,inferring,103.5,2034.4921875,1.0,18962.0625
2026-06-04T04:47:57.528297+00:00,474.19,inferring,107.0,2035.53125,3.0,18962.0625
2026-06-04T04:47:59.529052+00:00,476.19,inferring,110.5,2035.91796875,2.0,18962.0625
2026-06-04T04:48:01.529376+00:00,478.191,inferring,110.5,2037.22265625,2.0,18962.0625
2026-06-04T04:48:03.529747+00:00,480.191,inferring,109.0,2035.3125,2.0,18962.0625
2026-06-04T04:48:05.530088+00:00,482.192,inferring,107.0,2035.35546875,2.0,18962.0625
2026-06-04T04:48:07.530421+00:00,484.192,inferring,107.0,2035.04296875,3.0,18962.0625
2026-06-04T04:48:09.531988+00:00,486.193,inferring,112.4,2035.1171875,2.0,18962.0625
2026-06-04T04:48:11.533762+00:00,488.195,inferring,110.5,2035.19140625,2.0,18962.0625
2026-06-04T04:48:13.535626+00:00,490.197,inferring,110.4,2035.2734375,2.0,18962.0625
2026-06-04T04:48:15.536928+00:00,492.198,inferring,107.9,2035.32421875,2.0,18962.0625
2026-06-04T04:48:17.537534+00:00,494.199,inferring,101.0,2035.72265625,2.0,18962.0625
2026-06-04T04:48:19.537948+00:00,496.199,inferring,107.5,2035.78125,2.0,18962.0625
2026-06-04T04:48:21.538461+00:00,498.2,inferring,108.0,2035.5078125,2.0,18962.0625
2026-06-04T04:48:23.540357+00:00,500.202,inferring,101.0,2035.55859375,2.0,18962.0625
2026-06-04T04:48:25.540851+00:00,502.202,inferring,105.9,2035.97265625,2.0,18962.0625
2026-06-04T04:48:27.542852+00:00,504.204,inferring,105.0,2036.01953125,2.0,18962.0625
2026-06-04T04:48:29.543516+00:00,506.205,inferring,108.4,2036.0859375,2.0,18962.0625
2026-06-04T04:48:31.543866+00:00,508.205,inferring,106.5,2035.86328125,3.0,18962.0625
2026-06-04T04:48:33.545137+00:00,510.207,inferring,109.0,2035.85546875,3.0,18962.0625
2026-06-04T04:48:35.545625+00:00,512.207,inferring,108.4,2035.87109375,2.0,18962.0625
2026-06-04T04:48:37.546591+00:00,514.208,inferring,108.0,2036.22265625,3.0,18962.0625
2026-06-04T04:48:39.547092+00:00,516.209,inferring,110.4,2036.3828125,2.0,18962.0625
2026-06-04T04:48:41.547481+00:00,518.209,inferring,110.5,2036.2578125,2.0,18962.0625
2026-06-04T04:48:43.547862+00:00,520.209,inferring,108.5,2036.53515625,2.0,18962.0625
2026-06-04T04:48:45.549744+00:00,522.211,inferring,108.0,2036.32421875,2.0,18962.0625
2026-06-04T04:48:47.550224+00:00,524.212,inferring,110.9,2036.57421875,2.0,18962.0625
2026-06-04T04:48:49.550742+00:00,526.212,inferring,112.0,2037.17578125,2.0,18962.0625
2026-06-04T04:48:51.551130+00:00,528.213,inferring,111.0,2038.25390625,2.0,18962.0625
2026-06-04T04:48:53.653852+00:00,530.315,inferring,109.2,2037.92578125,2.0,18962.0625
2026-06-04T04:48:55.654249+00:00,532.316,inferring,104.6,2036.734375,2.0,18962.0625
2026-06-04T04:48:57.655524+00:00,534.317,inferring,105.9,2037.2109375,2.0,18962.0625
2026-06-04T04:48:59.655834+00:00,536.317,inferring,109.5,2037.3359375,3.0,18962.0625
2026-06-04T04:49:01.656169+00:00,538.318,inferring,108.5,2037.01953125,2.0,18962.0625
2026-06-04T04:49:03.656914+00:00,540.318,inferring,108.5,2037.06640625,2.0,18962.0625
2026-06-04T04:49:05.662717+00:00,542.324,inferring,107.2,2037.08984375,2.0,18962.0625
2026-06-04T04:49:07.663493+00:00,544.325,inferring,108.0,2037.14453125,2.0,18962.0625
2026-06-04T04:49:09.663832+00:00,546.325,inferring,111.5,2037.5546875,2.0,18962.0625
2026-06-04T04:49:11.664396+00:00,548.326,inferring,109.0,2037.31640625,2.0,18962.0625
2026-06-04T04:49:13.664883+00:00,550.326,inferring,109.0,2037.390625,2.0,18962.0625
2026-06-04T04:49:15.665309+00:00,552.327,inferring,108.0,2037.42578125,2.0,18962.0625
2026-06-04T04:49:17.665685+00:00,554.327,inferring,108.5,2037.52734375,3.0,18962.0625
2026-06-04T04:49:19.666115+00:00,556.328,inferring,111.0,2037.8984375,2.0,18962.0625
2026-06-04T04:49:21.666452+00:00,558.328,inferring,112.0,2037.74609375,2.0,18962.0625
2026-06-04T04:49:23.666899+00:00,560.328,inferring,109.0,2038.03125,3.0,18962.0625
2026-06-04T04:49:25.668156+00:00,562.33,inferring,106.0,2037.7421875,2.0,18962.0625
2026-06-04T04:49:27.670282+00:00,564.332,inferring,108.4,2037.83984375,2.0,18962.0625
2026-06-04T04:49:29.671021+00:00,566.332,inferring,108.9,2038.22265625,2.0,18962.0625
2026-06-04T04:49:31.672646+00:00,568.334,inferring,109.5,2037.9296875,2.0,18962.0625
2026-06-04T04:49:33.673006+00:00,570.334,inferring,108.4,2038.31640625,3.0,18962.0625
2026-06-04T04:49:35.673931+00:00,572.335,inferring,103.5,2038.3515625,2.0,18962.0625
2026-06-04T04:49:37.674275+00:00,574.336,inferring,107.5,2038.1953125,3.0,18962.0625
2026-06-04T04:49:39.674851+00:00,576.336,inferring,108.0,2038.82421875,2.0,18962.0625
2026-06-04T04:49:41.675271+00:00,578.337,inferring,107.0,2039.15234375,2.0,18962.0625
2026-06-04T04:49:43.675638+00:00,580.337,inferring,110.5,2039.7578125,2.0,18962.0625
2026-06-04T04:49:45.680757+00:00,582.342,inferring,105.9,2040.57421875,2.0,18962.0625
2026-06-04T04:49:47.681145+00:00,584.343,inferring,108.8,2039.03515625,2.0,18962.0625
2026-06-04T04:49:49.681721+00:00,586.343,inferring,110.5,2039.08203125,2.0,18962.0625
2026-06-04T04:49:51.682154+00:00,588.344,inferring,110.0,2039.1171875,2.0,18962.0625
2026-06-04T04:49:53.683747+00:00,590.345,inferring,110.4,2039.2109375,2.0,18962.0625
2026-06-04T04:49:55.687291+00:00,592.349,inferring,102.9,2038.92578125,3.0,18962.0625
2026-06-04T04:49:57.687641+00:00,594.349,inferring,108.8,2039.31640625,2.0,18962.0625
2026-06-04T04:49:59.689144+00:00,596.351,inferring,109.5,2040.4921875,2.0,18962.0625
2026-06-04T04:50:01.689520+00:00,598.351,inferring,110.4,2040.89453125,2.0,18962.0625
2026-06-04T04:50:03.690518+00:00,600.352,inferring,111.0,2040.61328125,2.0,18962.0625
2026-06-04T04:50:05.690889+00:00,602.352,inferring,105.0,2041.01953125,2.0,18962.0625
2026-06-04T04:50:07.691294+00:00,604.353,inferring,110.0,2040.77734375,2.0,18962.0625
2026-06-04T04:50:09.693371+00:00,606.355,inferring,109.5,2040.7890625,2.0,18962.0625
2026-06-04T04:50:11.695274+00:00,608.357,inferring,108.9,2040.85546875,2.0,18962.0625
2026-06-04T04:50:13.695835+00:00,610.357,inferring,108.9,2040.890625,2.0,18962.0625
2026-06-04T04:50:15.696230+00:00,612.358,inferring,104.0,2041.265625,2.0,18962.0625
2026-06-04T04:50:17.696697+00:00,614.358,inferring,108.5,2041.38671875,2.0,18962.0625
2026-06-04T04:50:19.697097+00:00,616.359,inferring,108.0,2041.3984375,2.0,18962.0625
2026-06-04T04:50:21.700162+00:00,618.362,inferring,109.9,2041.15625,2.0,18962.0625
2026-06-04T04:50:23.700480+00:00,620.362,inferring,110.9,2041.24609375,2.0,18962.0625
2026-06-04T04:50:25.700882+00:00,622.362,inferring,103.5,2041.7109375,2.0,18962.0625
2026-06-04T04:50:27.701468+00:00,624.363,inferring,106.0,2041.703125,2.0,18962.0625
2026-06-04T04:50:29.701924+00:00,626.363,inferring,108.5,2041.4453125,2.0,18962.0625
2026-06-04T04:50:31.702500+00:00,628.364,inferring,110.0,2041.625,3.0,18962.0625
2026-06-04T04:50:33.702933+00:00,630.364,inferring,110.0,2042.5859375,2.0,18962.0625
2026-06-04T04:50:35.703280+00:00,632.365,inferring,106.5,2043.29296875,2.0,18962.0625
2026-06-04T04:50:37.703691+00:00,634.365,inferring,110.0,2044.23828125,2.0,18962.0625
2026-06-04T04:50:39.704068+00:00,636.366,inferring,108.5,2042.18359375,2.0,18962.0625
2026-06-04T04:50:41.704490+00:00,638.366,inferring,112.0,2042.30859375,2.0,18962.0625
2026-06-04T04:50:43.704828+00:00,640.366,inferring,109.5,2042.30078125,2.0,18962.0625
2026-06-04T04:50:45.705268+00:00,642.367,inferring,106.0,2042.41796875,2.0,18962.0625
2026-06-04T04:50:47.706899+00:00,644.368,inferring,110.0,2042.09375,2.0,18962.0625
2026-06-04T04:50:49.707320+00:00,646.369,inferring,112.9,2042.5,2.0,18962.0625
2026-06-04T04:50:51.707780+00:00,648.369,inferring,112.5,2042.546875,3.0,18962.0625
2026-06-04T04:50:53.709864+00:00,650.371,inferring,107.9,2042.29296875,2.0,18962.0625
2026-06-04T04:50:55.710831+00:00,652.372,inferring,99.5,2042.7265625,2.0,18962.0625
2026-06-04T04:50:57.711216+00:00,654.373,inferring,105.4,2042.37890625,2.0,18962.0625
2026-06-04T04:50:59.711540+00:00,656.373,inferring,112.5,2042.44140625,2.0,18962.0625
2026-06-04T04:51:01.713784+00:00,658.375,inferring,110.5,2042.51171875,2.0,18962.0625
2026-06-04T04:51:03.714145+00:00,660.376,inferring,109.9,2042.859375,2.0,18962.0625
2026-06-04T04:51:05.714690+00:00,662.376,inferring,108.0,2042.6484375,2.0,18962.0625
2026-06-04T04:51:07.715151+00:00,664.377,inferring,108.5,2043.046875,3.0,18962.0625
2026-06-04T04:51:09.715596+00:00,666.377,inferring,109.0,2043.07421875,2.0,18962.0625
2026-06-04T04:51:11.716019+00:00,668.377,inferring,108.5,2043.0625,3.0,18962.0625
2026-06-04T04:51:13.717534+00:00,670.379,inferring,109.5,2042.8125,3.0,18962.0625
2026-06-04T04:51:15.718021+00:00,672.379,inferring,105.4,2042.9453125,2.0,18962.0625
2026-06-04T04:51:17.718427+00:00,674.38,inferring,107.0,2043.328125,2.0,18962.0625
2026-06-04T04:51:19.718784+00:00,676.38,inferring,110.5,2043.0390625,2.0,18962.0625
2026-06-04T04:51:21.719134+00:00,678.381,inferring,110.5,2043.60546875,2.0,18962.0625
2026-06-04T04:51:23.720925+00:00,680.382,inferring,107.4,2043.41796875,2.0,18962.0625
2026-06-04T04:51:25.721386+00:00,682.383,inferring,104.5,2043.875,2.0,18962.0625
2026-06-04T04:51:27.722582+00:00,684.384,inferring,109.4,2044.52734375,2.0,18962.0625
2026-06-04T04:51:29.722959+00:00,686.384,inferring,109.0,2045.77734375,2.0,18962.0625
2026-06-04T04:51:31.723997+00:00,688.385,inferring,108.5,2044.00390625,0.0,18962.0625
2026-06-04T04:51:33.724419+00:00,690.386,inferring,107.5,2043.9375,2.0,18962.0625
2026-06-04T04:51:35.724859+00:00,692.386,inferring,106.5,2044.33984375,2.0,18962.0625
2026-06-04T04:51:37.727112+00:00,694.389,inferring,109.5,2044.09375,2.0,18962.0625
2026-06-04T04:51:39.727837+00:00,696.389,inferring,106.9,2044.5703125,2.0,18962.0625
2026-06-04T04:51:41.728182+00:00,698.39,inferring,108.5,2044.625,2.0,18962.0625
2026-06-04T04:51:43.729816+00:00,700.391,inferring,107.9,2044.2734375,2.0,18962.0625
2026-06-04T04:51:45.730176+00:00,702.392,inferring,105.5,2044.37890625,2.0,18962.0625
2026-06-04T04:51:47.730879+00:00,704.392,inferring,109.5,2044.40625,2.0,18962.0625
2026-06-04T04:51:49.732877+00:00,706.394,inferring,109.5,2044.47265625,2.0,18962.0625
2026-06-04T04:51:51.735063+00:00,708.396,inferring,109.4,2044.55078125,3.0,18962.0625
2026-06-04T04:51:53.735483+00:00,710.397,inferring,108.9,2044.953125,2.0,18962.0625
2026-06-04T04:51:55.736023+00:00,712.397,inferring,101.5,2045.05078125,2.0,18962.0625
2026-06-04T04:51:57.736434+00:00,714.398,inferring,111.0,2045.15234375,2.0,18962.0625
2026-06-04T04:51:59.736782+00:00,716.398,inferring,110.0,2044.98046875,2.0,18962.0625
2026-06-04T04:52:01.737145+00:00,718.399,inferring,110.5,2045.1484375,2.0,18962.0625
2026-06-04T04:52:03.737662+00:00,720.399,inferring,107.0,2045.21875,2.0,18962.0625
2026-06-04T04:52:05.739979+00:00,722.401,inferring,104.4,2044.9609375,2.0,18962.0625
2026-06-04T04:52:07.740397+00:00,724.402,inferring,109.5,2045.4453125,3.0,18962.0625
2026-06-04T04:52:09.741813+00:00,726.403,inferring,108.4,2045.140625,2.0,18962.0625
2026-06-04T04:52:11.743322+00:00,728.405,inferring,109.5,2045.171875,2.0,18962.0625
2026-06-04T04:52:13.743751+00:00,730.405,inferring,107.9,2045.6796875,2.0,18962.0625
2026-06-04T04:52:15.744186+00:00,732.406,inferring,106.0,2045.78125,2.0,18962.0625
2026-06-04T04:52:17.745920+00:00,734.407,inferring,106.9,2045.62890625,2.0,18962.0625
2026-06-04T04:52:19.746953+00:00,736.408,inferring,111.9,2046.16796875,2.0,18962.0625
2026-06-04T04:52:21.747308+00:00,738.409,inferring,111.5,2046.87109375,3.0,18962.0625
2026-06-04T04:52:23.760381+00:00,740.422,inferring,107.0,2045.9765625,2.0,18962.0625
2026-06-04T04:52:25.760864+00:00,742.422,inferring,104.8,2045.57421875,2.0,18962.0625
2026-06-04T04:52:27.762660+00:00,744.424,inferring,109.5,2045.94140625,2.0,18962.0625
2026-06-04T04:52:29.763550+00:00,746.425,inferring,108.9,2045.6640625,2.0,18962.0625
2026-06-04T04:52:31.763959+00:00,748.425,inferring,109.0,2046.02734375,2.0,18962.0625
2026-06-04T04:52:33.765578+00:00,750.427,inferring,108.0,2046.1953125,2.0,18962.0625
2026-06-04T04:52:35.766071+00:00,752.428,inferring,105.4,2045.89453125,2.0,18962.0625
2026-06-04T04:52:37.768014+00:00,754.429,inferring,110.0,2045.97265625,2.0,18962.0625
2026-06-04T04:52:39.769987+00:00,756.431,inferring,108.4,2045.94921875,2.0,18962.0625
2026-06-04T04:52:41.770372+00:00,758.432,inferring,107.4,2046.328125,2.0,18962.0625
2026-06-04T04:52:43.771503+00:00,760.433,inferring,109.5,2046.07421875,2.0,18962.0625
2026-06-04T04:52:45.771836+00:00,762.433,inferring,106.9,2046.515625,2.0,18962.0625
2026-06-04T04:52:47.772811+00:00,764.434,inferring,106.9,2046.234375,2.0,18962.0625
2026-06-04T04:52:49.774837+00:00,766.436,inferring,109.9,2046.296875,2.0,18962.0625
2026-06-04T04:52:51.775461+00:00,768.437,inferring,112.5,2046.36328125,2.0,18962.0625
2026-06-04T04:52:53.775914+00:00,770.437,inferring,112.5,2046.765625,2.0,18962.0625
2026-06-04T04:52:55.776590+00:00,772.438,inferring,106.0,2046.8203125,2.0,18962.0625
2026-06-04T04:52:57.777934+00:00,774.439,inferring,106.4,2046.94921875,2.0,18962.0625
2026-06-04T04:52:59.778260+00:00,776.44,inferring,112.5,2047.0390625,2.0,18962.0625
2026-06-04T04:53:01.778805+00:00,778.44,inferring,110.5,2046.72265625,2.0,18962.0625
2026-06-04T04:53:03.780616+00:00,780.442,inferring,107.0,2046.7890625,2.0,18962.0625
2026-06-04T04:53:05.783041+00:00,782.444,inferring,103.4,2046.8515625,2.0,18962.0625
2026-06-04T04:53:07.783476+00:00,784.445,inferring,110.9,2047.0,2.0,18962.0625
2026-06-04T04:53:09.783826+00:00,786.445,inferring,112.0,2047.41015625,2.0,18962.0625
2026-06-04T04:53:11.784165+00:00,788.446,inferring,106.0,2047.58984375,2.0,18962.0625
2026-06-04T04:53:13.785192+00:00,790.447,inferring,107.4,2048.33984375,2.0,18962.0625
2026-06-04T04:53:15.785916+00:00,792.447,inferring,103.5,2049.1171875,3.0,18962.0625
2026-06-04T04:53:17.787590+00:00,794.449,inferring,108.5,2047.44921875,2.0,18962.0625
2026-06-04T04:53:19.788012+00:00,796.449,inferring,107.9,2047.7734375,2.0,18962.0625
2026-06-04T04:53:21.788599+00:00,798.45,inferring,110.5,2047.82421875,2.0,18962.0625
2026-06-04T04:53:23.789084+00:00,800.451,inferring,107.5,2047.8828125,2.0,18962.0625
2026-06-04T04:53:25.789632+00:00,802.451,inferring,104.0,2047.99609375,2.0,18962.0625
2026-06-04T04:53:27.793751+00:00,804.455,inferring,109.5,2047.66796875,2.0,18962.0625
2026-06-04T04:53:29.795255+00:00,806.457,inferring,111.7,2047.75,2.0,18962.0625
2026-06-04T04:53:31.795782+00:00,808.457,inferring,107.9,2048.15234375,2.0,18962.0625
2026-06-04T04:53:33.796212+00:00,810.458,inferring,109.0,2048.19921875,2.0,18962.0625
2026-06-04T04:53:35.796644+00:00,812.458,inferring,103.0,2048.0,2.0,18962.0625
2026-06-04T04:53:37.798190+00:00,814.46,inferring,111.0,2048.06640625,2.0,18962.0625
2026-06-04T04:53:39.800270+00:00,816.462,inferring,108.9,2048.11328125,2.0,18962.0625
2026-06-04T04:53:41.801391+00:00,818.463,inferring,109.4,2048.1796875,2.0,18962.0625
2026-06-04T04:53:43.801754+00:00,820.463,inferring,108.4,2048.23828125,2.0,18962.0625
2026-06-04T04:53:45.802980+00:00,822.464,inferring,107.4,2048.3046875,3.0,18962.0625
2026-06-04T04:53:47.803525+00:00,824.465,inferring,112.5,2047.53515625,2.0,18962.0625
2026-06-04T04:53:49.804379+00:00,826.466,inferring,111.5,2048.75,2.0,18962.0625
2026-06-04T04:53:51.804748+00:00,828.466,inferring,111.0,2048.71484375,2.0,18962.0625
2026-06-04T04:53:53.805400+00:00,830.467,inferring,108.5,2048.4375,2.0,18962.0625
2026-06-04T04:53:55.805821+00:00,832.467,inferring,104.0,2048.921875,2.0,18962.0625
2026-06-04T04:53:57.806171+00:00,834.468,inferring,107.0,2048.8828125,2.0,18962.0625
2026-06-04T04:53:59.806631+00:00,836.468,inferring,111.0,2048.71484375,2.0,18962.0625
2026-06-04T04:54:01.807092+00:00,838.469,inferring,109.5,2048.859375,2.0,18962.0625
2026-06-04T04:54:03.807493+00:00,840.469,inferring,108.0,2049.125,2.0,18962.0625
2026-06-04T04:54:05.807860+00:00,842.469,inferring,105.5,2050.0234375,2.0,18962.0625
2026-06-04T04:54:07.808256+00:00,844.47,inferring,110.0,2050.7109375,2.0,18962.0625
2026-06-04T04:54:09.808839+00:00,846.47,inferring,113.0,2051.3125,2.0,18962.0625
2026-06-04T04:54:11.809365+00:00,848.471,inferring,110.0,2049.5234375,2.0,18962.0625
2026-06-04T04:54:13.809825+00:00,850.471,inferring,110.5,2049.5234375,2.0,18962.0625
2026-06-04T04:54:15.810241+00:00,852.472,inferring,106.0,2049.72265625,2.0,18962.0625
2026-06-04T04:54:17.810617+00:00,854.472,inferring,108.0,2049.3828125,2.0,18962.0625
2026-06-04T04:54:19.811160+00:00,856.473,inferring,111.5,2049.80078125,2.0,18962.0625
2026-06-04T04:54:21.812919+00:00,858.474,inferring,110.5,2049.5390625,2.0,18962.0625
2026-06-04T04:54:23.813298+00:00,860.475,inferring,110.4,2049.5703125,2.0,18962.0625
2026-06-04T04:54:25.813672+00:00,862.475,inferring,105.5,2050.01953125,2.0,18962.0625
2026-06-04T04:54:27.814165+00:00,864.476,inferring,108.0,2049.73828125,2.0,18962.0625
2026-06-04T04:54:29.814852+00:00,866.476,inferring,113.0,2050.18359375,2.0,18962.0625
2026-06-04T04:54:31.815257+00:00,868.477,inferring,109.0,2050.2265625,2.0,18962.0625
2026-06-04T04:54:33.817279+00:00,870.479,inferring,108.0,2049.94921875,3.0,18962.0625
2026-06-04T04:54:35.819397+00:00,872.481,inferring,105.4,2049.98828125,2.0,18962.0625
2026-06-04T04:54:37.819791+00:00,874.481,inferring,109.9,2050.4140625,2.0,18962.0625
2026-06-04T04:54:39.821967+00:00,876.483,inferring,110.4,2050.14453125,2.0,18962.0625
2026-06-04T04:54:41.823552+00:00,878.485,inferring,110.0,2050.6328125,2.0,18962.0625
2026-06-04T04:54:43.823945+00:00,880.485,inferring,112.9,2050.62109375,2.0,18962.0625
2026-06-04T04:54:45.824405+00:00,882.486,inferring,104.5,2050.73046875,2.0,18962.0625
2026-06-04T04:54:47.825627+00:00,884.487,inferring,108.4,2050.76171875,2.0,18962.0625
2026-06-04T04:54:49.825980+00:00,886.487,inferring,109.5,2050.390625,2.0,18962.0625
2026-06-04T04:54:51.826428+00:00,888.488,inferring,111.5,2050.87109375,3.0,18962.0625
2026-06-04T04:54:53.826827+00:00,890.488,inferring,108.0,2050.890625,2.0,18962.0625
2026-06-04T04:54:55.827249+00:00,892.489,inferring,104.5,2051.16015625,2.0,18962.0625
2026-06-04T04:54:57.827604+00:00,894.489,inferring,105.0,2051.203125,2.0,18962.0625
2026-06-04T04:54:59.828007+00:00,896.489,inferring,110.0,2051.79296875,2.0,18962.0625
2026-06-04T04:55:01.828862+00:00,898.49,inferring,109.5,2052.66796875,2.0,18962.0625
2026-06-04T04:55:03.829294+00:00,900.491,inferring,108.0,2053.74609375,2.0,18962.0625
2026-06-04T04:55:05.829675+00:00,902.491,inferring,101.0,2051.6875,2.0,18962.0625
2026-06-04T04:55:07.830841+00:00,904.492,inferring,107.4,2051.3828125,2.0,18962.0625
2026-06-04T04:55:09.833983+00:00,906.495,inferring,106.4,2051.45703125,2.0,18962.0625
2026-06-04T04:55:11.834320+00:00,908.496,inferring,106.4,2051.86328125,3.0,18962.0625
2026-06-04T04:55:13.835874+00:00,910.497,inferring,105.5,2051.56640625,2.0,18962.0625
2026-06-04T04:55:15.836245+00:00,912.498,inferring,104.4,2051.99609375,2.0,18962.0625
2026-06-04T04:55:17.836756+00:00,914.498,inferring,106.5,2051.65234375,2.0,18962.0625
2026-06-04T04:55:19.837221+00:00,916.499,inferring,108.0,2052.109375,2.0,18962.0625
2026-06-04T04:55:21.838720+00:00,918.5,inferring,108.0,2052.171875,2.0,18962.0625
2026-06-04T04:55:23.839267+00:00,920.501,inferring,102.4,2051.8671875,2.0,18962.0625
2026-06-04T04:55:25.839795+00:00,922.501,inferring,103.5,2052.23828125,2.0,18962.0625
2026-06-04T04:55:27.840197+00:00,924.502,inferring,106.5,2052.30078125,3.0,18962.0625
2026-06-04T04:55:29.840851+00:00,926.502,inferring,112.5,2052.0546875,2.0,18962.0625
2026-06-04T04:55:31.842285+00:00,928.504,inferring,112.5,2052.1640625,2.0,18962.0625
2026-06-04T04:55:33.842707+00:00,930.504,inferring,110.4,2052.625,2.0,18962.0625
2026-06-04T04:55:35.843124+00:00,932.505,inferring,106.0,2052.4140625,2.0,18962.0625
2026-06-04T04:55:37.843835+00:00,934.505,inferring,110.0,2052.34765625,2.0,18962.0625
2026-06-04T04:55:39.847817+00:00,936.509,inferring,110.3,2052.45703125,3.0,18962.0625
2026-06-04T04:55:41.848354+00:00,938.51,inferring,109.0,2052.84375,2.0,18962.0625
2026-06-04T04:55:43.849679+00:00,940.511,inferring,109.4,2052.57421875,2.0,18962.0625
2026-06-04T04:55:45.851403+00:00,942.513,inferring,105.5,2052.65625,2.0,18962.0625
2026-06-04T04:55:47.851842+00:00,944.513,inferring,109.4,2053.05859375,2.0,18962.0625
2026-06-04T04:55:49.852413+00:00,946.514,inferring,110.5,2053.25390625,2.0,18962.0625
2026-06-04T04:55:51.852802+00:00,948.514,inferring,115.5,2053.5625,3.0,18962.0625
2026-06-04T04:55:53.853223+00:00,950.515,inferring,107.5,2054.11328125,2.0,18962.0625
2026-06-04T04:55:55.853584+00:00,952.515,inferring,104.0,2054.796875,2.0,18962.0625
2026-06-04T04:55:57.856839+00:00,954.518,inferring,105.0,2055.12109375,2.0,18962.0625
2026-06-04T04:55:59.857176+00:00,956.519,inferring,109.8,2053.453125,2.0,18962.0625
2026-06-04T04:56:01.857595+00:00,958.519,inferring,112.0,2053.4296875,2.0,18962.0625
2026-06-04T04:56:03.858606+00:00,960.52,inferring,109.5,2053.5859375,2.0,18962.0625
2026-06-04T04:56:05.859287+00:00,962.521,inferring,104.9,2053.296875,2.0,18962.0625
2026-06-04T04:56:07.859919+00:00,964.521,inferring,110.0,2053.359375,2.0,18962.0625
2026-06-04T04:56:09.860290+00:00,966.522,inferring,109.5,2053.44921875,2.0,18962.0625
2026-06-04T04:56:11.860719+00:00,968.522,inferring,111.5,2053.51953125,2.0,18962.0625
2026-06-04T04:56:13.863072+00:00,970.525,inferring,108.0,2053.55078125,2.0,18962.0625
2026-06-04T04:56:15.863547+00:00,972.525,inferring,104.9,2053.87109375,2.0,18962.0625
2026-06-04T04:56:17.863959+00:00,974.525,inferring,111.5,2053.6640625,2.0,18962.0625
2026-06-04T04:56:19.865590+00:00,976.527,inferring,110.5,2054.08203125,2.0,18962.0625
2026-06-04T04:56:21.867065+00:00,978.528,inferring,112.8,2053.78515625,2.0,18962.0625
2026-06-04T04:56:23.869862+00:00,980.531,inferring,108.4,2053.84765625,2.0,18962.0625
2026-06-04T04:56:25.870693+00:00,982.532,inferring,105.9,2053.88671875,2.0,18962.0625
2026-06-04T04:56:27.871368+00:00,984.533,inferring,106.9,2053.9765625,2.0,18962.0625
2026-06-04T04:56:29.871840+00:00,986.533,inferring,108.5,2054.02734375,2.0,18962.0625
2026-06-04T04:56:31.872254+00:00,988.534,inferring,108.0,2054.4453125,2.0,18962.0625
2026-06-04T04:56:33.872673+00:00,990.534,inferring,110.0,2054.17578125,2.0,18962.0625
2026-06-04T04:56:35.873148+00:00,992.535,inferring,108.5,2054.609375,2.0,18962.0625
2026-06-04T04:56:37.873922+00:00,994.535,inferring,108.0,2054.93359375,3.0,18962.0625
2026-06-04T04:56:39.874406+00:00,996.536,inferring,109.5,2054.34765625,3.0,18962.0625
2026-06-04T04:56:41.875002+00:00,998.536,inferring,112.5,2054.6171875,2.0,18962.0625
2026-06-04T04:56:43.875465+00:00,1000.537,inferring,109.0,2054.83203125,3.0,18962.0625
2026-06-04T04:56:45.875834+00:00,1002.537,inferring,104.0,2055.39453125,2.0,18962.0625
2026-06-04T04:56:47.876213+00:00,1004.538,inferring,109.0,2056.046875,2.0,18962.0625
2026-06-04T04:56:49.876763+00:00,1006.538,inferring,109.5,2056.64453125,2.0,18962.0625
2026-06-04T04:56:51.877207+00:00,1008.539,inferring,108.0,2055.65234375,3.0,18962.0625
2026-06-04T04:56:53.877863+00:00,1010.539,inferring,107.0,2055.69921875,2.0,18962.0625
2026-06-04T04:56:55.878407+00:00,1012.54,inferring,104.0,2056.08203125,2.0,18962.0625
2026-06-04T04:56:57.879967+00:00,1014.541,inferring,105.5,2055.8203125,2.0,18962.0625
2026-06-04T04:56:59.880442+00:00,1016.542,inferring,106.4,2055.83203125,2.0,18962.0625
2026-06-04T04:57:01.880888+00:00,1018.542,inferring,111.0,2056.2890625,2.0,18962.0625
2026-06-04T04:57:03.881259+00:00,1020.543,inferring,109.5,2056.36328125,3.0,18962.0625
2026-06-04T04:57:05.882176+00:00,1022.544,inferring,106.5,2056.0625,2.0,18962.0625
2026-06-04T04:57:07.883845+00:00,1024.545,inferring,106.0,2056.140625,2.0,18962.0625
2026-06-04T04:57:09.885974+00:00,1026.547,inferring,109.8,2056.21484375,2.0,18962.0625
2026-06-04T04:57:11.886383+00:00,1028.548,inferring,100.0,2056.55078125,2.0,18962.0625
2026-06-04T04:57:13.886818+00:00,1030.548,inferring,109.5,2056.328125,2.0,18962.0625
2026-06-04T04:57:15.887199+00:00,1032.549,inferring,104.5,2056.3984375,3.0,18962.0625
2026-06-04T04:57:17.887545+00:00,1034.549,inferring,106.0,2056.7890625,2.0,18962.0625
2026-06-04T04:57:19.887925+00:00,1036.549,inferring,110.0,2056.51953125,2.0,18962.0625
2026-06-04T04:57:21.888347+00:00,1038.55,inferring,112.5,2056.59765625,2.0,18962.0625
2026-06-04T04:57:23.888779+00:00,1040.55,inferring,108.0,2056.96484375,2.0,18962.0625
2026-06-04T04:57:25.890814+00:00,1042.552,inferring,101.0,2056.66015625,2.0,18962.0625
2026-06-04T04:57:27.891192+00:00,1044.553,inferring,108.9,2057.10546875,2.0,18962.0625
2026-06-04T04:57:29.892979+00:00,1046.554,inferring,111.0,2056.81640625,2.0,18962.0625
2026-06-04T04:57:31.893410+00:00,1048.555,inferring,114.4,2056.87890625,2.0,18962.0625
2026-06-04T04:57:33.893780+00:00,1050.555,inferring,109.5,2057.3359375,2.0,18962.0625
2026-06-04T04:57:35.894266+00:00,1052.556,inferring,103.5,2057.3984375,2.0,18962.0625
2026-06-04T04:57:37.896455+00:00,1054.558,inferring,107.0,2056.328125,2.0,18962.0625
2026-06-04T04:57:39.898009+00:00,1056.559,inferring,109.8,2057.49609375,2.0,18962.0625
2026-06-04T04:57:41.899797+00:00,1058.561,inferring,111.5,2058.140625,2.0,18962.0625
2026-06-04T04:57:43.900702+00:00,1060.562,inferring,110.4,2058.64453125,2.0,18962.0625
2026-06-04T04:57:45.933696+00:00,1062.595,inferring,104.4,2059.8984375,3.0,18962.0625
2026-06-04T04:57:47.934051+00:00,1064.595,inferring,110.8,2057.1328125,2.0,18962.0625
2026-06-04T04:57:49.934472+00:00,1066.596,inferring,109.0,2057.5234375,2.0,18962.0625
2026-06-04T04:57:51.934874+00:00,1068.596,inferring,109.5,2057.609375,2.0,18962.0625
2026-06-04T04:57:53.935238+00:00,1070.597,inferring,111.5,2057.36328125,2.0,18962.0625
2026-06-04T04:57:55.936120+00:00,1072.598,inferring,103.0,2057.42578125,2.0,18962.0625
2026-06-04T04:57:57.936554+00:00,1074.598,inferring,111.5,2057.83203125,2.0,18962.0625
2026-06-04T04:57:59.937004+00:00,1076.598,inferring,108.5,2057.87109375,2.0,18962.0625
2026-06-04T04:58:01.937841+00:00,1078.599,inferring,111.9,2057.5546875,2.0,18962.0625
2026-06-04T04:58:03.938185+00:00,1080.6,inferring,110.5,2058.02734375,2.0,18962.0625
2026-06-04T04:58:05.938540+00:00,1082.6,inferring,104.5,2058.0234375,2.0,18962.0625
2026-06-04T04:58:07.938870+00:00,1084.6,inferring,109.5,2057.80078125,2.0,18962.0625
2026-06-04T04:58:09.939677+00:00,1086.601,inferring,107.0,2057.79296875,2.0,18962.0625
2026-06-04T04:58:11.940040+00:00,1088.601,inferring,112.0,2058.2421875,2.0,18962.0625
2026-06-04T04:58:13.940651+00:00,1090.602,inferring,111.0,2058.31640625,2.0,18962.0625
2026-06-04T04:58:15.944584+00:00,1092.606,inferring,105.4,2058.296875,2.0,18962.0625
2026-06-04T04:58:17.945151+00:00,1094.607,inferring,111.3,2058.04296875,2.0,18962.0625
2026-06-04T04:58:19.945553+00:00,1096.607,inferring,111.0,2058.4453125,2.0,18962.0625
2026-06-04T04:58:21.947592+00:00,1098.609,inferring,110.0,2058.5078125,2.0,18962.0625
2026-06-04T04:58:23.949327+00:00,1100.611,inferring,111.4,2058.22265625,2.0,18962.0625
2026-06-04T04:58:25.949747+00:00,1102.611,inferring,105.4,2058.48046875,2.0,18962.0625
2026-06-04T04:58:27.950675+00:00,1104.612,inferring,110.0,2058.3828125,2.0,18962.0625
2026-06-04T04:58:29.951314+00:00,1106.613,inferring,110.4,2058.41796875,3.0,18962.0625
2026-06-04T04:58:31.951702+00:00,1108.613,inferring,109.5,2058.97265625,3.0,18962.0625
2026-06-04T04:58:33.952518+00:00,1110.614,inferring,109.5,2059.26953125,2.0,18962.0625
2026-06-04T04:58:35.952931+00:00,1112.614,inferring,107.5,2059.69140625,2.0,18962.0625
2026-06-04T04:58:37.954076+00:00,1114.616,inferring,107.0,2060.11328125,2.0,18962.0625
2026-06-04T04:58:39.954446+00:00,1116.616,inferring,108.4,2061.2890625,2.0,18962.0625
2026-06-04T04:58:41.955816+00:00,1118.617,inferring,111.9,2058.8203125,2.0,18962.0625
2026-06-04T04:58:43.956173+00:00,1120.618,inferring,108.5,2059.21484375,2.0,18962.0625
2026-06-04T04:58:45.957042+00:00,1122.618,inferring,105.5,2058.92578125,2.0,18962.0625
2026-06-04T04:58:47.957555+00:00,1124.619,inferring,108.5,2059.33984375,2.0,18962.0625
2026-06-04T04:58:49.957989+00:00,1126.619,inferring,111.0,2059.34375,2.0,18962.0625
2026-06-04T04:58:51.958416+00:00,1128.62,inferring,110.0,2059.41796875,3.0,18962.0625
2026-06-04T04:58:53.958898+00:00,1130.62,inferring,110.0,2059.125,2.0,18962.0625
2026-06-04T04:58:55.959311+00:00,1132.621,inferring,105.0,2059.546875,2.0,18962.0625
2026-06-04T04:58:57.963737+00:00,1134.625,inferring,105.8,2059.28125,2.0,18962.0625
2026-06-04T04:58:59.965754+00:00,1136.627,inferring,108.4,2059.3515625,2.0,18962.0625
2026-06-04T04:59:01.966174+00:00,1138.628,inferring,108.4,2059.75390625,2.0,18962.0625
2026-06-04T04:59:03.967740+00:00,1140.629,inferring,108.0,2059.4609375,2.0,18962.0625
2026-06-04T04:59:05.968090+00:00,1142.63,inferring,102.4,2059.65625,2.0,18962.0625
2026-06-04T04:59:07.968983+00:00,1144.63,inferring,110.9,2059.60546875,2.0,18962.0625
2026-06-04T04:59:09.971431+00:00,1146.633,inferring,107.5,2059.6796875,2.0,18962.0625
2026-06-04T04:59:11.971851+00:00,1148.633,inferring,110.9,2060.078125,2.0,18962.0625
2026-06-04T04:59:13.972601+00:00,1150.634,inferring,109.5,2060.1015625,2.0,18962.0625
2026-06-04T04:59:15.972999+00:00,1152.634,inferring,104.0,2060.140625,2.0,18962.0625
2026-06-04T04:59:17.975644+00:00,1154.637,inferring,110.5,2059.890625,2.0,18962.0625
2026-06-04T04:59:19.976678+00:00,1156.638,inferring,108.4,2060.36328125,2.0,18962.0625
2026-06-04T04:59:21.977158+00:00,1158.639,inferring,109.4,2060.44921875,2.0,18962.0625
2026-06-04T04:59:23.977766+00:00,1160.639,inferring,111.5,2060.17578125,3.0,18962.0625
2026-06-04T04:59:25.978932+00:00,1162.64,inferring,104.9,2060.265625,2.0,18962.0625
2026-06-04T04:59:27.983081+00:00,1164.645,inferring,107.4,2060.90234375,2.0,18962.0625
2026-06-04T04:59:29.985717+00:00,1166.647,inferring,105.9,2061.03515625,2.0,18962.0625
2026-06-04T04:59:31.986094+00:00,1168.648,inferring,109.4,2062.10546875,2.0,18962.0625
2026-06-04T04:59:33.986517+00:00,1170.648,inferring,110.5,2063.2421875,2.0,18962.0625
2026-06-04T04:59:35.993795+00:00,1172.655,inferring,107.5,2060.9765625,2.0,18962.0625
2026-06-04T04:59:37.994143+00:00,1174.656,inferring,108.6,2061.33984375,2.0,18962.0625
2026-06-04T04:59:39.996862+00:00,1176.658,inferring,110.0,2061.07421875,3.0,18962.0625
2026-06-04T04:59:41.998405+00:00,1178.66,inferring,107.9,2061.09375,2.0,18962.0625
2026-06-04T04:59:43.998757+00:00,1180.66,inferring,109.9,2061.54296875,2.0,18962.0625
2026-06-04T04:59:45.999643+00:00,1182.661,inferring,106.5,2061.2578125,2.0,18962.0625
2026-06-04T04:59:48.000591+00:00,1184.662,inferring,112.0,2061.5078125,3.0,18962.0625
2026-06-04T04:59:50.001611+00:00,1186.663,inferring,110.4,2061.60546875,3.0,18962.0625
2026-06-04T04:59:52.002045+00:00,1188.663,inferring,111.9,2061.7109375,3.0,18962.0625
2026-06-04T04:59:54.003592+00:00,1190.665,inferring,112.0,2061.8203125,2.0,18962.0625
2026-06-04T04:59:56.004219+00:00,1192.666,inferring,102.9,2061.91796875,2.0,18962.0625
2026-06-04T04:59:58.004690+00:00,1194.666,inferring,109.0,2061.984375,2.0,18962.0625
2026-06-04T05:00:00.005120+00:00,1196.667,inferring,109.0,2061.68359375,2.0,18962.0625
2026-06-04T05:00:02.005476+00:00,1198.667,inferring,106.5,2061.73046875,2.0,18962.0625
2026-06-04T05:00:04.005917+00:00,1200.667,inferring,105.0,2062.125,2.0,18962.0625
2026-06-04T05:00:06.007780+00:00,1202.669,inferring,106.5,2061.8671875,2.0,18962.0625
2026-06-04T05:00:08.009612+00:00,1204.671,inferring,112.4,2062.2734375,2.0,18962.0625
2026-06-04T05:00:10.009963+00:00,1206.671,inferring,109.4,2062.3359375,2.0,18962.0625
2026-06-04T05:00:12.013669+00:00,1208.675,inferring,112.0,2062.03125,2.0,18962.0625
2026-06-04T05:00:14.014195+00:00,1210.676,inferring,106.3,2062.12109375,2.0,18962.0625
2026-06-04T05:00:16.015553+00:00,1212.677,inferring,105.9,2062.4921875,2.0,18962.0625
2026-06-04T05:00:18.016854+00:00,1214.678,inferring,111.4,2062.28125,2.0,18962.0625
2026-06-04T05:00:20.018585+00:00,1216.68,inferring,110.0,2062.39453125,2.0,18962.0625
2026-06-04T05:00:22.019002+00:00,1218.68,inferring,111.9,2062.91796875,2.0,18962.0625
2026-06-04T05:00:24.024212+00:00,1220.686,inferring,108.5,2062.9140625,2.0,18962.0625
2026-06-04T05:00:26.025173+00:00,1222.687,inferring,101.7,2063.33203125,2.0,18962.0625
2026-06-04T05:00:28.025632+00:00,1224.687,inferring,110.5,2063.95703125,2.0,18962.0625
2026-06-04T05:00:30.025993+00:00,1226.687,inferring,106.0,2062.95703125,2.0,18962.0625
2026-06-04T05:00:32.028245+00:00,1228.69,inferring,110.5,2062.55859375,2.0,18962.0625
2026-06-04T05:00:34.028827+00:00,1230.69,inferring,110.9,2062.59375,2.0,18962.0625
2026-06-04T05:00:36.029184+00:00,1232.691,inferring,104.5,2063.02734375,2.0,18962.0625
2026-06-04T05:00:38.032930+00:00,1234.694,inferring,107.5,2062.7734375,2.0,18962.0625
2026-06-04T05:00:40.033392+00:00,1236.695,inferring,110.8,2063.17578125,2.0,18962.0625
2026-06-04T05:00:42.033811+00:00,1238.695,inferring,110.5,2063.18359375,2.0,18962.0625
2026-06-04T05:00:44.034195+00:00,1240.696,inferring,109.5,2063.265625,2.0,18962.0625
2026-06-04T05:00:46.034609+00:00,1242.696,inferring,105.0,2066.4765625,2.0,18962.0625
2026-06-04T05:00:48.034997+00:00,1244.696,inferring,109.5,2066.58984375,2.0,18962.0625
2026-06-04T05:00:50.035470+00:00,1246.697,inferring,107.0,2066.2578125,2.0,18962.0625
2026-06-04T05:00:52.036036+00:00,1248.697,inferring,110.5,2066.64453125,2.0,18962.0625
2026-06-04T05:00:54.036460+00:00,1250.698,inferring,108.0,2066.7265625,2.0,18962.0625
2026-06-04T05:00:56.037855+00:00,1252.699,inferring,102.9,2066.44140625,2.0,18962.0625
2026-06-04T05:00:58.038225+00:00,1254.7,inferring,104.5,2066.83203125,2.0,18962.0625
2026-06-04T05:01:00.038583+00:00,1256.7,inferring,111.0,2066.9375,2.0,18962.0625
2026-06-04T05:01:02.038988+00:00,1258.7,inferring,108.5,2066.64453125,2.0,18962.0625
2026-06-04T05:01:04.042821+00:00,1260.704,inferring,109.3,2066.66015625,2.0,18962.0625
2026-06-04T05:01:06.043172+00:00,1262.705,inferring,106.0,2066.703125,2.0,18962.0625
2026-06-04T05:01:08.044265+00:00,1264.706,inferring,110.0,2066.79296875,2.0,18962.0625
2026-06-04T05:01:10.044689+00:00,1266.706,inferring,109.0,2066.75,2.0,18962.0625
2026-06-04T05:01:12.045885+00:00,1268.707,inferring,111.4,2066.8515625,2.0,18962.0625
2026-06-04T05:01:14.048065+00:00,1270.71,inferring,107.5,2067.0,2.0,18962.0625
2026-06-04T05:01:16.049416+00:00,1272.711,inferring,106.9,2067.18359375,2.0,18962.0625
2026-06-04T05:01:18.051590+00:00,1274.713,inferring,110.9,2067.75390625,2.0,18962.0625
2026-06-04T05:01:20.051920+00:00,1276.713,inferring,111.4,2068.3125,2.0,18962.0625
2026-06-04T05:01:22.052294+00:00,1278.714,inferring,111.0,2069.1875,3.0,18962.0625
2026-06-04T05:01:24.052703+00:00,1280.714,inferring,110.0,2070.1953125,2.0,18962.0625
2026-06-04T05:01:26.053075+00:00,1282.715,inferring,102.5,2068.03515625,2.0,18962.0625
2026-06-04T05:01:28.055016+00:00,1284.716,inferring,106.4,2067.75,2.0,18962.0625
2026-06-04T05:01:30.056575+00:00,1286.718,inferring,109.5,2067.80078125,2.0,18962.0625
2026-06-04T05:01:32.056997+00:00,1288.718,inferring,108.9,2067.859375,3.0,18962.0625
2026-06-04T05:01:34.057382+00:00,1290.719,inferring,105.0,2068.08203125,2.0,18962.0625
2026-06-04T05:01:36.057744+00:00,1292.719,inferring,106.5,2068.34765625,2.0,18962.0625
2026-06-04T05:01:38.058884+00:00,1294.72,inferring,108.4,2068.0,3.0,18962.0625
2026-06-04T05:01:40.059981+00:00,1296.721,inferring,108.5,2068.0546875,2.0,18962.0625
2026-06-04T05:01:42.060500+00:00,1298.722,inferring,111.0,2068.515625,2.0,18962.0625
2026-06-04T05:01:44.060870+00:00,1300.722,inferring,110.5,2068.35546875,2.0,18962.0625
2026-06-04T05:01:46.062062+00:00,1302.723,inferring,107.4,2068.23046875,2.0,18962.0625
2026-06-04T05:01:48.063416+00:00,1304.725,inferring,110.5,2068.22265625,2.0,18962.0625
2026-06-04T05:01:50.064063+00:00,1306.725,inferring,110.4,2068.69140625,2.0,18962.0625
2026-06-04T05:01:52.064913+00:00,1308.726,inferring,113.4,2068.37890625,2.0,18962.0625
2026-06-04T05:01:54.065255+00:00,1310.727,inferring,110.5,2068.86328125,2.0,18962.0625
2026-06-04T05:01:56.066390+00:00,1312.728,inferring,107.0,2068.51953125,2.0,18962.0625
2026-06-04T05:01:58.066791+00:00,1314.728,inferring,111.5,2068.953125,2.0,18962.0625
2026-06-04T05:02:00.067222+00:00,1316.729,inferring,109.0,2069.02734375,2.0,18962.0625
2026-06-04T05:02:02.067846+00:00,1318.729,inferring,109.0,2069.0703125,3.0,18962.0625
2026-06-04T05:02:04.071744+00:00,1320.733,inferring,110.0,2068.83203125,3.0,18962.0625
2026-06-04T05:02:06.072596+00:00,1322.734,inferring,106.3,2069.2109375,2.0,18962.0625
2026-06-04T05:02:08.073863+00:00,1324.735,inferring,112.9,2068.87890625,2.0,18962.0625
2026-06-04T05:02:10.074208+00:00,1326.736,inferring,107.4,2069.328125,2.0,18962.0625
2026-06-04T05:02:12.074575+00:00,1328.736,inferring,112.0,2069.66015625,2.0,18962.0625
2026-06-04T05:02:14.075040+00:00,1330.736,inferring,112.5,2069.6484375,2.0,18962.0625
2026-06-04T05:02:16.075500+00:00,1332.737,inferring,103.5,2070.625,2.0,18962.0625
2026-06-04T05:02:18.075864+00:00,1334.737,inferring,109.5,2071.359375,2.0,18962.0625
2026-06-04T05:02:20.076820+00:00,1336.738,inferring,110.9,2071.26171875,2.0,18962.0625
2026-06-04T05:02:22.079816+00:00,1338.741,inferring,110.0,2069.640625,3.0,18962.0625
2026-06-04T05:02:24.081748+00:00,1340.743,inferring,104.8,2069.6015625,2.0,18962.0625
2026-06-04T05:02:26.082181+00:00,1342.744,inferring,102.9,2070.0,2.0,18962.0625
2026-06-04T05:02:28.082979+00:00,1344.744,inferring,112.0,2069.71484375,2.0,18962.0625
2026-06-04T05:02:30.083408+00:00,1346.745,inferring,109.0,2070.08203125,2.0,18962.0625
2026-06-04T05:02:32.083772+00:00,1348.745,inferring,107.5,2070.1640625,2.0,18962.0625
2026-06-04T05:02:34.084188+00:00,1350.746,inferring,108.5,2069.89453125,2.0,18962.0625
2026-06-04T05:02:36.084724+00:00,1352.746,inferring,105.5,2069.9375,2.0,18962.0625
2026-06-04T05:02:38.085140+00:00,1354.747,inferring,110.0,2070.35546875,2.0,18962.0625
2026-06-04T05:02:40.085555+00:00,1356.747,inferring,111.5,2070.40625,2.0,18962.0625
2026-06-04T05:02:42.086206+00:00,1358.748,inferring,108.5,2070.12890625,2.0,18962.0625
2026-06-04T05:02:44.086536+00:00,1360.748,inferring,110.5,2070.421875,2.0,18962.0625
2026-06-04T05:02:46.086908+00:00,1362.748,inferring,105.5,2070.30859375,2.0,18962.0625
2026-06-04T05:02:48.088740+00:00,1364.75,inferring,110.0,2070.32421875,2.0,18962.0625
2026-06-04T05:02:50.089170+00:00,1366.751,inferring,107.4,2070.73828125,2.0,18962.0625
2026-06-04T05:02:52.091301+00:00,1368.753,inferring,111.5,2070.32421875,2.0,18962.0625
2026-06-04T05:02:54.091686+00:00,1370.753,inferring,107.9,2070.796875,2.0,18962.0625
2026-06-04T05:02:56.092445+00:00,1372.754,inferring,99.0,2070.55859375,2.0,18962.0625
2026-06-04T05:02:58.093090+00:00,1374.755,inferring,109.5,2070.97265625,2.0,18962.0625
2026-06-04T05:03:00.093501+00:00,1376.755,inferring,110.5,2070.6484375,2.0,18962.0625
2026-06-04T05:03:02.096643+00:00,1378.758,inferring,108.4,2070.7265625,2.0,18962.0625
2026-06-04T05:03:04.097026+00:00,1380.758,inferring,105.9,2071.17578125,2.0,18962.0625
2026-06-04T05:03:06.098650+00:00,1382.76,inferring,101.0,2070.95703125,2.0,18962.0625
2026-06-04T05:03:08.099060+00:00,1384.76,inferring,111.9,2071.51953125,2.0,18962.0625
2026-06-04T05:03:10.099477+00:00,1386.761,inferring,106.0,2071.90625,2.0,18962.0625
2026-06-04T05:03:12.099831+00:00,1388.761,inferring,110.0,2072.5390625,2.0,18962.0625
2026-06-04T05:03:14.100466+00:00,1390.762,inferring,106.0,2073.4296875,2.0,18962.0625
2026-06-04T05:03:16.101208+00:00,1392.763,inferring,100.5,2073.9765625,0.0,18962.0625
2026-06-04T05:03:18.101618+00:00,1394.763,inferring,105.0,2071.98046875,2.0,18962.0625
2026-06-04T05:03:20.102197+00:00,1396.764,inferring,104.0,2071.515625,2.0,18962.0625
2026-06-04T05:03:22.102618+00:00,1398.764,inferring,105.0,2072.03125,2.0,18962.0625
2026-06-04T05:03:24.103122+00:00,1400.765,inferring,105.5,2071.73046875,2.0,18962.0625
2026-06-04T05:03:26.105578+00:00,1402.767,inferring,97.0,2071.78515625,2.0,18962.0625
2026-06-04T05:03:28.105986+00:00,1404.767,inferring,104.4,2072.1484375,2.0,18962.0625
2026-06-04T05:03:30.108132+00:00,1406.77,inferring,101.0,2071.85546875,2.0,18962.0625
2026-06-04T05:03:32.108619+00:00,1408.77,inferring,103.9,2072.2578125,2.0,18962.0625
2026-06-04T05:03:34.109035+00:00,1410.77,inferring,104.0,2072.0,2.0,18962.0625
2026-06-04T05:03:36.109599+00:00,1412.771,inferring,100.0,2072.35546875,2.0,18962.0625
2026-06-04T05:03:38.109973+00:00,1414.771,inferring,103.5,2072.32421875,2.0,18962.0625
2026-06-04T05:03:40.110389+00:00,1416.772,inferring,103.0,2072.41796875,2.0,18962.0625
2026-06-04T05:03:42.113848+00:00,1418.775,inferring,106.3,2071.6328125,2.0,18962.0625
2026-06-04T05:03:44.115324+00:00,1420.777,inferring,107.4,2072.20703125,2.0,18962.0625
2026-06-04T05:03:46.116620+00:00,1422.778,inferring,99.5,2072.69140625,2.0,18962.0625
2026-06-04T05:03:48.118493+00:00,1424.78,inferring,103.9,2072.4296875,2.0,18962.0625
2026-06-04T05:03:50.118848+00:00,1426.78,inferring,103.4,2072.8359375,2.0,18962.0625
2026-06-04T05:03:52.119274+00:00,1428.781,inferring,104.5,2072.890625,2.0,18962.0625
2026-06-04T05:03:54.121950+00:00,1430.783,inferring,101.9,2072.5859375,2.0,18962.0625
2026-06-04T05:03:56.122277+00:00,1432.784,inferring,100.0,2073.05078125,2.0,18962.0625
2026-06-04T05:03:58.122805+00:00,1434.784,inferring,102.5,2073.0546875,2.0,18962.0625
2026-06-04T05:04:00.123366+00:00,1436.785,inferring,102.0,2073.1484375,2.0,18962.0625
2026-06-04T05:04:02.126921+00:00,1438.788,inferring,105.8,2072.84375,2.0,18962.0625
2026-06-04T05:04:04.127304+00:00,1440.789,inferring,100.0,2073.39453125,2.0,18962.0625
2026-06-04T05:04:06.127715+00:00,1442.789,inferring,100.5,2073.48828125,2.0,18962.0625
2026-06-04T05:04:08.128144+00:00,1444.79,inferring,105.5,2073.59375,2.0,18962.0625
2026-06-04T05:04:10.128518+00:00,1446.79,inferring,103.5,2074.0703125,2.0,18962.0625
2026-06-04T05:04:12.129322+00:00,1448.791,inferring,103.5,2074.34375,2.0,18962.0625
2026-06-04T05:04:14.129886+00:00,1450.791,inferring,105.5,2075.26171875,2.0,18962.0625
2026-06-04T05:04:16.130545+00:00,1452.792,inferring,99.0,2073.31640625,2.0,18962.0625
2026-06-04T05:04:18.131895+00:00,1454.793,inferring,104.9,2073.7109375,2.0,18962.0625
2026-06-04T05:04:20.132830+00:00,1456.794,inferring,103.0,2073.46484375,2.0,18962.0625
2026-06-04T05:04:22.133263+00:00,1458.795,inferring,102.5,2073.9140625,2.0,18962.0625
2026-06-04T05:04:24.133698+00:00,1460.795,inferring,104.0,2073.9140625,2.0,18962.0625
2026-06-04T05:04:26.137822+00:00,1462.799,inferring,98.3,2073.58984375,2.0,18962.0625
2026-06-04T05:04:28.139384+00:00,1464.801,inferring,102.9,2073.63671875,2.0,18962.0625
2026-06-04T05:04:30.140315+00:00,1466.802,inferring,103.4,2073.6640625,2.0,18962.0625
2026-06-04T05:04:32.140754+00:00,1468.802,inferring,106.0,2074.0703125,2.0,18962.0625
2026-06-04T05:04:34.141151+00:00,1470.803,inferring,102.0,2074.1640625,2.0,18962.0625
2026-06-04T05:04:36.142218+00:00,1472.804,inferring,100.5,2073.89453125,2.0,18962.0625
2026-06-04T05:04:38.142567+00:00,1474.804,inferring,103.4,2074.28125,2.0,18962.0625
2026-06-04T05:04:40.143921+00:00,1476.805,inferring,100.4,2074.0,2.0,18962.0625
2026-06-04T05:04:42.147719+00:00,1478.809,inferring,103.5,2074.05859375,2.0,18962.0625
2026-06-04T05:04:44.148041+00:00,1480.809,inferring,101.8,2074.109375,2.0,18962.0625
2026-06-04T05:04:46.148946+00:00,1482.81,inferring,101.5,2074.15625,2.0,18962.0625
2026-06-04T05:04:48.149364+00:00,1484.811,inferring,102.5,2074.609375,2.0,18962.0625
2026-06-04T05:04:50.151870+00:00,1486.813,inferring,104.9,2074.265625,2.0,18962.0625
2026-06-04T05:04:52.152294+00:00,1488.814,inferring,106.0,2074.3828125,2.0,18962.0625
2026-06-04T05:04:54.152908+00:00,1490.814,inferring,103.5,2074.40625,2.0,18962.0625
2026-06-04T05:04:56.153994+00:00,1492.815,inferring,99.5,2074.421875,1.0,18962.0625
2026-06-04T05:04:58.154415+00:00,1494.816,inferring,100.4,2074.4296875,2.0,18962.0625
2026-06-04T05:05:00.154810+00:00,1496.816,inferring,100.5,2074.8828125,2.0,18962.0625
2026-06-04T05:05:02.155300+00:00,1498.817,inferring,105.5,2075.0078125,2.0,18962.0625
2026-06-04T05:05:04.155955+00:00,1500.817,inferring,103.0,2074.78125,2.0,18962.0625
2026-06-04T05:05:06.156977+00:00,1502.818,inferring,99.5,2074.89453125,2.0,18962.0625
2026-06-04T05:05:08.157796+00:00,1504.819,inferring,103.0,2075.08203125,2.0,18962.0625
2026-06-04T05:05:10.158233+00:00,1506.82,inferring,105.0,2075.9453125,2.0,18962.0625
2026-06-04T05:05:12.161806+00:00,1508.823,inferring,106.0,2076.3046875,3.0,18962.0625
2026-06-04T05:05:14.162604+00:00,1510.824,inferring,105.3,2077.61328125,2.0,18962.0625
2026-06-04T05:05:16.163916+00:00,1512.825,inferring,97.5,2075.81640625,2.0,18962.0625
2026-06-04T05:05:18.164514+00:00,1514.826,inferring,99.9,2075.91015625,2.0,18962.0625
2026-06-04T05:05:20.166903+00:00,1516.828,inferring,105.4,2075.9140625,2.0,18962.0625
2026-06-04T05:05:22.167492+00:00,1518.829,inferring,106.0,2075.6015625,2.0,18962.0625
2026-06-04T05:05:24.169159+00:00,1520.831,inferring,104.5,2075.64453125,2.0,18962.0625
2026-06-04T05:05:26.169613+00:00,1522.831,inferring,102.9,2076.0703125,2.0,18962.0625
2026-06-04T05:05:28.173797+00:00,1524.835,inferring,105.0,2075.80078125,2.0,18962.0625
2026-06-04T05:05:30.174383+00:00,1526.836,inferring,105.8,2076.26171875,2.0,18962.0625
2026-06-04T05:05:32.174865+00:00,1528.836,inferring,102.5,2075.9140625,2.0,18962.0625
2026-06-04T05:05:34.179853+00:00,1530.841,inferring,105.5,2075.98046875,2.0,18962.0625
2026-06-04T05:05:36.180350+00:00,1532.842,inferring,101.2,2076.4296875,2.0,18962.0625
2026-06-04T05:05:38.180773+00:00,1534.842,inferring,105.5,2076.50390625,2.0,18962.0625
2026-06-04T05:05:40.181453+00:00,1536.843,inferring,104.5,2076.49609375,2.0,18962.0625
2026-06-04T05:05:42.182105+00:00,1538.844,inferring,103.0,2076.19921875,2.0,18962.0625
2026-06-04T05:05:44.182539+00:00,1540.844,inferring,105.0,2076.640625,2.0,18962.0625
2026-06-04T05:05:46.182982+00:00,1542.844,inferring,102.5,2076.71484375,2.0,18962.0625
2026-06-04T05:05:48.183378+00:00,1544.845,inferring,106.0,2076.54296875,2.0,18962.0625
2026-06-04T05:05:50.183915+00:00,1546.845,inferring,103.5,2076.40625,2.0,18962.0625
2026-06-04T05:05:52.184386+00:00,1548.846,inferring,105.5,2076.87890625,2.0,18962.0625
2026-06-04T05:05:54.184824+00:00,1550.846,inferring,104.0,2076.87109375,2.0,18962.0625
2026-06-04T05:05:56.185267+00:00,1552.847,inferring,100.0,2076.8203125,2.0,18962.0625
2026-06-04T05:05:58.185718+00:00,1554.847,inferring,100.5,2077.046875,2.0,18962.0625
2026-06-04T05:06:00.186253+00:00,1556.848,inferring,104.0,2077.0859375,2.0,18962.0625
2026-06-04T05:06:02.186674+00:00,1558.848,inferring,104.5,2076.84375,2.0,18962.0625
2026-06-04T05:06:04.187021+00:00,1560.848,inferring,102.5,2077.33203125,2.0,18962.0625
2026-06-04T05:06:06.187438+00:00,1562.849,inferring,100.5,2077.4375,2.0,18962.0625
2026-06-04T05:06:08.190446+00:00,1564.852,inferring,103.0,2077.25,2.0,18962.0625
2026-06-04T05:06:10.190883+00:00,1566.852,inferring,104.8,2078.1484375,2.0,18962.0625
2026-06-04T05:06:12.191297+00:00,1568.853,inferring,102.5,2078.5078125,2.0,18962.0625
2026-06-04T05:06:14.191807+00:00,1570.853,inferring,103.0,2079.16015625,2.0,18962.0625
2026-06-04T05:06:16.192233+00:00,1572.854,inferring,99.0,2081.6328125,2.0,18962.0625
2026-06-04T05:06:18.195782+00:00,1574.857,inferring,103.0,2077.26953125,2.0,18962.0625
2026-06-04T05:06:20.196122+00:00,1576.858,inferring,106.3,2077.625,2.0,18962.0625
2026-06-04T05:06:22.196515+00:00,1578.858,inferring,104.0,2077.2734375,2.0,18962.0625
2026-06-04T05:06:24.196885+00:00,1580.858,inferring,103.0,2077.88671875,2.0,18962.0625
2026-06-04T05:06:26.199787+00:00,1582.861,inferring,99.0,2077.52734375,2.0,18962.0625
2026-06-04T05:06:28.200864+00:00,1584.862,inferring,99.8,2077.5703125,2.0,18962.0625
2026-06-04T05:06:30.201210+00:00,1586.863,inferring,105.0,2077.98046875,2.0,18962.0625
2026-06-04T05:06:32.201630+00:00,1588.863,inferring,103.5,2078.0078125,2.0,18962.0625
2026-06-04T05:06:34.203241+00:00,1590.865,inferring,105.4,2077.72265625,2.0,18962.0625
2026-06-04T05:06:36.204039+00:00,1592.865,inferring,100.9,2077.75390625,2.0,18962.0625
2026-06-04T05:06:38.204612+00:00,1594.866,inferring,102.5,2077.796875,2.0,18962.0625
2026-06-04T05:06:40.204970+00:00,1596.866,inferring,103.5,2078.19921875,2.0,18962.0625
2026-06-04T05:06:42.205360+00:00,1598.867,inferring,106.0,2078.3671875,3.0,18962.0625
2026-06-04T05:06:44.205789+00:00,1600.867,inferring,104.0,2078.3125,2.0,18962.0625
2026-06-04T05:06:46.206494+00:00,1602.868,inferring,103.0,2078.109375,2.0,18962.0625
2026-06-04T05:06:48.206907+00:00,1604.868,inferring,101.0,2078.1875,2.0,18962.0625
2026-06-04T05:06:50.208998+00:00,1606.87,inferring,104.9,2078.2421875,2.0,18962.0625
2026-06-04T05:06:52.209368+00:00,1608.871,inferring,105.0,2078.6953125,2.0,18962.0625
2026-06-04T05:06:54.209894+00:00,1610.871,inferring,100.5,2078.70703125,2.0,18962.0625
2026-06-04T05:06:56.212595+00:00,1612.874,inferring,99.9,2078.41796875,2.0,18962.0625
2026-06-04T05:06:58.214934+00:00,1614.876,inferring,102.9,2078.484375,2.0,18962.0625
2026-06-04T05:07:00.215300+00:00,1616.877,inferring,102.9,2078.54296875,2.0,18962.0625
2026-06-04T05:07:02.215722+00:00,1618.877,inferring,104.0,2078.95703125,2.0,18962.0625
2026-06-04T05:07:04.216356+00:00,1620.878,inferring,103.0,2079.109375,2.0,18962.0625
2026-06-04T05:07:06.218044+00:00,1622.879,inferring,103.5,2078.86328125,2.0,18962.0625
2026-06-04T05:07:08.218885+00:00,1624.88,inferring,100.9,2079.015625,2.0,18962.0625
2026-06-04T05:07:10.219229+00:00,1626.881,inferring,103.5,2079.47265625,2.0,18962.0625
2026-06-04T05:07:12.221233+00:00,1628.883,inferring,104.9,2080.2890625,2.0,18962.0625
2026-06-04T05:07:14.221644+00:00,1630.883,inferring,104.0,2081.08984375,2.0,18962.0625
2026-06-04T05:07:16.222054+00:00,1632.883,inferring,98.5,2081.875,2.0,18962.0625
2026-06-04T05:07:18.223522+00:00,1634.885,inferring,101.0,2079.38671875,2.0,18962.0625
2026-06-04T05:07:20.225632+00:00,1636.887,inferring,104.4,2079.390625,2.0,18962.0625
2026-06-04T05:07:22.226112+00:00,1638.888,inferring,105.4,2079.49609375,2.0,18962.0625
2026-06-04T05:07:24.226511+00:00,1640.888,inferring,101.0,2079.87890625,2.0,18962.0625
2026-06-04T05:07:26.226954+00:00,1642.888,inferring,102.5,2079.5546875,2.0,18962.0625
2026-06-04T05:07:28.227324+00:00,1644.889,inferring,103.5,2079.95703125,2.0,18962.0625
2026-06-04T05:07:30.228313+00:00,1646.89,inferring,105.9,2079.94140625,2.0,18962.0625
2026-06-04T05:07:32.229807+00:00,1648.891,inferring,101.9,2080.12109375,2.0,18962.0625
2026-06-04T05:07:34.230502+00:00,1650.892,inferring,103.5,2080.203125,2.0,18962.0625
2026-06-04T05:07:36.230838+00:00,1652.892,inferring,100.0,2080.18359375,2.0,18962.0625
2026-06-04T05:07:38.231262+00:00,1654.893,inferring,104.0,2080.2578125,2.0,18962.0625
2026-06-04T05:07:40.231837+00:00,1656.893,inferring,102.0,2080.28515625,2.0,18962.0625
2026-06-04T05:07:42.232469+00:00,1658.894,inferring,103.0,2080.0078125,2.0,18962.0625
2026-06-04T05:07:44.232838+00:00,1660.894,inferring,105.0,2080.02734375,2.0,18962.0625
2026-06-04T05:07:46.235259+00:00,1662.897,inferring,99.5,2080.09765625,2.0,18962.0625
2026-06-04T05:07:48.235665+00:00,1664.897,inferring,103.4,2080.12109375,2.0,18962.0625
2026-06-04T05:07:50.236074+00:00,1666.898,inferring,104.5,2080.48046875,2.0,18962.0625
2026-06-04T05:07:52.236438+00:00,1668.898,inferring,104.0,2080.2890625,2.0,18962.0625
2026-06-04T05:07:54.236829+00:00,1670.898,inferring,104.5,2079.48046875,2.0,18962.0625
2026-06-04T05:07:56.237885+00:00,1672.899,inferring,97.9,2080.7734375,2.0,18962.0625
2026-06-04T05:07:58.238229+00:00,1674.9,inferring,104.0,2080.82421875,2.0,18962.0625
2026-06-04T05:08:00.238648+00:00,1676.9,inferring,103.5,2080.9375,2.0,18962.0625
2026-06-04T05:08:02.239034+00:00,1678.9,inferring,98.5,2080.95703125,2.0,18962.0625
2026-06-04T05:08:04.239526+00:00,1680.901,inferring,103.0,2081.03125,2.0,18962.0625
2026-06-04T05:08:06.239825+00:00,1682.901,inferring,99.0,2081.08984375,2.0,18962.0625
2026-06-04T05:08:08.240242+00:00,1684.902,inferring,99.5,2081.24609375,2.0,18962.0625
2026-06-04T05:08:10.240900+00:00,1686.902,inferring,102.0,2081.22265625,2.0,18962.0625
2026-06-04T05:08:12.241231+00:00,1688.903,inferring,105.0,2082.0078125,2.0,18962.0625
2026-06-04T05:08:14.243884+00:00,1690.905,inferring,101.9,2082.5546875,2.0,18962.0625
2026-06-04T05:08:16.244439+00:00,1692.906,inferring,100.5,2083.3671875,2.0,18962.0625
2026-06-04T05:08:18.245600+00:00,1694.907,inferring,104.0,2081.40625,2.0,18962.0625
2026-06-04T05:08:20.248075+00:00,1696.91,inferring,102.8,2081.390625,2.0,18962.0625
2026-06-04T05:08:22.248485+00:00,1698.91,inferring,102.5,2081.7734375,2.0,18962.0625
2026-06-04T05:08:24.252869+00:00,1700.914,inferring,104.5,2081.8671875,2.0,18962.0625
2026-06-04T05:08:26.253271+00:00,1702.915,inferring,97.3,2081.7265625,2.0,18962.0625
2026-06-04T05:08:28.253745+00:00,1704.915,inferring,102.5,2081.9453125,2.0,18962.0625
2026-06-04T05:08:30.254308+00:00,1706.916,inferring,103.5,2081.98828125,2.0,18962.0625
2026-06-04T05:08:32.254688+00:00,1708.916,inferring,101.5,2082.08203125,2.0,18962.0625
2026-06-04T05:08:34.256501+00:00,1710.918,inferring,105.5,2081.734375,2.0,18962.0625
2026-06-04T05:08:36.256974+00:00,1712.918,inferring,98.4,2081.72265625,2.0,18962.0625
2026-06-04T05:08:38.257353+00:00,1714.919,inferring,106.5,2082.05078125,2.0,18962.0625
2026-06-04T05:08:40.258603+00:00,1716.92,inferring,101.0,2081.89453125,2.0,18962.0625
2026-06-04T05:08:42.260137+00:00,1718.922,inferring,106.9,2081.9453125,2.0,18962.0625
2026-06-04T05:08:44.260577+00:00,1720.922,inferring,101.9,2082.359375,2.0,18962.0625
2026-06-04T05:08:46.260928+00:00,1722.922,inferring,94.5,2082.42578125,2.0,18962.0625
2026-06-04T05:08:48.261386+00:00,1724.923,inferring,103.5,2082.55859375,2.0,18962.0625
2026-06-04T05:08:50.261838+00:00,1726.923,inferring,106.0,2082.55078125,2.0,18962.0625
2026-06-04T05:08:52.263974+00:00,1728.925,inferring,101.5,2082.2734375,2.0,18962.0625
2026-06-04T05:08:54.268678+00:00,1730.93,inferring,101.9,2082.3125,2.0,18962.0625
2026-06-04T05:08:56.269847+00:00,1732.931,inferring,97.3,2082.40234375,2.0,18962.0625
2026-06-04T05:08:58.270213+00:00,1734.932,inferring,104.0,2082.421875,2.0,18962.0625
2026-06-04T05:09:00.271052+00:00,1736.932,inferring,105.5,2082.48046875,3.0,18962.0625
2026-06-04T05:09:02.274275+00:00,1738.936,inferring,100.5,2082.55078125,2.0,18962.0625
2026-06-04T05:09:04.275054+00:00,1740.936,inferring,104.8,2082.98828125,2.0,18962.0625
2026-06-04T05:09:06.276436+00:00,1742.938,inferring,99.4,2083.0546875,2.0,18962.0625
2026-06-04T05:09:08.276899+00:00,1744.938,inferring,102.5,2083.109375,2.0,18962.0625
2026-06-04T05:09:10.277412+00:00,1746.939,inferring,104.0,2082.953125,2.0,18962.0625
2026-06-04T05:09:12.279034+00:00,1748.94,inferring,103.9,2083.29296875,2.0,18962.0625
2026-06-04T05:09:14.280919+00:00,1750.942,inferring,101.9,2084.2890625,2.0,18962.0625
2026-06-04T05:09:16.282384+00:00,1752.944,inferring,103.5,2084.57421875,2.0,18962.0625
2026-06-04T05:09:18.282820+00:00,1754.944,inferring,103.9,2085.87109375,2.0,18962.0625
2026-06-04T05:09:20.283239+00:00,1756.945,inferring,105.0,2083.59375,2.0,18962.0625
2026-06-04T05:09:22.283653+00:00,1758.945,inferring,102.0,2083.640625,2.0,18962.0625
2026-06-04T05:09:24.284083+00:00,1760.946,inferring,104.5,2083.73828125,2.0,18962.0625
2026-06-04T05:09:26.284527+00:00,1762.946,inferring,97.5,2083.70703125,2.0,18962.0625
2026-06-04T05:09:28.285876+00:00,1764.947,inferring,103.4,2083.40234375,2.0,18962.0625
2026-06-04T05:09:30.289864+00:00,1766.951,inferring,104.3,2083.7265625,2.0,18962.0625
2026-06-04T05:09:32.290997+00:00,1768.952,inferring,103.0,2083.5703125,2.0,18962.0625
2026-06-04T05:09:34.291373+00:00,1770.953,inferring,103.9,2083.6015625,2.0,18962.0625
2026-06-04T05:09:36.292843+00:00,1772.954,inferring,97.9,2083.63671875,2.0,18962.0625
2026-06-04T05:09:38.293200+00:00,1774.955,inferring,104.0,2083.7109375,2.0,18962.0625
2026-06-04T05:09:40.294065+00:00,1776.956,inferring,102.5,2083.76171875,2.0,18962.0625
2026-06-04T05:09:42.297732+00:00,1778.959,inferring,100.9,2083.7421875,2.0,18962.0625
2026-06-04T05:09:44.299088+00:00,1780.961,inferring,101.8,2083.75,2.0,18962.0625
2026-06-04T05:09:46.299486+00:00,1782.961,inferring,99.4,2084.28515625,2.0,18962.0625
2026-06-04T05:09:48.302887+00:00,1784.964,inferring,102.0,2084.34765625,2.0,18962.0625
2026-06-04T05:09:50.303297+00:00,1786.965,inferring,104.8,2084.16796875,2.0,18962.0625
2026-06-04T05:09:52.303683+00:00,1788.965,inferring,101.5,2084.4296875,2.0,18962.0625
2026-06-04T05:09:54.305093+00:00,1790.967,inferring,103.4,2084.17578125,2.0,18962.0625
2026-06-04T05:09:56.305580+00:00,1792.967,inferring,96.0,2084.54296875,2.0,18962.0625
2026-06-04T05:09:58.307340+00:00,1794.969,inferring,105.0,2084.2578125,2.0,18962.0625
2026-06-04T05:10:00.310314+00:00,1796.972,inferring,100.8,2084.2734375,2.0,18962.0625
2026-06-04T05:10:02.310806+00:00,1798.972,inferring,98.5,2084.26171875,2.0,18962.0625
2026-06-04T05:10:04.311414+00:00,1800.973,inferring,105.0,2084.41796875,2.0,18962.0625
2026-06-04T05:10:06.313109+00:00,1802.975,inferring,98.0,2084.5234375,2.0,18962.0625
2026-06-04T05:10:08.313543+00:00,1804.975,inferring,107.9,2084.96875,2.0,18962.0625
2026-06-04T05:10:10.314347+00:00,1806.976,inferring,102.5,2085.15234375,2.0,18962.0625
2026-06-04T05:10:12.314830+00:00,1808.976,inferring,103.5,2084.9375,2.0,18962.0625
2026-06-04T05:10:14.315245+00:00,1810.977,inferring,102.5,2085.703125,2.0,18962.0625
2026-06-04T05:10:16.315635+00:00,1812.977,inferring,100.5,2086.36328125,2.0,18962.0625
2026-06-04T05:10:18.317015+00:00,1814.978,inferring,104.4,2086.64453125,2.0,18962.0625
2026-06-04T05:10:20.339376+00:00,1817.001,inferring,104.0,2087.59375,2.0,18962.0625
2026-06-04T05:10:22.339894+00:00,1819.001,inferring,102.8,2085.69921875,2.0,18962.0625
2026-06-04T05:10:24.340237+00:00,1821.002,inferring,102.0,2085.70703125,2.0,18962.0625
2026-06-04T05:10:26.346898+00:00,1823.008,inferring,100.3,2085.359375,2.0,18962.0625
2026-06-04T05:10:28.347309+00:00,1825.009,inferring,102.9,2085.78125,3.0,18962.0625
2026-06-04T05:10:30.347771+00:00,1827.009,inferring,105.0,2085.82421875,1.0,18962.0625
2026-06-04T05:10:32.350579+00:00,1829.012,inferring,102.5,2085.87890625,2.0,18962.0625
2026-06-04T05:10:34.351909+00:00,1831.013,inferring,104.3,2085.59765625,2.0,18962.0625
2026-06-04T05:10:36.352733+00:00,1833.014,inferring,98.9,2085.6328125,2.0,18962.0625
2026-06-04T05:10:38.360581+00:00,1835.022,inferring,104.2,2085.68359375,2.0,18962.0625
2026-06-04T05:10:40.360989+00:00,1837.022,inferring,102.3,2086.07421875,2.0,18962.0625
2026-06-04T05:10:42.361717+00:00,1839.023,inferring,106.0,2085.69140625,2.0,18962.0625
2026-06-04T05:10:44.362339+00:00,1841.024,inferring,102.5,2086.2734375,2.0,18962.0625
2026-06-04T05:10:46.362787+00:00,1843.024,inferring,99.0,2086.16015625,2.0,18962.0625
2026-06-04T05:10:48.363197+00:00,1845.025,inferring,98.0,2086.01171875,2.0,18962.0625
2026-06-04T05:10:50.363552+00:00,1847.025,inferring,102.5,2086.0390625,2.0,18962.0625
2026-06-04T05:10:52.366190+00:00,1849.028,inferring,106.4,2086.44140625,2.0,18962.0625
2026-06-04T05:10:54.366977+00:00,1851.028,inferring,103.4,2086.5625,2.0,18962.0625
2026-06-04T05:10:56.367917+00:00,1853.029,inferring,100.9,2086.22265625,2.0,18962.0625
2026-06-04T05:10:58.368440+00:00,1855.03,inferring,104.5,2086.640625,2.0,18962.0625
2026-06-04T05:11:00.368885+00:00,1857.03,inferring,101.5,2086.26171875,2.0,18962.0625
2026-06-04T05:11:02.369453+00:00,1859.031,inferring,105.5,2086.72265625,2.0,18962.0625
2026-06-04T05:11:04.370704+00:00,1861.032,inferring,102.5,2086.44140625,2.0,18962.0625
2026-06-04T05:11:06.371585+00:00,1863.033,inferring,97.9,2086.96484375,2.0,18962.0625
2026-06-04T05:11:08.371981+00:00,1865.033,inferring,109.5,2086.7890625,2.0,18962.0625
2026-06-04T05:11:10.372401+00:00,1867.034,inferring,103.0,2086.6640625,2.0,18962.0625
2026-06-04T05:11:12.372914+00:00,1869.034,inferring,105.5,2087.10546875,2.0,18962.0625
2026-06-04T05:11:14.374719+00:00,1871.036,inferring,102.5,2087.31640625,2.0,18962.0625
2026-06-04T05:11:16.375706+00:00,1873.037,inferring,101.9,2087.37890625,2.0,18962.0625
2026-06-04T05:11:18.380008+00:00,1875.041,inferring,106.3,2088.06640625,2.0,18962.0625
2026-06-04T05:11:20.380682+00:00,1877.042,inferring,103.9,2088.68359375,2.0,18962.0625
2026-06-04T05:11:22.381088+00:00,1879.043,inferring,104.5,2089.85546875,0.0,18962.0625
2026-06-04T05:11:24.381418+00:00,1881.043,inferring,106.5,2087.47265625,2.0,18962.0625
2026-06-04T05:11:26.382705+00:00,1883.044,inferring,99.4,2087.47265625,2.0,18962.0625
2026-06-04T05:11:28.383435+00:00,1885.045,inferring,102.5,2087.1796875,2.0,18962.0625
2026-06-04T05:11:30.383794+00:00,1887.045,inferring,104.0,2087.1875,2.0,18962.0625
2026-06-04T05:11:32.384823+00:00,1889.046,inferring,104.0,2087.5625,2.0,18962.0625
2026-06-04T05:11:34.385160+00:00,1891.047,inferring,103.0,2087.6953125,2.0,18962.0625
2026-06-04T05:11:36.385554+00:00,1893.047,inferring,95.0,2087.7578125,2.0,18962.0625
2026-06-04T05:11:38.385935+00:00,1895.047,inferring,103.5,2087.7890625,2.0,18962.0625
2026-06-04T05:11:40.386357+00:00,1897.048,inferring,104.0,2087.8671875,2.0,18962.0625
2026-06-04T05:11:42.386733+00:00,1899.048,inferring,101.5,2087.8046875,2.0,18962.0625
2026-06-04T05:11:44.387873+00:00,1901.049,inferring,104.4,2087.625,2.0,18962.0625
2026-06-04T05:11:46.388225+00:00,1903.05,inferring,101.5,2087.65625,2.0,18962.0625
2026-06-04T05:11:48.388617+00:00,1905.05,inferring,106.5,2087.69921875,2.0,18962.0625
2026-06-04T05:11:50.390279+00:00,1907.052,inferring,103.5,2087.703125,3.0,18962.0625
2026-06-04T05:11:52.391826+00:00,1909.053,inferring,103.4,2088.22265625,2.0,18962.0625
2026-06-04T05:11:54.392208+00:00,1911.054,inferring,102.5,2088.27734375,3.0,18962.0625
2026-06-04T05:11:56.392603+00:00,1913.054,inferring,100.0,2088.32421875,2.0,18962.0625
2026-06-04T05:11:58.393335+00:00,1915.055,inferring,102.5,2088.02734375,2.0,18962.0625
2026-06-04T05:12:00.393808+00:00,1917.055,inferring,105.5,2088.42578125,2.0,18962.0625
2026-06-04T05:12:02.394404+00:00,1919.056,inferring,103.5,2088.16015625,2.0,18962.0625
2026-06-04T05:12:04.397741+00:00,1921.059,inferring,101.3,2088.6171875,2.0,18962.0625
2026-06-04T05:12:06.398442+00:00,1923.06,inferring,99.5,2088.2734375,2.0,18962.0625
2026-06-04T05:12:08.403464+00:00,1925.065,inferring,102.3,2088.3125,2.0,18962.0625
2026-06-04T05:12:10.405938+00:00,1927.067,inferring,103.8,2088.35546875,2.0,18962.0625
2026-06-04T05:12:12.408035+00:00,1929.069,inferring,103.4,2088.82421875,2.0,18962.0625
2026-06-04T05:12:14.408852+00:00,1931.07,inferring,100.0,2089.02734375,2.0,18962.0625
2026-06-04T05:12:16.410649+00:00,1933.072,inferring,101.9,2089.0859375,2.0,18962.0625
2026-06-04T05:12:18.416855+00:00,1935.078,inferring,103.2,2089.33203125,2.0,18962.0625
2026-06-04T05:12:20.417318+00:00,1937.079,inferring,103.5,2090.40625,2.0,18962.0625
2026-06-04T05:12:22.417890+00:00,1939.079,inferring,103.5,2091.015625,2.0,18962.0625
2026-06-04T05:12:24.418265+00:00,1941.08,inferring,104.5,2091.40625,0.0,18962.0625
2026-06-04T05:12:26.418702+00:00,1943.08,inferring,100.0,2089.24609375,2.0,18962.0625
2026-06-04T05:12:28.419115+00:00,1945.082,inferring,103.5,2089.55859375,2.0,18962.0625
2026-06-04T05:12:30.421419+00:00,1947.083,inferring,101.9,2089.26171875,2.0,18962.0625
2026-06-04T05:12:32.423856+00:00,1949.085,inferring,101.4,2089.265625,2.0,18962.0625
2026-06-04T05:12:34.424261+00:00,1951.086,inferring,104.0,2089.65234375,2.0,18962.0625
2026-06-04T05:12:36.424612+00:00,1953.086,inferring,97.5,2089.78515625,2.0,18962.0625
2026-06-04T05:12:38.425026+00:00,1955.086,inferring,102.5,2089.83984375,2.0,18962.0625
2026-06-04T05:12:40.426893+00:00,1957.088,inferring,100.0,2089.55078125,2.0,18962.0625
2026-06-04T05:12:42.427840+00:00,1959.089,inferring,103.4,2089.7265625,2.0,18962.0625
2026-06-04T05:12:44.429036+00:00,1961.09,inferring,100.9,2089.6328125,2.0,18962.0625
2026-06-04T05:12:46.430854+00:00,1963.092,inferring,100.4,2089.98828125,2.0,18962.0625
2026-06-04T05:12:48.431765+00:00,1965.093,inferring,103.5,2089.640625,2.0,18962.0625
2026-06-04T05:12:50.432097+00:00,1967.094,inferring,104.0,2089.87109375,2.0,18962.0625
2026-06-04T05:12:52.432667+00:00,1969.094,inferring,105.5,2090.296875,2.0,18962.0625
2026-06-04T05:12:54.433023+00:00,1971.094,inferring,102.5,2089.953125,2.0,18962.0625
2026-06-04T05:12:56.436136+00:00,1973.098,inferring,100.9,2090.0234375,2.0,18962.0625
2026-06-04T05:12:58.436642+00:00,1975.098,inferring,112.4,2090.0859375,2.0,18962.0625
2026-06-04T05:13:00.437003+00:00,1977.098,inferring,110.0,2090.37890625,2.0,18962.0625
2026-06-04T05:13:02.437428+00:00,1979.099,inferring,112.0,2090.56640625,2.0,18962.0625
2026-06-04T05:13:04.439710+00:00,1981.101,inferring,124.9,2090.3125,2.0,18962.0625
2026-06-04T05:13:06.441920+00:00,1983.103,inferring,123.9,2090.39453125,2.0,18962.0625
2026-06-04T05:13:08.443251+00:00,1985.105,inferring,125.9,2090.47265625,2.0,18962.0625
2026-06-04T05:13:10.443996+00:00,1987.105,inferring,124.9,2090.59375,2.0,18962.0625
2026-06-04T05:13:12.444925+00:00,1989.106,inferring,124.5,2090.65234375,3.0,18962.0625
2026-06-04T05:13:14.445297+00:00,1991.107,inferring,124.5,2090.98046875,3.0,18962.0625
2026-06-04T05:13:16.445697+00:00,1993.107,inferring,125.0,2091.296875,3.0,18962.0625
2026-06-04T05:13:18.446082+00:00,1995.108,inferring,125.5,2092.51953125,3.0,18962.0625
2026-06-04T05:13:20.446510+00:00,1997.108,inferring,125.0,2093.34765625,2.0,18962.0625
2026-06-04T05:13:22.447003+00:00,1999.108,inferring,122.0,2091.41796875,3.0,18962.0625
2026-06-04T05:13:24.447515+00:00,2001.109,inferring,123.0,2091.15625,2.0,18962.0625
2026-06-04T05:13:26.448067+00:00,2003.11,inferring,122.5,2091.23828125,2.0,18962.0625
2026-06-04T05:13:28.448590+00:00,2005.11,inferring,124.5,2091.5703125,2.0,18962.0625
2026-06-04T05:13:30.448984+00:00,2007.11,inferring,124.0,2091.6484375,2.0,18962.0625
2026-06-04T05:13:32.449363+00:00,2009.111,inferring,123.5,2091.7734375,2.0,18962.0625
2026-06-04T05:13:34.449789+00:00,2011.111,inferring,124.0,2091.8359375,2.0,18962.0625
2026-06-04T05:13:36.450235+00:00,2013.112,inferring,123.5,2091.546875,2.0,18962.0625
2026-06-04T05:13:38.451393+00:00,2015.113,inferring,125.5,2091.6484375,3.0,18962.0625
2026-06-04T05:13:40.452976+00:00,2017.114,inferring,124.4,2091.703125,3.0,18962.0625
2026-06-04T05:13:42.453472+00:00,2019.115,inferring,123.9,2092.10546875,2.0,18962.0625
2026-06-04T05:13:44.454095+00:00,2021.116,inferring,124.5,2092.25390625,2.0,18962.0625
2026-06-04T05:13:46.455920+00:00,2023.117,inferring,124.5,2091.87109375,2.0,18962.0625
2026-06-04T05:13:48.457056+00:00,2025.118,inferring,125.4,2091.98046875,3.0,18962.0625
2026-06-04T05:13:50.457430+00:00,2027.119,inferring,124.5,2092.47265625,3.0,18962.0625
2026-06-04T05:13:52.457900+00:00,2029.119,inferring,125.0,2092.5,2.0,18962.0625
2026-06-04T05:13:54.458230+00:00,2031.12,inferring,125.0,2092.2421875,2.0,18962.0625
2026-06-04T05:13:56.458752+00:00,2033.12,inferring,124.0,2092.23828125,2.0,18962.0625
2026-06-04T05:13:58.459139+00:00,2035.121,inferring,126.0,2092.69921875,3.0,18962.0625
2026-06-04T05:14:00.459487+00:00,2037.121,inferring,125.5,2092.42578125,2.0,18962.0625
2026-06-04T05:14:02.459828+00:00,2039.121,inferring,125.0,2092.87109375,3.0,18962.0625
2026-06-04T05:14:04.460303+00:00,2041.122,inferring,125.0,2093.10546875,3.0,18962.0625
2026-06-04T05:14:06.460715+00:00,2043.122,inferring,124.0,2093.54296875,2.0,18962.0625
2026-06-04T05:14:08.461097+00:00,2045.123,inferring,125.5,2094.3828125,2.0,18962.0625
2026-06-04T05:14:10.461430+00:00,2047.123,inferring,124.5,2094.85546875,2.0,18962.0625
2026-06-04T05:14:12.461817+00:00,2049.123,inferring,122.5,2093.4375,2.0,18962.0625
2026-06-04T05:14:14.462226+00:00,2051.124,inferring,124.0,2093.53125,2.0,18962.0625
2026-06-04T05:14:16.463601+00:00,2053.125,inferring,122.5,2093.21484375,2.0,18962.0625
2026-06-04T05:14:18.464079+00:00,2055.126,inferring,123.9,2093.265625,2.0,18962.0625
2026-06-04T05:14:20.464646+00:00,2057.126,inferring,124.0,2093.76171875,2.0,18962.0625
2026-06-04T05:14:22.465027+00:00,2059.126,inferring,124.5,2093.73828125,2.0,18962.0625
2026-06-04T05:14:24.465450+00:00,2061.127,inferring,124.5,2093.484375,2.0,18962.0625
2026-06-04T05:14:26.465888+00:00,2063.127,inferring,123.5,2093.5703125,2.0,18962.0625
2026-06-04T05:14:28.467601+00:00,2065.129,inferring,124.5,2093.64453125,2.0,18962.0625
2026-06-04T05:14:30.468293+00:00,2067.13,inferring,124.4,2093.7265625,3.0,18962.0625
2026-06-04T05:14:32.470173+00:00,2069.132,inferring,124.0,2093.8203125,2.0,18962.0625
2026-06-04T05:14:34.470567+00:00,2071.132,inferring,123.9,2094.1640625,3.0,18962.0625
2026-06-04T05:14:36.470947+00:00,2073.132,inferring,124.0,2093.93359375,2.0,18962.0625
2026-06-04T05:14:38.472399+00:00,2075.134,inferring,124.0,2094.0234375,2.0,18962.0625
2026-06-04T05:14:40.474731+00:00,2077.136,inferring,124.4,2094.06640625,3.0,18962.0625
2026-06-04T05:14:42.475349+00:00,2079.137,inferring,124.9,2094.546875,3.0,18962.0625
2026-06-04T05:14:44.475732+00:00,2081.137,inferring,123.5,2094.578125,3.0,18962.0625
2026-06-04T05:14:46.476186+00:00,2083.138,inferring,123.0,2094.5234375,2.0,18962.0625
2026-06-04T05:14:48.477809+00:00,2085.139,inferring,123.0,2094.3125,2.0,18962.0625
2026-06-04T05:14:50.478189+00:00,2087.14,inferring,123.9,2094.47265625,2.0,18962.0625
2026-06-04T05:14:52.480126+00:00,2089.142,inferring,124.5,2094.5234375,3.0,18962.0625
2026-06-04T05:14:54.481450+00:00,2091.143,inferring,122.9,2094.57421875,3.0,18962.0625
2026-06-04T05:14:56.483156+00:00,2093.145,inferring,122.9,2094.8125,2.0,18962.0625
2026-06-04T05:14:58.483680+00:00,2095.145,inferring,122.9,2095.7734375,2.0,18962.0625
2026-06-04T05:15:00.484084+00:00,2097.146,inferring,123.0,2096.16015625,2.0,18962.0625
2026-06-04T05:15:02.485185+00:00,2099.147,inferring,123.0,2097.21875,3.0,18962.0625
2026-06-04T05:15:04.485758+00:00,2101.147,inferring,119.9,2095.0546875,2.0,18962.0625
2026-06-04T05:15:06.486178+00:00,2103.148,inferring,122.0,2095.125,2.0,18962.0625
2026-06-04T05:15:08.486577+00:00,2105.148,inferring,123.0,2095.2265625,2.0,18962.0625
2026-06-04T05:15:10.488335+00:00,2107.15,inferring,122.9,2095.17578125,2.0,18962.0625
2026-06-04T05:15:12.488765+00:00,2109.15,inferring,122.9,2095.6328125,2.0,18962.0625
2026-06-04T05:15:14.489205+00:00,2111.151,inferring,122.5,2095.390625,2.0,18962.0625
2026-06-04T05:15:16.489671+00:00,2113.151,inferring,122.5,2095.421875,2.0,18962.0625
2026-06-04T05:15:18.490342+00:00,2115.152,inferring,122.5,2095.5234375,2.0,18962.0625
2026-06-04T05:15:20.490769+00:00,2117.152,inferring,122.5,2095.93359375,2.0,18962.0625
2026-06-04T05:15:22.491188+00:00,2119.153,inferring,121.5,2095.95703125,2.0,18962.0625
2026-06-04T05:15:24.491596+00:00,2121.153,inferring,122.5,2095.67578125,2.0,18962.0625
2026-06-04T05:15:26.492040+00:00,2123.153,inferring,121.5,2096.1640625,2.0,18962.0625
2026-06-04T05:15:28.492481+00:00,2125.154,inferring,124.0,2096.265625,2.0,18962.0625
2026-06-04T05:15:30.493033+00:00,2127.154,inferring,125.0,2095.890625,3.0,18962.0625
2026-06-04T05:15:32.493544+00:00,2129.155,inferring,124.5,2096.31640625,2.0,18962.0625
2026-06-04T05:15:34.494011+00:00,2131.155,inferring,124.0,2096.43359375,3.0,18962.0625
2026-06-04T05:15:36.496014+00:00,2133.157,inferring,124.0,2096.1171875,2.0,18962.0625
2026-06-04T05:15:38.496608+00:00,2135.158,inferring,125.4,2096.19921875,2.0,18962.0625
2026-06-04T05:15:40.497017+00:00,2137.158,inferring,125.5,2096.59765625,3.0,18962.0625
2026-06-04T05:15:42.497385+00:00,2139.159,inferring,125.0,2096.50390625,3.0,18962.0625
2026-06-04T05:15:44.498298+00:00,2141.16,inferring,125.0,2096.45703125,3.0,18962.0625
2026-06-04T05:15:46.498757+00:00,2143.16,inferring,123.4,2096.8125,2.0,18962.0625
2026-06-04T05:15:48.499363+00:00,2145.161,inferring,125.0,2097.02734375,3.0,18962.0625
2026-06-04T05:15:50.499710+00:00,2147.161,inferring,125.0,2097.2890625,2.0,18962.0625
2026-06-04T05:15:52.500182+00:00,2149.162,inferring,126.5,2097.8125,2.0,18962.0625
2026-06-04T05:15:54.500588+00:00,2151.162,inferring,124.0,2098.8828125,3.0,18962.0625
2026-06-04T05:15:56.501039+00:00,2153.162,inferring,120.0,2099.77734375,2.0,18962.0625
2026-06-04T05:15:58.501541+00:00,2155.163,inferring,122.5,2097.6796875,2.0,18962.0625
2026-06-04T05:16:00.502093+00:00,2157.164,inferring,123.5,2097.71484375,2.0,18962.0625
2026-06-04T05:16:02.502462+00:00,2159.164,inferring,123.5,2097.7890625,2.0,18962.0625
2026-06-04T05:16:04.502866+00:00,2161.164,inferring,122.5,2097.86328125,2.0,18962.0625
2026-06-04T05:16:06.503178+00:00,2163.165,inferring,123.0,2097.75390625,2.0,18962.0625
2026-06-04T05:16:08.503555+00:00,2165.165,inferring,122.5,2097.5625,2.0,18962.0625
2026-06-04T05:16:10.504530+00:00,2167.166,inferring,123.5,2097.66015625,2.0,18962.0625
2026-06-04T05:16:12.504833+00:00,2169.166,inferring,122.9,2098.08203125,2.0,18962.0625
2026-06-04T05:16:14.505234+00:00,2171.167,inferring,116.0,2096.88671875,2.0,18962.0625
2026-06-04T05:16:16.506103+00:00,2173.168,inferring,105.0,2097.8046875,2.0,18962.0625
2026-06-04T05:16:18.507820+00:00,2175.169,inferring,110.4,2097.88671875,2.0,18962.0625
2026-06-04T05:16:20.508168+00:00,2177.17,inferring,109.5,2098.30859375,2.0,18962.0625
2026-06-04T05:16:22.508694+00:00,2179.17,inferring,110.5,2098.046875,2.0,18962.0625
2026-06-04T05:16:24.510572+00:00,2181.172,inferring,111.0,2098.09765625,2.0,18962.0625
2026-06-04T05:16:26.511852+00:00,2183.173,inferring,101.4,2098.15625,2.0,18962.0625
2026-06-04T05:16:28.513392+00:00,2185.175,inferring,109.5,2098.23046875,2.0,18962.0625
2026-06-04T05:16:30.515204+00:00,2187.177,inferring,111.9,2098.31640625,2.0,18962.0625
2026-06-04T05:16:32.515919+00:00,2189.177,inferring,111.4,2098.703125,2.0,18962.0625
2026-06-04T05:16:34.516827+00:00,2191.178,inferring,111.4,2098.44140625,2.0,18962.0625
2026-06-04T05:16:36.517161+00:00,2193.179,inferring,106.5,2098.90625,2.0,18962.0625
2026-06-04T05:16:38.517584+00:00,2195.179,inferring,110.5,2098.80859375,2.0,18962.0625
2026-06-04T05:16:40.518035+00:00,2197.179,inferring,109.5,2098.890625,3.0,18962.0625
2026-06-04T05:16:42.520054+00:00,2199.181,inferring,110.5,2098.73046875,2.0,18962.0625
2026-06-04T05:16:44.521592+00:00,2201.183,inferring,110.4,2099.27734375,2.0,18962.0625
2026-06-04T05:16:46.522023+00:00,2203.183,inferring,105.4,2099.65625,2.0,18962.0625
2026-06-04T05:16:48.522371+00:00,2205.184,inferring,109.0,2100.3046875,2.0,18962.0625
2026-06-04T05:16:50.524990+00:00,2207.186,inferring,112.4,2100.55859375,2.0,18962.0625
2026-06-04T05:16:52.525394+00:00,2209.187,inferring,108.5,2101.9140625,2.0,18962.0625
2026-06-04T05:16:54.525840+00:00,2211.187,inferring,108.5,2099.32421875,2.0,18962.0625
2026-06-04T05:16:56.529851+00:00,2213.191,inferring,103.5,2099.37109375,2.0,18962.0625
2026-06-04T05:16:58.531806+00:00,2215.193,inferring,110.3,2099.421875,2.0,18962.0625
2026-06-04T05:17:00.533974+00:00,2217.195,inferring,110.3,2099.8125,3.0,18962.0625
2026-06-04T05:17:02.534719+00:00,2219.196,inferring,113.0,2099.91796875,2.0,18962.0625
2026-06-04T05:17:04.535250+00:00,2221.197,inferring,109.0,2099.9296875,2.0,18962.0625
2026-06-04T05:17:06.535673+00:00,2223.197,inferring,104.5,2099.9921875,2.0,18962.0625
2026-06-04T05:17:08.537898+00:00,2225.199,inferring,113.0,2100.11328125,2.0,18962.0625
2026-06-04T05:17:10.542802+00:00,2227.204,inferring,108.8,2099.70703125,2.0,18962.0625
2026-06-04T05:17:12.543214+00:00,2229.205,inferring,113.8,2099.80078125,2.0,18962.0625
2026-06-04T05:17:14.543550+00:00,2231.205,inferring,106.5,2100.23046875,2.0,18962.0625
2026-06-04T05:17:16.544743+00:00,2233.206,inferring,107.0,2099.91015625,2.0,18962.0625
2026-06-04T05:17:18.545101+00:00,2235.207,inferring,111.4,2100.33203125,2.0,18962.0625
2026-06-04T05:17:20.547332+00:00,2237.209,inferring,108.0,2100.05859375,2.0,18962.0625
2026-06-04T05:17:22.548287+00:00,2239.21,inferring,109.9,2100.1171875,2.0,18962.0625
2026-06-04T05:17:24.548730+00:00,2241.21,inferring,109.5,2100.5390625,2.0,18962.0625
2026-06-04T05:17:26.549154+00:00,2243.211,inferring,103.0,2100.64453125,2.0,18962.0625
2026-06-04T05:17:28.549857+00:00,2245.211,inferring,109.0,2100.31640625,2.0,18962.0625
2026-06-04T05:17:30.551885+00:00,2247.213,inferring,113.5,2100.39453125,2.0,18962.0625
2026-06-04T05:17:32.552291+00:00,2249.214,inferring,111.9,2100.46875,2.0,18962.0625
2026-06-04T05:17:34.552798+00:00,2251.214,inferring,110.5,2100.90234375,2.0,18962.0625
2026-06-04T05:17:36.555073+00:00,2253.217,inferring,105.5,2100.6171875,2.0,18962.0625
2026-06-04T05:17:38.555440+00:00,2255.217,inferring,108.9,2100.83203125,3.0,18962.0625
2026-06-04T05:17:40.557135+00:00,2257.219,inferring,109.0,2100.72265625,2.0,18962.0625
2026-06-04T05:17:42.557599+00:00,2259.219,inferring,111.4,2101.25390625,2.0,18962.0625
2026-06-04T05:17:44.557996+00:00,2261.219,inferring,110.5,2101.46484375,2.0,18962.0625
2026-06-04T05:17:46.558417+00:00,2263.22,inferring,106.0,2101.7421875,2.0,18962.0625
2026-06-04T05:17:48.560436+00:00,2265.222,inferring,109.4,2102.6875,3.0,18962.0625
2026-06-04T05:17:50.560777+00:00,2267.222,inferring,106.5,2103.61328125,3.0,18962.0625
2026-06-04T05:17:52.561113+00:00,2269.223,inferring,109.0,2101.5859375,2.0,18962.0625
2026-06-04T05:17:54.561492+00:00,2271.223,inferring,109.0,2101.62890625,2.0,18962.0625
2026-06-04T05:17:56.562872+00:00,2273.224,inferring,105.4,2101.3515625,2.0,18962.0625
2026-06-04T05:17:58.563289+00:00,2275.225,inferring,109.0,2101.67578125,2.0,18962.0625
2026-06-04T05:18:00.564509+00:00,2277.226,inferring,111.0,2101.4140625,2.0,18962.0625
2026-06-04T05:18:02.566834+00:00,2279.228,inferring,109.3,2101.53125,2.0,18962.0625
2026-06-04T05:18:04.567256+00:00,2281.229,inferring,112.0,2101.69140625,2.0,18962.0625
2026-06-04T05:18:06.567689+00:00,2283.229,inferring,105.5,2101.93359375,2.0,18962.0625
2026-06-04T05:18:08.568132+00:00,2285.23,inferring,109.0,2102.0234375,2.0,18962.0625
2026-06-04T05:18:10.569579+00:00,2287.231,inferring,110.5,2101.73828125,2.0,18962.0625
2026-06-04T05:18:12.570590+00:00,2289.232,inferring,108.9,2102.12890625,2.0,18962.0625
2026-06-04T05:18:14.571142+00:00,2291.233,inferring,109.4,2101.86328125,2.0,18962.0625
2026-06-04T05:18:16.571571+00:00,2293.233,inferring,104.5,2102.31640625,2.0,18962.0625
2026-06-04T05:18:18.572009+00:00,2295.233,inferring,109.5,2102.38671875,2.0,18962.0625
2026-06-04T05:18:20.572712+00:00,2297.234,inferring,108.0,2102.05859375,2.0,18962.0625
2026-06-04T05:18:22.573105+00:00,2299.235,inferring,114.0,2102.15625,2.0,18962.0625
2026-06-04T05:18:24.573431+00:00,2301.235,inferring,108.0,2102.5078125,2.0,18962.0625
2026-06-04T05:18:26.575015+00:00,2303.236,inferring,103.0,2102.24609375,2.0,18962.0625
2026-06-04T05:18:28.576131+00:00,2305.238,inferring,106.9,2102.13671875,2.0,18962.0625
2026-06-04T05:18:30.576844+00:00,2307.238,inferring,110.9,2102.625,2.0,18962.0625
2026-06-04T05:18:32.577232+00:00,2309.239,inferring,110.5,2102.66015625,2.0,18962.0625
2026-06-04T05:18:34.577754+00:00,2311.239,inferring,110.5,2102.44140625,2.0,18962.0625
2026-06-04T05:18:36.578186+00:00,2313.24,inferring,105.5,2102.5859375,2.0,18962.0625
2026-06-04T05:18:38.578535+00:00,2315.24,inferring,108.5,2102.6328125,2.0,18962.0625
2026-06-04T05:18:40.578887+00:00,2317.24,inferring,111.0,2103.12109375,2.0,18962.0625
2026-06-04T05:18:42.579221+00:00,2319.241,inferring,111.5,2103.33984375,2.0,18962.0625
2026-06-04T05:18:44.579587+00:00,2321.241,inferring,109.5,2103.546875,2.0,18962.0625
2026-06-04T05:18:46.579968+00:00,2323.241,inferring,106.5,2104.2890625,2.0,18962.0625
2026-06-04T05:18:48.580396+00:00,2325.242,inferring,109.5,2105.00390625,2.0,18962.0625
2026-06-04T05:18:50.580752+00:00,2327.242,inferring,110.5,2103.5078125,2.0,18962.0625
2026-06-04T05:18:52.581547+00:00,2329.243,inferring,110.5,2103.59765625,3.0,18962.0625
2026-06-04T05:18:54.581913+00:00,2331.243,inferring,108.0,2103.27734375,2.0,18962.0625
2026-06-04T05:18:56.585761+00:00,2333.247,inferring,103.5,2103.34765625,2.0,18962.0625
2026-06-04T05:18:58.586921+00:00,2335.248,inferring,103.3,2103.375,2.0,18962.0625
2026-06-04T05:19:00.587253+00:00,2337.249,inferring,108.9,2103.4453125,2.0,18962.0625
2026-06-04T05:19:02.591393+00:00,2339.253,inferring,111.0,2103.4921875,2.0,18962.0625
2026-06-04T05:19:04.591754+00:00,2341.253,inferring,108.3,2103.57421875,2.0,18962.0625
2026-06-04T05:19:06.592147+00:00,2343.254,inferring,104.0,2103.94921875,2.0,18962.0625
2026-06-04T05:19:08.594165+00:00,2345.256,inferring,111.5,2103.66796875,2.0,18962.0625
2026-06-04T05:19:10.598281+00:00,2347.26,inferring,107.8,2103.77734375,2.0,18962.0625
2026-06-04T05:19:12.601855+00:00,2349.263,inferring,109.2,2103.69921875,2.0,18962.0625
2026-06-04T05:19:14.602295+00:00,2351.264,inferring,110.0,2104.13671875,2.0,18962.0625
2026-06-04T05:19:16.602733+00:00,2353.264,inferring,104.5,2103.91796875,2.0,18962.0625
2026-06-04T05:19:18.603139+00:00,2355.265,inferring,109.5,2104.30859375,3.0,18962.0625
2026-06-04T05:19:20.603575+00:00,2357.265,inferring,113.0,2104.22265625,2.0,18962.0625
2026-06-04T05:19:22.604914+00:00,2359.266,inferring,111.4,2104.45703125,3.0,18962.0625
2026-06-04T05:19:24.605773+00:00,2361.267,inferring,112.0,2104.1953125,2.0,18962.0625
2026-06-04T05:19:26.606414+00:00,2363.268,inferring,102.9,2104.65234375,2.0,18962.0625
2026-06-04T05:19:28.606751+00:00,2365.268,inferring,106.0,2104.64453125,2.0,18962.0625
2026-06-04T05:19:30.607158+00:00,2367.269,inferring,111.5,2104.35546875,2.0,18962.0625
2026-06-04T05:19:32.612727+00:00,2369.274,inferring,108.5,2104.52734375,2.0,18962.0625
2026-06-04T05:19:34.613149+00:00,2371.275,inferring,110.7,2104.8984375,2.0,18962.0625
2026-06-04T05:19:36.614179+00:00,2373.276,inferring,105.5,2104.9921875,2.0,18962.0625
2026-06-04T05:19:38.614899+00:00,2375.276,inferring,111.4,2104.484375,2.0,18962.0625
2026-06-04T05:19:40.616771+00:00,2377.278,inferring,109.5,2104.7265625,2.0,18962.0625
2026-06-04T05:19:42.617205+00:00,2379.279,inferring,111.9,2105.375,2.0,18962.0625
2026-06-04T05:19:44.618552+00:00,2381.28,inferring,109.0,2105.4921875,2.0,18962.0625
2026-06-04T05:19:46.618975+00:00,2383.28,inferring,105.4,2106.45703125,2.0,18962.0625
2026-06-04T05:19:48.621464+00:00,2385.283,inferring,107.5,2106.984375,2.0,18962.0625
2026-06-04T05:19:50.621827+00:00,2387.283,inferring,109.9,2105.48828125,0.0,18962.0625
2026-06-04T05:19:52.622229+00:00,2389.284,inferring,110.5,2105.15234375,2.0,18962.0625
2026-06-04T05:19:54.622661+00:00,2391.284,inferring,111.0,2105.546875,2.0,18962.0625
2026-06-04T05:19:56.624870+00:00,2393.286,inferring,101.5,2105.5390625,2.0,18962.0625
2026-06-04T05:19:58.626104+00:00,2395.288,inferring,109.9,2105.2890625,2.0,18962.0625
2026-06-04T05:20:00.626837+00:00,2397.288,inferring,109.9,2105.40234375,2.0,18962.0625
2026-06-04T05:20:02.627173+00:00,2399.289,inferring,112.0,2105.78125,2.0,18962.0625
2026-06-04T05:20:04.627516+00:00,2401.289,inferring,110.0,2105.484375,2.0,18962.0625
2026-06-04T05:20:06.627900+00:00,2403.289,inferring,106.0,2105.9296875,2.0,18962.0625
2026-06-04T05:20:08.628312+00:00,2405.29,inferring,111.5,2105.625,2.0,18962.0625
2026-06-04T05:20:10.628789+00:00,2407.29,inferring,109.0,2106.01953125,2.0,18962.0625
2026-06-04T05:20:12.629201+00:00,2409.291,inferring,110.5,2106.09375,2.0,18962.0625
2026-06-04T05:20:14.630872+00:00,2411.292,inferring,110.5,2105.8125,2.0,18962.0625
2026-06-04T05:20:16.631282+00:00,2413.293,inferring,104.9,2106.0078125,2.0,18962.0625
2026-06-04T05:20:18.634860+00:00,2415.296,inferring,111.0,2105.93359375,2.0,18962.0625
2026-06-04T05:20:20.635600+00:00,2417.297,inferring,109.3,2105.859375,2.0,18962.0625
2026-06-04T05:20:22.635934+00:00,2419.297,inferring,109.5,2106.31640625,2.0,18962.0625
2026-06-04T05:20:24.636280+00:00,2421.298,inferring,109.5,2106.47265625,2.0,18962.0625
2026-06-04T05:20:26.636646+00:00,2423.298,inferring,102.0,2106.4609375,2.0,18962.0625
2026-06-04T05:20:28.637054+00:00,2425.298,inferring,110.0,2106.609375,2.0,18962.0625
2026-06-04T05:20:30.637440+00:00,2427.299,inferring,112.0,2106.28515625,2.0,18962.0625
2026-06-04T05:20:32.637780+00:00,2429.299,inferring,112.5,2106.7890625,3.0,18962.0625
2026-06-04T05:20:34.639328+00:00,2431.301,inferring,110.0,2106.4609375,2.0,18962.0625
2026-06-04T05:20:36.640713+00:00,2433.302,inferring,107.9,2106.53125,2.0,18962.0625
2026-06-04T05:20:38.641098+00:00,2435.303,inferring,110.9,2106.65625,3.0,18962.0625
2026-06-04T05:20:40.641485+00:00,2437.303,inferring,110.0,2107.17578125,3.0,18962.0625
2026-06-04T05:20:42.641862+00:00,2439.303,inferring,110.0,2107.08203125,2.0,18962.0625
2026-06-04T05:20:44.642245+00:00,2441.304,inferring,109.5,2107.71875,3.0,18962.0625
2026-06-04T05:20:46.647128+00:00,2443.309,inferring,105.3,2108.49609375,2.0,18962.0625
2026-06-04T05:20:48.647489+00:00,2445.309,inferring,110.4,2109.84375,2.0,18962.0625
2026-06-04T05:20:50.647830+00:00,2447.309,inferring,108.0,2107.72265625,2.0,18962.0625
2026-06-04T05:20:52.649793+00:00,2449.311,inferring,107.9,2107.4375,2.0,18962.0625
2026-06-04T05:20:54.651115+00:00,2451.313,inferring,110.4,2107.421875,2.0,18962.0625
2026-06-04T05:20:56.651477+00:00,2453.313,inferring,102.4,2107.84375,2.0,18962.0625
2026-06-04T05:20:58.651950+00:00,2455.313,inferring,109.0,2107.5703125,2.0,18962.0625
2026-06-04T05:21:00.653103+00:00,2457.315,inferring,110.0,2107.63671875,2.0,18962.0625
2026-06-04T05:21:02.653450+00:00,2459.315,inferring,109.0,2107.703125,2.0,18962.0625
2026-06-04T05:21:04.653846+00:00,2461.315,inferring,110.0,2108.09375,2.0,18962.0625
2026-06-04T05:21:06.655761+00:00,2463.317,inferring,105.5,2107.79296875,2.0,18962.0625
2026-06-04T05:21:08.657901+00:00,2465.319,inferring,108.8,2107.91796875,2.0,18962.0625
2026-06-04T05:21:10.658495+00:00,2467.32,inferring,110.5,2107.95703125,2.0,18962.0625
2026-06-04T05:21:12.658934+00:00,2469.32,inferring,109.5,2108.20703125,3.0,18962.0625
2026-06-04T05:21:14.659380+00:00,2471.321,inferring,112.0,2108.4140625,2.0,18962.0625
2026-06-04T05:21:16.659788+00:00,2473.321,inferring,102.0,2108.1796875,2.0,18962.0625
2026-06-04T05:21:18.661648+00:00,2475.323,inferring,112.0,2108.21484375,3.0,18962.0625
2026-06-04T05:21:20.662075+00:00,2477.324,inferring,110.4,2108.609375,2.0,18962.0625
2026-06-04T05:21:22.662475+00:00,2479.324,inferring,112.5,2108.6875,2.0,18962.0625
2026-06-04T05:21:24.662931+00:00,2481.324,inferring,111.5,2108.68359375,2.0,18962.0625
2026-06-04T05:21:26.663278+00:00,2483.325,inferring,103.0,2108.875,2.0,18962.0625
2026-06-04T05:21:28.663616+00:00,2485.325,inferring,108.5,2108.8359375,2.0,18962.0625
2026-06-04T05:21:30.664001+00:00,2487.325,inferring,108.5,2108.85546875,2.0,18962.0625
2026-06-04T05:21:32.664366+00:00,2489.326,inferring,110.0,2108.5859375,2.0,18962.0625
2026-06-04T05:21:34.665942+00:00,2491.327,inferring,112.9,2108.765625,2.0,18962.0625
2026-06-04T05:21:36.666430+00:00,2493.328,inferring,104.5,2109.2109375,2.0,18962.0625
2026-06-04T05:21:38.666812+00:00,2495.328,inferring,107.0,2109.26953125,2.0,18962.0625
2026-06-04T05:21:40.667218+00:00,2497.329,inferring,108.0,2109.4453125,2.0,18962.0625
2026-06-04T05:21:42.667931+00:00,2499.329,inferring,108.5,2109.41015625,2.0,18962.0625
2026-06-04T05:21:44.668882+00:00,2501.33,inferring,111.9,2109.890625,2.0,18962.0625
2026-06-04T05:21:46.669246+00:00,2503.331,inferring,104.5,2110.8828125,2.0,18962.0625
2026-06-04T05:21:48.669663+00:00,2505.331,inferring,110.5,2111.7890625,3.0,18962.0625
2026-06-04T05:21:50.670914+00:00,2507.332,inferring,109.0,2109.484375,2.0,18962.0625
2026-06-04T05:21:52.671334+00:00,2509.333,inferring,111.9,2109.85546875,2.0,18962.0625
2026-06-04T05:21:54.672050+00:00,2511.333,inferring,106.5,2109.54296875,2.0,18962.0625
2026-06-04T05:21:56.672461+00:00,2513.334,inferring,99.5,2109.5859375,2.0,18962.0625
2026-06-04T05:21:58.672810+00:00,2515.334,inferring,108.5,2109.73046875,3.0,18962.0625
2026-06-04T05:22:00.673589+00:00,2517.335,inferring,110.0,2109.72265625,2.0,18962.0625
2026-06-04T05:22:02.674045+00:00,2519.335,inferring,109.5,2109.7734375,2.0,18962.0625
2026-06-04T05:22:04.674470+00:00,2521.336,inferring,111.0,2110.1796875,2.0,18962.0625
2026-06-04T05:22:06.674996+00:00,2523.336,inferring,106.5,2110.3046875,2.0,18962.0625
2026-06-04T05:22:08.675401+00:00,2525.337,inferring,110.0,2110.3203125,2.0,18962.0625
2026-06-04T05:22:10.675771+00:00,2527.337,inferring,109.5,2110.4140625,2.0,18962.0625
2026-06-04T05:22:12.676842+00:00,2529.338,inferring,111.4,2110.3046875,2.0,18962.0625
2026-06-04T05:22:14.677326+00:00,2531.339,inferring,111.0,2110.37890625,2.0,18962.0625
2026-06-04T05:22:16.678781+00:00,2533.34,inferring,106.5,2110.16796875,2.0,18962.0625
2026-06-04T05:22:18.681819+00:00,2535.343,inferring,109.3,2110.2421875,2.0,18962.0625
2026-06-04T05:22:20.682284+00:00,2537.344,inferring,110.0,2110.6484375,2.0,18962.0625
2026-06-04T05:22:22.682808+00:00,2539.344,inferring,108.5,2110.65625,2.0,18962.0625
2026-06-04T05:22:24.683686+00:00,2541.345,inferring,109.5,2110.7734375,2.0,18962.0625
2026-06-04T05:22:26.684080+00:00,2543.346,inferring,104.0,2110.4921875,2.0,18962.0625
2026-06-04T05:22:28.684571+00:00,2545.346,inferring,107.0,2110.546875,2.0,18962.0625
2026-06-04T05:22:30.685869+00:00,2547.347,inferring,109.5,2110.6015625,2.0,18962.0625
2026-06-04T05:22:32.686215+00:00,2549.348,inferring,109.4,2111.13671875,2.0,18962.0625
2026-06-04T05:22:34.688341+00:00,2551.35,inferring,109.0,2117.0390625,2.0,18962.0625
2026-06-04T05:22:36.690436+00:00,2553.352,inferring,103.9,2117.0546875,2.0,18962.0625
2026-06-04T05:22:38.690780+00:00,2555.352,inferring,107.4,2117.5234375,2.0,18962.0625
2026-06-04T05:22:40.691826+00:00,2557.353,inferring,108.9,2117.4375,2.0,18962.0625
2026-06-04T05:22:42.693113+00:00,2559.355,inferring,110.5,2117.546875,2.0,18962.0625
2026-06-04T05:22:44.693721+00:00,2561.355,inferring,108.9,2118.0859375,2.0,18962.0625
2026-06-04T05:22:46.694154+00:00,2563.356,inferring,106.0,2119.08203125,2.0,18962.0625
2026-06-04T05:22:48.694861+00:00,2565.356,inferring,107.5,2119.6015625,2.0,18962.0625
2026-06-04T05:22:50.695212+00:00,2567.357,inferring,109.0,2117.98828125,2.0,18962.0625
2026-06-04T05:22:52.695555+00:00,2569.357,inferring,109.0,2118.0234375,2.0,18962.0625
2026-06-04T05:22:54.695932+00:00,2571.357,inferring,108.0,2117.890625,2.0,18962.0625
2026-06-04T05:22:56.696432+00:00,2573.358,inferring,102.0,2117.703125,2.0,18962.0625
2026-06-04T05:22:58.696841+00:00,2575.358,inferring,111.0,2118.19921875,3.0,18962.0625
2026-06-04T05:23:00.697803+00:00,2577.359,inferring,110.5,2117.890625,2.0,18962.0625
2026-06-04T05:23:02.698247+00:00,2579.36,inferring,108.9,2118.3046875,2.0,18962.0625
2026-06-04T05:23:04.698935+00:00,2581.36,inferring,111.5,2118.0078125,2.0,18962.0625
2026-06-04T05:23:06.699361+00:00,2583.361,inferring,105.5,2118.0546875,2.0,18962.0625
2026-06-04T05:23:08.699747+00:00,2585.361,inferring,111.5,2118.52734375,2.0,18962.0625
2026-06-04T05:23:10.700210+00:00,2587.362,inferring,109.0,2118.5546875,2.0,18962.0625
2026-06-04T05:23:12.700548+00:00,2589.362,inferring,111.5,2118.62890625,2.0,18962.0625
2026-06-04T05:23:14.700900+00:00,2591.362,inferring,106.0,2118.73828125,2.0,18962.0625
2026-06-04T05:23:16.701265+00:00,2593.363,inferring,108.0,2118.6484375,2.0,18962.0625
2026-06-04T05:23:18.701764+00:00,2595.363,inferring,108.0,2118.8125,2.0,18962.0625
2026-06-04T05:23:20.702129+00:00,2597.364,inferring,109.5,2118.53125,2.0,18962.0625
2026-06-04T05:23:22.702670+00:00,2599.364,inferring,109.0,2118.96875,2.0,18962.0625
2026-06-04T05:23:24.703045+00:00,2601.364,inferring,111.0,2118.65625,2.0,18962.0625
2026-06-04T05:23:26.703456+00:00,2603.365,inferring,102.5,2119.05859375,2.0,18962.0625
2026-06-04T05:23:28.703860+00:00,2605.365,inferring,110.0,2119.15234375,2.0,18962.0625
2026-06-04T05:23:30.704294+00:00,2607.366,inferring,110.5,2118.7578125,2.0,18962.0625
2026-06-04T05:23:32.704743+00:00,2609.366,inferring,111.0,2118.86328125,2.0,18962.0625
2026-06-04T05:23:34.705168+00:00,2611.367,inferring,111.0,2119.33984375,3.0,18962.0625
2026-06-04T05:23:36.705631+00:00,2613.367,inferring,104.5,2119.34765625,2.0,18962.0625
2026-06-04T05:23:38.705971+00:00,2615.367,inferring,111.0,2119.44921875,2.0,18962.0625
2026-06-04T05:23:40.706337+00:00,2617.368,inferring,111.0,2119.65625,2.0,18962.0625
2026-06-04T05:23:42.706930+00:00,2619.368,inferring,109.5,2119.8984375,2.0,18962.0625
2026-06-04T05:23:44.707270+00:00,2621.369,inferring,111.0,2120.42578125,3.0,18962.0625
2026-06-04T05:23:46.708938+00:00,2623.37,inferring,105.0,2120.63671875,2.0,18962.0625
2026-06-04T05:23:48.709294+00:00,2625.371,inferring,108.9,2121.51953125,2.0,18962.0625
2026-06-04T05:23:50.709695+00:00,2627.371,inferring,110.0,2122.30078125,2.0,18962.0625
2026-06-04T05:23:52.710053+00:00,2629.371,inferring,109.0,2119.91015625,2.0,18962.0625
2026-06-04T05:23:54.710465+00:00,2631.372,inferring,112.0,2120.234375,2.0,18962.0625
2026-06-04T05:23:56.710831+00:00,2633.372,inferring,101.0,2119.9453125,2.0,18962.0625
2026-06-04T05:23:58.713414+00:00,2635.375,inferring,105.9,2120.0078125,2.0,18962.0625
2026-06-04T05:24:00.713828+00:00,2637.375,inferring,110.9,2120.45703125,2.0,18962.0625
2026-06-04T05:24:02.715483+00:00,2639.377,inferring,107.5,2120.109375,2.0,18962.0625
2026-06-04T05:24:04.715817+00:00,2641.377,inferring,109.4,2120.50390625,2.0,18962.0625
2026-06-04T05:24:06.718446+00:00,2643.38,inferring,104.5,2121.5703125,2.0,18962.0625
2026-06-04T05:24:08.718913+00:00,2645.38,inferring,111.4,2120.390625,2.0,18962.0625
2026-06-04T05:24:10.719355+00:00,2647.381,inferring,106.0,2120.7890625,2.0,18962.0625
2026-06-04T05:24:12.721523+00:00,2649.383,inferring,111.0,2120.51171875,2.0,18962.0625
2026-06-04T05:24:14.721928+00:00,2651.383,inferring,109.9,2120.921875,2.0,18962.0625
2026-06-04T05:24:16.723898+00:00,2653.385,inferring,102.9,2120.62890625,2.0,18962.0625
2026-06-04T05:24:18.724316+00:00,2655.386,inferring,110.5,2120.96484375,2.0,18962.0625
2026-06-04T05:24:20.724666+00:00,2657.386,inferring,108.5,2121.12109375,2.0,18962.0625
2026-06-04T05:24:22.725205+00:00,2659.387,inferring,109.5,2120.7890625,2.0,18962.0625
2026-06-04T05:24:24.725710+00:00,2661.387,inferring,111.0,2120.8671875,2.0,18962.0625
2026-06-04T05:24:26.726060+00:00,2663.387,inferring,106.5,2121.2734375,2.0,18962.0625
2026-06-04T05:24:28.727110+00:00,2665.389,inferring,109.5,2121.38671875,2.0,18962.0625
2026-06-04T05:24:30.727846+00:00,2667.389,inferring,111.4,2121.08203125,2.0,18962.0625
2026-06-04T05:24:32.728188+00:00,2669.39,inferring,107.5,2121.20703125,2.0,18962.0625
2026-06-04T05:24:34.728601+00:00,2671.39,inferring,110.0,2121.2265625,2.0,18962.0625
2026-06-04T05:24:36.729124+00:00,2673.391,inferring,104.0,2121.2578125,2.0,18962.0625
2026-06-04T05:24:38.729458+00:00,2675.391,inferring,113.0,2121.3828125,2.0,18962.0625
2026-06-04T05:24:40.729788+00:00,2677.391,inferring,110.0,2121.65625,2.0,18962.0625
2026-06-04T05:24:42.732192+00:00,2679.394,inferring,111.5,2121.56640625,3.0,18962.0625
2026-06-04T05:24:44.732557+00:00,2681.394,inferring,108.9,2122.2578125,2.0,18962.0625
2026-06-04T05:24:46.732965+00:00,2683.394,inferring,107.0,2122.7734375,2.0,18962.0625
2026-06-04T05:24:48.733316+00:00,2685.395,inferring,113.0,2123.68359375,2.0,18962.0625
2026-06-04T05:24:50.733669+00:00,2687.395,inferring,111.5,2124.6328125,2.0,18962.0625
2026-06-04T05:24:52.734079+00:00,2689.396,inferring,109.0,2122.21875,2.0,18962.0625
2026-06-04T05:24:54.734919+00:00,2691.396,inferring,107.5,2122.25,2.0,18962.0625
2026-06-04T05:24:56.735351+00:00,2693.397,inferring,104.5,2122.34375,2.0,18962.0625
2026-06-04T05:24:58.736904+00:00,2695.398,inferring,110.9,2122.3515625,2.0,18962.0625
2026-06-04T05:25:00.737243+00:00,2697.399,inferring,111.0,2122.40234375,2.0,18962.0625
2026-06-04T05:25:02.738302+00:00,2699.4,inferring,109.5,2122.1171875,2.0,18962.0625
2026-06-04T05:25:04.738691+00:00,2701.4,inferring,107.5,2122.3984375,2.0,18962.0625
2026-06-04T05:25:06.739122+00:00,2703.401,inferring,106.5,2122.62109375,2.0,18962.0625
2026-06-04T05:25:08.739546+00:00,2705.401,inferring,111.0,2122.640625,2.0,18962.0625
2026-06-04T05:25:10.739992+00:00,2707.401,inferring,110.0,2122.7109375,2.0,18962.0625
2026-06-04T05:25:12.740642+00:00,2709.402,inferring,108.0,2122.83984375,2.0,18962.0625
2026-06-04T05:25:14.740983+00:00,2711.402,inferring,112.0,2122.81640625,2.0,18962.0625
2026-06-04T05:25:16.741398+00:00,2713.403,inferring,101.0,2122.546875,2.0,18962.0625
2026-06-04T05:25:18.741960+00:00,2715.403,inferring,110.0,2122.60546875,2.0,18962.0625
2026-06-04T05:25:20.742330+00:00,2717.404,inferring,111.5,2122.6640625,2.0,18962.0625
2026-06-04T05:25:22.746627+00:00,2719.408,inferring,112.8,2122.74609375,2.0,18962.0625
2026-06-04T05:25:24.747048+00:00,2721.408,inferring,108.4,2123.140625,2.0,18962.0625
2026-06-04T05:25:26.747477+00:00,2723.409,inferring,102.0,2122.8671875,2.0,18962.0625
2026-06-04T05:25:28.748160+00:00,2725.41,inferring,106.0,2123.3203125,3.0,18962.0625
2026-06-04T05:25:30.748709+00:00,2727.41,inferring,110.5,2123.3125,2.0,18962.0625
2026-06-04T05:25:32.749056+00:00,2729.41,inferring,112.5,2122.9453125,2.0,18962.0625
2026-06-04T05:25:34.749887+00:00,2731.411,inferring,110.0,2123.0859375,2.0,18962.0625
2026-06-04T05:25:36.750902+00:00,2733.412,inferring,104.4,2123.14453125,2.0,18962.0625
2026-06-04T05:25:38.752265+00:00,2735.414,inferring,112.0,2123.23046875,2.0,18962.0625
2026-06-04T05:25:40.753706+00:00,2737.415,inferring,109.9,2123.359375,3.0,18962.0625
2026-06-04T05:25:42.754347+00:00,2739.416,inferring,108.9,2123.9921875,2.0,18962.0625
2026-06-04T05:25:44.754708+00:00,2741.416,inferring,110.5,2123.92578125,3.0,18962.0625
2026-06-04T05:25:46.755052+00:00,2743.416,inferring,106.5,2124.75390625,2.0,18962.0625
2026-06-04T05:25:48.758721+00:00,2745.42,inferring,110.3,2125.1171875,2.0,18962.0625
2026-06-04T05:25:50.759640+00:00,2747.421,inferring,110.0,2125.87109375,2.0,18962.0625
2026-06-04T05:25:52.760103+00:00,2749.422,inferring,105.5,2123.83984375,2.0,18962.0625
2026-06-04T05:25:54.760459+00:00,2751.422,inferring,107.5,2123.05859375,2.0,18962.0625
2026-06-04T05:25:56.761173+00:00,2753.423,inferring,103.5,2124.0625,2.0,18962.0625
2026-06-04T05:25:58.761576+00:00,2755.423,inferring,106.5,2124.10546875,2.0,18962.0625
2026-06-04T05:26:00.761987+00:00,2757.423,inferring,107.5,2124.18359375,2.0,18962.0625
2026-06-04T05:26:02.762412+00:00,2759.424,inferring,108.0,2124.578125,2.0,18962.0625
2026-06-04T05:26:04.762821+00:00,2761.424,inferring,111.0,2124.30078125,2.0,18962.0625
2026-06-04T05:26:06.763280+00:00,2763.425,inferring,107.0,2124.69140625,2.0,18962.0625
2026-06-04T05:26:08.765106+00:00,2765.427,inferring,110.4,2124.8046875,2.0,18962.0625
2026-06-04T05:26:10.766519+00:00,2767.428,inferring,108.5,2124.48046875,2.0,18962.0625
2026-06-04T05:26:12.766903+00:00,2769.428,inferring,110.4,2124.5625,2.0,18962.0625
2026-06-04T05:26:14.767271+00:00,2771.429,inferring,109.0,2124.49609375,3.0,18962.0625
2026-06-04T05:26:16.767703+00:00,2773.429,inferring,105.0,2124.8046875,2.0,18962.0625
2026-06-04T05:26:18.769371+00:00,2775.431,inferring,109.5,2124.59765625,2.0,18962.0625
2026-06-04T05:26:20.769931+00:00,2777.431,inferring,111.4,2125.10546875,2.0,18962.0625
2026-06-04T05:26:22.770921+00:00,2779.432,inferring,112.4,2124.84375,2.0,18962.0625
2026-06-04T05:26:24.771401+00:00,2781.433,inferring,108.0,2125.31640625,2.0,18962.0625
2026-06-04T05:26:26.771971+00:00,2783.433,inferring,105.5,2125.39453125,2.0,18962.0625
2026-06-04T05:26:28.774671+00:00,2785.436,inferring,109.0,2125.0390625,2.0,18962.0625
2026-06-04T05:26:30.775073+00:00,2787.437,inferring,110.4,2125.42578125,3.0,18962.0625
2026-06-04T05:26:32.776446+00:00,2789.438,inferring,112.5,2125.15625,2.0,18962.0625
2026-06-04T05:26:34.777737+00:00,2791.439,inferring,111.9,2125.2890625,2.0,18962.0625
2026-06-04T05:26:36.780983+00:00,2793.442,inferring,106.8,2125.3125,2.0,18962.0625
2026-06-04T05:26:38.783653+00:00,2795.445,inferring,110.0,2125.30078125,2.0,18962.0625
2026-06-04T05:26:40.785208+00:00,2797.447,inferring,112.9,2125.453125,2.0,18962.0625
2026-06-04T05:26:42.785570+00:00,2799.447,inferring,113.4,2125.890625,2.0,18962.0625
2026-06-04T05:26:44.786825+00:00,2801.448,inferring,109.4,2125.7578125,2.0,18962.0625
2026-06-04T05:26:46.787280+00:00,2803.449,inferring,99.5,2126.3203125,2.0,18962.0625
2026-06-04T05:26:48.789032+00:00,2805.45,inferring,110.9,2126.79296875,3.0,18962.0625
2026-06-04T05:26:50.790815+00:00,2807.452,inferring,109.9,2127.6171875,2.0,18962.0625
2026-06-04T05:26:52.924573+00:00,2809.586,inferring,112.3,2128.5859375,2.0,18962.0625
2026-06-04T05:26:54.925053+00:00,2811.586,inferring,111.7,2126.046875,2.0,18962.0625
2026-06-04T05:26:56.925638+00:00,2813.587,inferring,105.5,2126.078125,2.0,18962.0625
2026-06-04T05:26:58.927774+00:00,2815.589,inferring,107.4,2126.12109375,2.0,18962.0625
2026-06-04T05:27:00.928199+00:00,2817.59,inferring,113.4,2126.24609375,2.0,18962.0625
2026-06-04T05:27:02.928791+00:00,2819.59,inferring,113.5,2126.2578125,2.0,18962.0625
2026-06-04T05:27:04.929277+00:00,2821.591,inferring,111.5,2126.66796875,2.0,18962.0625
2026-06-04T05:27:06.929934+00:00,2823.591,inferring,104.5,2126.3828125,2.0,18962.0625
2026-06-04T05:27:08.930452+00:00,2825.592,inferring,112.5,2126.4375,3.0,18962.0625
2026-06-04T05:27:10.931590+00:00,2827.593,inferring,111.0,2126.84375,2.0,18962.0625
2026-06-04T05:27:12.932133+00:00,2829.594,inferring,111.4,2126.46484375,2.0,18962.0625
2026-06-04T05:27:14.932465+00:00,2831.594,inferring,110.0,2126.84765625,2.0,18962.0625
2026-06-04T05:27:16.932890+00:00,2833.594,inferring,103.0,2126.890625,2.0,18962.0625
2026-06-04T05:27:18.933295+00:00,2835.595,inferring,109.0,2126.81640625,2.0,18962.0625
2026-06-04T05:27:20.933772+00:00,2837.595,inferring,111.5,2127.109375,2.0,18962.0625
2026-06-04T05:27:22.934175+00:00,2839.596,inferring,106.5,2126.84765625,2.0,18962.0625
2026-06-04T05:27:24.934559+00:00,2841.596,inferring,109.5,2127.25,2.0,18962.0625
2026-06-04T05:27:26.934986+00:00,2843.596,inferring,101.0,2127.25390625,2.0,18962.0625
2026-06-04T05:27:28.935334+00:00,2845.597,inferring,109.0,2127.33203125,2.0,18962.0625
2026-06-04T05:27:30.935723+00:00,2847.597,inferring,112.0,2127.48046875,2.0,18962.0625
2026-06-04T05:27:32.936817+00:00,2849.598,inferring,111.5,2127.15234375,2.0,18962.0625
2026-06-04T05:27:34.937224+00:00,2851.599,inferring,108.9,2127.57421875,2.0,18962.0625
2026-06-04T05:27:36.941706+00:00,2853.603,inferring,103.0,2127.30078125,2.0,18962.0625
2026-06-04T05:27:38.942416+00:00,2855.604,inferring,108.8,2127.7734375,2.0,18962.0625
2026-06-04T05:27:40.943622+00:00,2857.605,inferring,109.4,2127.484375,2.0,18962.0625
2026-06-04T05:27:42.944828+00:00,2859.606,inferring,110.4,2127.9609375,2.0,18962.0625
2026-06-04T05:27:44.945172+00:00,2861.607,inferring,108.5,2127.99609375,2.0,18962.0625
2026-06-04T05:27:46.951388+00:00,2863.613,inferring,103.0,2127.91796875,2.0,18962.0625
2026-06-04T05:27:48.951840+00:00,2865.613,inferring,110.7,2128.51953125,2.0,18962.0625
2026-06-04T05:27:50.952295+00:00,2867.614,inferring,107.0,2129.19921875,2.0,18962.0625
2026-06-04T05:27:52.952677+00:00,2869.614,inferring,113.0,2130.375,2.0,18962.0625
2026-06-04T05:27:54.953591+00:00,2871.615,inferring,108.5,2128.1015625,2.0,18962.0625
2026-06-04T05:27:56.953946+00:00,2873.615,inferring,104.0,2128.4375,2.0,18962.0625
2026-06-04T05:27:58.954302+00:00,2875.616,inferring,110.0,2128.02734375,2.0,18962.0625
2026-06-04T05:28:00.954879+00:00,2877.616,inferring,111.0,2128.1640625,2.0,18962.0625
2026-06-04T05:28:02.956843+00:00,2879.618,inferring,110.9,2128.23046875,2.0,18962.0625
2026-06-04T05:28:04.957264+00:00,2881.619,inferring,107.5,2128.58984375,2.0,18962.0625
2026-06-04T05:28:06.958392+00:00,2883.62,inferring,102.0,2128.26171875,2.0,18962.0625
2026-06-04T05:28:08.958817+00:00,2885.62,inferring,109.9,2128.75390625,2.0,18962.0625
2026-06-04T05:28:10.960845+00:00,2887.622,inferring,112.4,2128.39453125,2.0,18962.0625
2026-06-04T05:28:12.961371+00:00,2889.623,inferring,111.0,2128.53125,2.0,18962.0625
2026-06-04T05:28:14.962905+00:00,2891.624,inferring,109.0,2128.58203125,2.0,18962.0625
2026-06-04T05:28:16.963455+00:00,2893.625,inferring,105.9,2129.04296875,3.0,18962.0625
2026-06-04T05:28:18.963897+00:00,2895.625,inferring,109.0,2129.05859375,2.0,18962.0625
2026-06-04T05:28:20.964241+00:00,2897.626,inferring,114.0,2129.1328125,3.0,18962.0625
2026-06-04T05:28:22.964674+00:00,2899.626,inferring,112.0,2129.203125,2.0,18962.0625
2026-06-04T05:28:24.965012+00:00,2901.626,inferring,107.0,2128.9453125,2.0,18962.0625
2026-06-04T05:28:26.965369+00:00,2903.627,inferring,105.0,2128.98828125,2.0,18962.0625
2026-06-04T05:28:28.965734+00:00,2905.627,inferring,110.0,2129.39453125,2.0,18962.0625
2026-06-04T05:28:30.966144+00:00,2907.628,inferring,112.0,2129.11328125,2.0,18962.0625
2026-06-04T05:28:32.966550+00:00,2909.628,inferring,112.0,2129.39453125,2.0,18962.0625
2026-06-04T05:28:34.966928+00:00,2911.628,inferring,106.5,2129.4296875,2.0,18962.0625
2026-06-04T05:28:36.967363+00:00,2913.629,inferring,104.0,2129.4765625,2.0,18962.0625
2026-06-04T05:28:38.967702+00:00,2915.629,inferring,111.5,2129.703125,2.0,18962.0625
2026-06-04T05:28:40.968170+00:00,2917.63,inferring,112.0,2129.4375,3.0,18962.0625
2026-06-04T05:28:42.969590+00:00,2919.631,inferring,112.0,2129.859375,2.0,18962.0625
2026-06-04T05:28:44.970027+00:00,2921.631,inferring,107.9,2130.046875,2.0,18962.0625
2026-06-04T05:28:46.970398+00:00,2923.632,inferring,101.5,2129.95703125,2.0,18962.0625
2026-06-04T05:28:48.970787+00:00,2925.632,inferring,113.5,2130.46484375,2.0,18962.0625
2026-06-04T05:28:50.972877+00:00,2927.634,inferring,111.9,2130.61328125,2.0,18962.0625
2026-06-04T05:28:52.973506+00:00,2929.635,inferring,110.4,2131.265625,2.0,18962.0625
2026-06-04T05:28:54.973828+00:00,2931.635,inferring,109.0,2132.56640625,2.0,18962.0625
2026-06-04T05:28:56.974271+00:00,2933.636,inferring,104.5,2132.2578125,1.0,18962.0625
2026-06-04T05:28:58.975084+00:00,2935.637,inferring,107.5,2130.75,2.0,18962.0625
2026-06-04T05:29:00.975489+00:00,2937.637,inferring,110.0,2130.640625,2.0,18962.0625
2026-06-04T05:29:02.975975+00:00,2939.637,inferring,110.0,2130.56640625,2.0,18962.0625
2026-06-04T05:29:04.976367+00:00,2941.638,inferring,107.5,2130.55078125,2.0,18962.0625
2026-06-04T05:29:06.976958+00:00,2943.638,inferring,107.0,2130.9453125,2.0,18962.0625
2026-06-04T05:29:08.977711+00:00,2945.639,inferring,111.5,2130.63671875,2.0,18962.0625
2026-06-04T05:29:10.978152+00:00,2947.64,inferring,109.5,2131.0859375,2.0,18962.0625
2026-06-04T05:29:12.979486+00:00,2949.641,inferring,108.5,2130.75,2.0,18962.0625
2026-06-04T05:29:14.979860+00:00,2951.641,inferring,105.9,2130.91015625,2.0,18962.0625
2026-06-04T05:29:16.980829+00:00,2953.642,inferring,103.9,2131.21484375,2.0,18962.0625
2026-06-04T05:29:18.981231+00:00,2955.643,inferring,108.0,2130.98828125,2.0,18962.0625
2026-06-04T05:29:20.981678+00:00,2957.643,inferring,111.0,2131.41015625,2.0,18962.0625
2026-06-04T05:29:22.983926+00:00,2959.645,inferring,112.0,2131.03515625,2.0,18962.0625
2026-06-04T05:29:24.986205+00:00,2961.648,inferring,109.8,2131.09375,2.0,18962.0625
2026-06-04T05:29:26.986890+00:00,2963.648,inferring,106.0,2131.1328125,2.0,18962.0625
2026-06-04T05:29:28.987741+00:00,2965.649,inferring,110.5,2131.546875,2.0,18962.0625
2026-06-04T05:29:30.989005+00:00,2967.65,inferring,111.0,2131.62890625,2.0,18962.0625
2026-06-04T05:29:32.991150+00:00,2969.653,inferring,111.4,2131.359375,2.0,18962.0625
2026-06-04T05:29:34.991817+00:00,2971.653,inferring,105.9,2131.43359375,3.0,18962.0625
2026-06-04T05:29:36.992242+00:00,2973.654,inferring,103.5,2131.88671875,2.0,18962.0625
2026-06-04T05:29:38.992681+00:00,2975.654,inferring,111.5,2131.875,2.0,18962.0625
2026-06-04T05:29:40.993100+00:00,2977.655,inferring,109.0,2133.296875,2.0,18962.0625
2026-06-04T05:29:42.994021+00:00,2979.655,inferring,109.9,2131.70703125,3.0,18962.0625
2026-06-04T05:29:44.996544+00:00,2981.658,inferring,107.4,2131.7890625,3.0,18962.0625
2026-06-04T05:29:46.998611+00:00,2983.66,inferring,106.4,2131.87890625,2.0,18962.0625
2026-06-04T05:29:49.000827+00:00,2985.662,inferring,108.8,2132.0859375,2.0,18962.0625
2026-06-04T05:29:51.001153+00:00,2987.663,inferring,110.5,2132.296875,2.0,18962.0625
2026-06-04T05:29:53.001521+00:00,2989.663,inferring,112.5,2133.125,2.0,18962.0625
2026-06-04T05:29:55.002990+00:00,2991.664,inferring,106.0,2133.5390625,2.0,18962.0625
2026-06-04T05:29:57.003339+00:00,2993.665,inferring,105.9,2134.359375,2.0,18962.0625
2026-06-04T05:29:59.003753+00:00,2995.665,inferring,107.0,2132.2421875,0.0,18962.0625
2026-06-04T05:30:01.004178+00:00,2997.666,inferring,108.5,2132.2890625,2.0,18962.0625
2026-06-04T05:30:03.004573+00:00,2999.666,inferring,108.0,2132.375,2.0,18962.0625
2026-06-04T05:30:05.005007+00:00,3001.666,inferring,106.5,2132.69140625,2.0,18962.0625
2026-06-04T05:30:07.008890+00:00,3003.67,inferring,105.8,2132.41015625,2.0,18962.0625
2026-06-04T05:30:09.009318+00:00,3005.671,inferring,110.0,2132.796875,2.0,18962.0625
2026-06-04T05:30:11.009701+00:00,3007.671,inferring,110.0,2132.5546875,2.0,18962.0625
2026-06-04T05:30:13.010075+00:00,3009.672,inferring,112.5,2132.91015625,2.0,18962.0625
2026-06-04T05:30:15.010507+00:00,3011.672,inferring,108.0,2132.98828125,2.0,18962.0625
2026-06-04T05:30:17.011959+00:00,3013.673,inferring,106.5,2132.734375,2.0,18962.0625
2026-06-04T05:30:19.013320+00:00,3015.675,inferring,111.4,2132.8125,3.0,18962.0625
2026-06-04T05:30:21.014802+00:00,3017.676,inferring,109.4,2132.8828125,2.0,18962.0625
2026-06-04T05:30:23.015376+00:00,3019.677,inferring,112.9,2132.93359375,2.0,18962.0625
2026-06-04T05:30:25.015832+00:00,3021.677,inferring,111.0,2133.34765625,2.0,18962.0625
2026-06-04T05:30:27.016402+00:00,3023.678,inferring,105.5,2133.08203125,2.0,18962.0625
2026-06-04T05:30:29.019409+00:00,3025.681,inferring,108.8,2133.12890625,2.0,18962.0625
2026-06-04T05:30:31.019980+00:00,3027.681,inferring,110.0,2133.1953125,2.0,18962.0625
2026-06-04T05:30:33.020414+00:00,3029.682,inferring,112.5,2133.61328125,2.0,18962.0625
2026-06-04T05:30:35.021888+00:00,3031.683,inferring,111.0,2133.21484375,2.0,18962.0625
2026-06-04T05:30:37.024261+00:00,3033.686,inferring,105.4,2133.23828125,2.0,18962.0625
2026-06-04T05:30:39.024652+00:00,3035.686,inferring,110.4,2133.703125,2.0,18962.0625
2026-06-04T05:30:41.026061+00:00,3037.687,inferring,110.0,2133.484375,2.0,18962.0625
2026-06-04T05:30:43.026391+00:00,3039.688,inferring,109.9,2133.96875,2.0,18962.0625
2026-06-04T05:30:45.026820+00:00,3041.688,inferring,111.5,2134.08203125,2.0,18962.0625
2026-06-04T05:30:47.027395+00:00,3043.689,inferring,106.5,2134.12890625,2.0,18962.0625
2026-06-04T05:30:49.027791+00:00,3045.689,inferring,109.5,2134.19140625,2.0,18962.0625
2026-06-04T05:30:51.028890+00:00,3047.69,inferring,110.4,2134.05859375,2.0,18962.0625
2026-06-04T05:30:53.029305+00:00,3049.691,inferring,109.0,2134.67578125,2.0,18962.0625
2026-06-04T05:30:55.029718+00:00,3051.691,inferring,109.5,2135.17578125,2.0,18962.0625
2026-06-04T05:30:57.030153+00:00,3053.692,inferring,102.5,2135.640625,2.0,18962.0625
2026-06-04T05:30:59.031394+00:00,3055.693,inferring,110.0,2136.4140625,2.0,18962.0625
2026-06-04T05:31:01.032210+00:00,3057.694,inferring,109.4,2134.53515625,2.0,18962.0625
2026-06-04T05:31:03.032770+00:00,3059.694,inferring,109.0,2134.83984375,2.0,18962.0625
2026-06-04T05:31:05.033186+00:00,3061.695,inferring,112.0,2134.6328125,2.0,18962.0625
2026-06-04T05:31:07.034005+00:00,3063.695,inferring,105.5,2134.796875,2.0,18962.0625
2026-06-04T05:31:09.036731+00:00,3065.698,inferring,108.9,2134.8359375,2.0,18962.0625
2026-06-04T05:31:11.037309+00:00,3067.699,inferring,109.4,2134.8984375,2.0,18962.0625
2026-06-04T05:31:13.037762+00:00,3069.699,inferring,104.5,2135.31640625,2.0,18962.0625
2026-06-04T05:31:15.038130+00:00,3071.7,inferring,107.5,2135.43359375,2.0,18962.0625
2026-06-04T05:31:17.038517+00:00,3073.7,inferring,104.5,2135.421875,2.0,18962.0625
2026-06-04T05:31:19.038963+00:00,3075.7,inferring,110.0,2135.5078125,2.0,18962.0625
2026-06-04T05:31:21.040751+00:00,3077.702,inferring,112.4,2135.05078125,2.0,18962.0625
2026-06-04T05:31:23.041127+00:00,3079.703,inferring,108.4,2135.54296875,2.0,18962.0625
2026-06-04T05:31:25.041521+00:00,3081.703,inferring,109.0,2135.28125,2.0,18962.0625
2026-06-04T05:31:27.042595+00:00,3083.704,inferring,104.0,2135.65625,2.0,18962.0625
2026-06-04T05:31:29.043020+00:00,3085.704,inferring,110.4,2135.37109375,2.0,18962.0625
2026-06-04T05:31:31.043370+00:00,3087.705,inferring,108.0,2135.76953125,2.0,18962.0625
2026-06-04T05:31:33.044039+00:00,3089.705,inferring,111.0,2135.5078125,2.0,18962.0625
2026-06-04T05:31:35.044417+00:00,3091.706,inferring,108.5,2135.609375,2.0,18962.0625
2026-06-04T05:31:37.044901+00:00,3093.706,inferring,102.0,2135.65234375,2.0,18962.0625
2026-06-04T05:31:39.046832+00:00,3095.708,inferring,110.9,2135.7578125,2.0,18962.0625
2026-06-04T05:31:41.047259+00:00,3097.709,metrics,108.0,2151.390625,0.0,18962.0625
