batch_idx,latency_ms
0,6.899717962369323
1,4.000940127298236
2,4.132967907935381
3,4.2869888711720705
4,3.9416318759322166
5,4.618115955963731
6,4.152788082137704
7,4.780400078743696
8,4.946328001096845
9,4.571836907416582
10,5.3519271314144135
11,4.755040863528848
12,4.294070182368159
13,4.58457600325346
14,4.403204191476107
15,4.06030984595418
16,5.01691410318017
17,5.070243962109089
18,4.676062846556306
19,4.570384044200182
20,4.957105033099651
21,5.070134066045284
22,5.011896137148142
23,4.771485924720764
24,4.864576039835811
25,5.776925012469292
26,6.9184559397399426
27,6.568460958078504
28,4.932056879624724
29,4.653680138289928
30,4.238978028297424
31,3.9815017953515053
32,4.609212977811694
33,4.382152110338211
34,4.460860043764114
35,4.213428823277354
36,4.541671136394143
37,5.603834055364132
38,5.635831970721483
39,4.929223097860813
40,4.8783759120851755
41,4.7703939490020275
42,5.030404077842832
43,5.312016000971198
44,4.9821119755506516
45,5.7402788661420345
46,5.199847975745797
47,5.226769018918276
48,5.2265590056777
49,5.429173121228814
50,5.232868017628789
51,5.244466010481119
52,4.424655809998512
53,4.926478955894709
54,4.862912930548191
55,5.2030140068382025
56,4.608812043443322
57,4.3482419569045305
58,4.749432904645801
59,4.064114997163415
60,4.764706129208207
61,4.786859964951873
62,4.4663290027529
63,4.570014076307416
64,5.267240107059479
65,4.318687133491039
66,4.571585915982723
67,4.850926110520959
68,4.746068036183715
69,4.127721069380641
70,4.879307933151722
71,4.586377879604697
72,3.613648936152458
73,4.86178114078939
74,4.276304040104151
75,3.9745608810335398
76,5.160698899999261
77,5.00653893686831
78,5.653279135003686
79,5.215080920606852
80,4.664967069402337
81,4.811375867575407
82,4.634249955415726
83,4.803763935342431
84,4.215392051264644
85,4.196764901280403
86,4.502432886511087
87,4.2590179946273565
88,3.899598028510809
89,4.193069180473685
90,4.961991915479302
91,5.294049857184291
92,5.1835449412465096
93,4.937866004183888
94,4.772346932440996
95,5.347870988771319
96,4.744986072182655
97,3.864835947751999
98,4.467270104214549
99,4.91498108021915
100,4.546509124338627
101,4.386889049783349
102,4.235561937093735
103,3.966578980907798
104,3.512428142130375
105,3.975451923906803
106,4.102312959730625
107,5.4343699011951685
108,4.684926010668278
109,4.625316942110658
110,4.286960000172257
111,4.2638450395315886
112,5.3507250268012285
113,4.66658896766603
114,4.693729104474187
115,4.832989070564508
116,5.605437094345689
117,5.018546944484115
118,4.9362939316779375
119,4.231216153129935
120,4.100980935618281
121,4.298986867070198
122,5.538006080314517
123,4.7435450833290815
124,4.288091091439128
125,4.669202957302332
126,5.012117093428969
127,4.237805027514696
128,4.650474991649389
129,5.444715963676572
130,5.497464910149574
131,4.882102133706212
132,4.372087074443698
133,4.390694899484515
134,5.06269303150475
135,5.404384806752205
136,5.4519870318472385
137,4.473159089684486
138,4.3047459330409765
139,5.430645076557994
140,4.580970853567123
141,4.824095871299505
142,4.738305928185582
143,5.544786108657718
144,4.654780961573124
145,4.2995980475097895
146,5.074980901554227
147,4.6390879433602095
148,4.864165093749762
149,4.808862926438451
150,5.371364997699857
151,4.914980847388506
152,4.5081209391355515
153,4.920328967273235
154,4.769793013110757
155,4.87455097027123
156,4.621171159669757
157,4.610023926943541
158,4.5592880342155695
159,4.209543112665415
160,4.947979934513569
161,4.7444249503314495
162,3.952727885916829
163,4.010534845292568
164,5.933840060606599
165,4.989271983504295
166,5.506508983671665
167,4.856694024056196
168,4.9793480429798365
169,4.637594800442457
170,5.1415408961474895
171,4.542082082480192
172,5.1669899839907885
173,5.535871954634786
174,5.0940599758178
175,4.555221879854798
176,3.9316071197390556
177,5.156563129276037
178,5.126318195834756
179,4.152958979830146
180,4.207260208204389
181,4.583694972097874
182,4.904084838926792
183,5.089042009785771
184,4.274990875273943
185,3.779818071052432
186,4.8210108652710915
187,4.23550303094089
188,4.298587096855044
189,5.222884006798267
190,5.037906114012003
191,5.175501806661487
192,4.773078020662069
193,4.879537969827652
194,4.087700974196196
195,4.838016116991639
196,4.302802961319685
197,4.4789479579776525
198,4.4688519556075335
199,4.923044005408883
200,4.532116930931807
201,4.852918907999992
202,4.171666922047734
203,4.010885953903198
204,4.337785067036748
205,4.4547810684889555
206,4.557005129754543
207,4.340780200436711
208,4.596412880346179
209,4.170896019786596
210,4.056503064930439
211,4.86516603268683
212,4.206649027764797
213,4.191725980490446
214,4.680759971961379
215,4.947790876030922
216,5.182361928746104
217,4.47222706861794
218,5.140339955687523
219,4.602581961080432
220,4.45127603597939
221,5.080048926174641
222,4.825787851586938
223,4.060751060023904
224,4.168611951172352
225,3.857725067064166
226,4.7512659803032875
227,4.195332061499357
228,4.548152210190892
229,4.165638005360961
230,4.198726965114474
231,4.01578308083117
232,4.640741040930152
233,4.667700035497546
234,4.55666403286159
235,3.9997079875320196
236,4.251786042004824
237,5.90551714412868
238,6.792036816477776
239,4.891966935247183
240,6.4689419232308865
241,5.747058894485235
242,5.36029995419085
243,5.51971816457808
244,4.919328028336167
245,4.827599972486496
246,5.549674155190587
247,4.717455944046378
248,4.587339935824275
249,4.199647810310125
250,4.545778036117554
251,4.053099080920219
252,4.958627047017217
253,4.199899034574628
254,4.531656159088016
255,4.122552927583456
256,4.372237017378211
257,5.681981798261404
258,4.644596017897129
259,4.332969198003411
260,4.492318024858832
261,4.755712812766433
262,4.659717902541161
263,4.249142948538065
264,4.564675968140364
265,4.55468101426959
266,4.5460478868335485
267,4.526189062744379
268,4.564246162772179
269,5.85169717669487
270,5.494491197168827
271,5.124474875628948
272,4.8608300276100636
273,4.848100943490863
274,4.642693093046546
275,4.185638157650828
276,5.04282396286726
277,5.523544037714601
278,4.8071290366351604
279,4.931336035951972
280,4.588942043483257
281,4.366768989712
282,4.0994989685714245
283,3.9699941407889128
284,4.887139890342951
285,5.422502988949418
286,4.169573076069355
287,4.8596791457384825
288,6.61258795298636
289,5.22810104303062
290,3.8576959632337093
291,4.497264977544546
292,4.348951857537031
293,4.551035119220614
294,4.92702005431056
295,4.654241027310491
296,4.712908994406462
297,4.645016044378281
298,5.501020001247525
299,5.560398800298572
300,4.866659175604582
301,4.804305965080857
302,4.5090720523148775
303,4.623935092240572
304,4.214331042021513
305,3.996924962848425
306,4.555172054097056
307,4.224966978654265
308,4.470735089853406
309,5.415081046521664
310,4.937354940921068
311,5.826939130201936
312,6.142281927168369
313,5.125586874783039
314,4.804655909538269
315,4.941901890560985
316,4.64185094460845
317,4.989122040569782
318,4.3392369989305735
319,4.269773839041591
320,4.414501134306192
321,4.888201132416725
322,5.425256909802556
323,4.749533021822572
324,5.276222946122289
325,5.673679057508707
326,4.993118112906814
327,5.1560429856181145
328,4.734731046482921
329,5.444485927000642
330,5.894590867683291
331,4.906859947368503
332,4.780740011483431
333,4.22895303927362
334,5.080780014395714
335,5.056663881987333
336,4.769924096763134
337,4.559908993542194
338,4.526609089225531
339,5.65054384060204
340,5.378196015954018
341,4.873589845374227
342,4.534921841695905
343,4.871676908805966
344,5.389844067394733
345,4.962852923199534
346,5.041841883212328
347,5.013438872992992
348,4.795903107151389
349,4.225067095831037
350,4.723414080217481
351,4.4403900392353535
352,5.448922049254179
353,3.9047161117196083
354,4.213850013911724
355,4.906959133222699
356,5.497765960171819
357,5.325967911630869
358,5.11215697042644
359,4.798325942829251
360,5.178947001695633
361,5.218986887484789
362,5.337024107575417
363,5.200830055400729
364,4.742081975564361
365,3.9389380253851414
366,3.9557828567922115
367,4.990144167095423
368,5.062332144007087
369,4.653228912502527
370,4.649613052606583
371,4.765847930684686
372,4.376704106107354
373,4.15673409588635
374,3.837374970316887
375,3.903574077412486
376,4.538737004622817
377,4.851476056501269
378,5.8313661720603704
379,4.934290889650583
380,4.869583062827587
381,4.758806899189949
382,4.7352619003504515
383,4.843303933739662
384,4.31898795068264
385,4.255052190274
386,5.167539929971099
387,4.4372349511832
388,5.18276309594512
389,5.63731393776834
390,5.145657109096646
391,4.876493941992521
392,4.812006838619709
393,4.402031889185309
394,4.838987020775676
395,4.347709938883781
396,4.753339104354382
397,4.289013100787997
398,5.4247460793703794
399,4.511165898293257
400,5.738666048273444
401,5.705587100237608
402,5.574560025706887
403,4.587450064718723
404,4.512677900493145
405,4.602923057973385
406,4.7108749859035015
407,5.307540996000171
408,5.0353920087218285
409,5.4581961594522
410,4.78453584946692
411,4.756632959470153
412,5.027019884437323
413,5.544085055589676
414,6.119147874414921
415,5.275842035189271
416,4.976534051820636
417,5.014050053432584
418,5.132567835971713
419,5.5836939718574286
420,4.9550519324839115
421,5.090094869956374
422,4.948752000927925
423,5.153299076482654
424,4.800840048119426
425,5.093659972772002
426,4.912737989798188
427,4.113960079848766
428,5.919507937505841
429,5.548781948164105
430,5.333408946171403
431,4.420219920575619
432,4.425877938047051
433,5.45010413043201
434,8.006527787074447
435,6.490354193374515
436,5.276262992992997
437,4.988562082871795
438,4.941040882840753
439,5.033810157328844
440,5.075271939858794
441,4.477475071325898
442,5.6736289989203215
443,5.693920189514756
444,5.582471843808889
445,5.3816610015928745
446,5.231737159192562
447,4.578286781907082
448,5.092998966574669
449,5.11169689707458
450,5.365347024053335
451,5.444656126201153
452,5.05667389370501
453,4.387811059132218
454,4.801271017640829
455,5.030014086514711
456,4.877844825387001
457,5.047130165621638
458,4.939729114994407
459,5.548081127926707
460,5.686098011210561
461,5.777245154604316
462,6.693198811262846
463,6.038556806743145
464,5.290595116093755
465,4.611266078427434
466,5.305816885083914
467,5.145426839590073
468,5.030304891988635
469,4.550004145130515
470,5.014840979129076
471,6.218497175723314
472,5.824805935844779
473,6.262623006477952
474,5.122062051668763
475,4.6283521223813295
476,5.2360729314386845
477,5.721059860661626
478,6.403634091839194
479,6.29278807900846
480,5.455952836200595
481,5.520850187167525
482,7.105937926098704
483,6.755410926416516
484,6.6214208491146564
485,5.912787979468703
486,4.9966140650212765
487,3.8422620855271816
488,4.853550111874938
489,7.12205097079277
490,6.300749024376273
491,5.303454818204045
492,6.1696229968219995
493,5.579288117587566
494,5.128211108967662
495,5.2234039176255465
496,5.952206905931234
497,5.379687994718552
498,4.390405025333166
499,4.234110005199909
500,3.7251869216561317
501,5.239518126472831
502,5.101991817355156
503,5.750895012170076
504,5.350315012037754
505,5.334350047633052
506,4.401631886139512
507,4.818846937268972
508,5.662132054567337
509,5.660179071128368
510,5.76977408491075
511,6.106388987973332
512,6.284795934334397
513,6.303314119577408
514,5.871726898476481
515,5.360580049455166
516,6.717244163155556
517,5.463413894176483
518,6.954760057851672
519,7.480980129912496
520,6.354711018502712
521,7.288320921361446
522,5.384325981140137
523,4.4891429133713245
524,5.509882932528853
525,5.384906195104122
526,5.605227081105113
527,5.287068895995617
528,5.285376915708184
529,4.479798953980207
530,5.162492161616683
531,4.815573105588555
532,4.007781157270074
533,4.6693929471075535
534,4.874651087448001
535,4.6867188066244125
536,4.6054169069975615
537,4.477865993976593
538,5.663654999807477
539,5.579537944868207
540,5.405958043411374
541,4.810143960639834
542,5.168691975995898
543,5.604305071756244
544,6.418966921046376
545,5.8474799152463675
546,4.812818020582199
547,5.52994292229414
548,4.815513035282493
549,5.065808072686195
550,4.809654084965587
551,5.043264012783766
552,4.7818319872021675
553,5.8110549580305815
554,5.132457939907908
555,5.694651044905186
556,5.9253869112581015
557,5.377925932407379
558,4.406800027936697
559,4.877554951235652
560,5.297194933518767
561,5.457785911858082
562,5.357916001230478
563,5.540600046515465
564,5.016464041545987
565,5.80372498370707
566,5.474579986184835
567,5.678116111084819
568,5.514500197023153
569,4.9143710639327765
570,4.729693988338113
571,5.804575979709625
572,5.2546311635524035
573,4.769091960042715
574,4.575221799314022
575,5.360329989343882
576,4.935161909088492
577,5.278417142108083
578,6.03574188426137
579,5.3494328167289495
580,5.301360972225666
581,5.437235115095973
582,5.421220790594816
583,5.141542060300708
584,5.49502088688314
585,5.787600064650178
586,6.50259293615818
587,5.65454107709229
588,6.781761068850756
589,5.380330141633749
590,4.888191120699048
591,4.664896987378597
592,4.879086976870894
593,5.437925923615694
594,4.972206894308329
595,4.713650094345212
596,4.112678114324808
597,5.069043021649122
598,5.07119600661099
599,4.47708391584456
600,4.31144586764276
601,4.5872998889535666
602,4.150635097175837
603,5.1476010121405125
604,4.4565831776708364
605,4.854981089010835
606,5.172668024897575
607,5.472216987982392
608,5.471996963024139
609,5.574921146035194
610,4.624134860932827
611,5.454591009765863
612,4.4315471313893795
613,4.493429092690349
614,4.579679109156132
615,4.563194001093507
616,4.349023103713989
617,4.364024847745895
618,4.30688913911581
619,3.9633538108319044
620,4.364165011793375
621,4.746619146317244
622,3.870885819196701
623,5.429703975096345
624,4.92298393510282
625,5.318126175552607
626,5.20546711049974
627,4.53690392896533
628,4.122372018173337
629,4.792548017576337
630,5.081150913611054
631,5.1390070002526045
632,4.79922816157341
633,4.888191120699048
634,4.672438139095902
635,4.170214058831334
636,4.494711058214307
637,4.198447102680802
638,4.127179970964789
639,4.672888899222016
640,4.542903043329716
641,4.047810100018978
642,5.304435035213828
643,4.933519056066871
644,4.189403029158711
645,4.971315851435065
646,4.33242809958756
647,5.102983908727765
648,4.506028024479747
649,4.495021188631654
650,5.546337924897671
651,4.505888093262911
652,5.093079060316086
653,4.826188087463379
654,4.952527116984129
655,4.139828961342573
656,5.600169999524951
657,4.992106929421425
658,4.989673150703311
659,5.1893931813538074
660,4.968070890754461
661,4.955453099682927
662,4.249753896147013
663,4.795331973582506
664,4.7517570201307535
665,4.875753074884415
666,5.467539886012673
667,4.506308818235993
668,5.021910881623626
669,4.834039835259318
670,4.4770450331270695
671,5.0708448980003595
672,5.255240947008133
673,5.221310071647167
674,4.513098858296871
675,5.029482999816537
676,4.5862889382988214
677,5.216353107243776
678,5.1123471930623055
679,4.336073063313961
680,4.890184151008725
681,6.08613807708025
682,5.521480925381184
683,5.975893000140786
684,4.453659988939762
685,4.107960965484381
686,3.8284719921648502
687,4.364515887573361
688,4.26940293982625
689,4.468151135370135
690,4.2406299617141485
691,4.1996780782938
692,5.240550031885505
693,4.677375080063939
694,5.071626044809818
695,5.042192060500383
696,5.2549210377037525
697,4.8239638563245535
698,4.404245875775814
699,5.697445012629032
700,4.793839994817972
701,5.175371887162328
702,5.070033948868513
703,5.387679906561971
704,4.804785829037428
705,5.302672972902656
706,4.868021002039313
707,4.8072198405861855
708,4.468020983040333
709,4.349001916125417
710,4.214369924739003
711,4.536574007943273
712,4.391886992380023
713,4.5125780161470175
714,3.7056480068713427
715,4.163545090705156
716,4.242983879521489
717,3.7073809653520584
718,4.1807908564805984
719,4.455212038010359
720,4.23685391433537
721,4.223885014653206
722,4.8804390244185925
723,4.537875996902585
724,4.6212810557335615
725,4.893078934401274
726,4.678125958889723
727,4.434950882568955
728,4.826418124139309
729,5.0308359786868095
730,4.5494139194488525
731,4.545125877484679
732,4.4369150418788195
733,4.418267169967294
734,4.145837854593992
735,5.252658156678081
736,4.991596098989248
737,4.698877921327949
738,4.786208970472217
739,5.299889016896486
740,4.701321013271809
741,4.883423913270235
742,5.025457125157118
743,4.959587939083576
744,4.209423903375864
745,4.470124840736389
746,4.904806148260832
747,5.640128860250115
748,5.305878119543195
749,4.697585012763739
750,4.616754129528999
751,5.4113660007715225
752,5.201051011681557
753,4.804546013474464
754,5.418997025117278
755,5.016694078221917
756,4.9744111020118
757,4.475633148103952
758,4.893420031294227
759,5.538366036489606
760,4.661211045458913
761,5.185707937926054
762,4.825167125090957
763,5.285107064992189
764,4.500559996813536
765,4.502583062276244
766,4.928621929138899
767,4.768882179632783
768,4.123344784602523
769,4.459307994693518
770,4.69377008266747
771,4.802643088623881
772,3.9283919613808393
773,5.247881170362234
774,5.696292966604233
775,4.837034968659282
776,4.110214067623019
777,4.590824944898486
778,4.182823002338409
779,5.244003841653466
780,4.2933200020343065
781,4.568502074107528
782,5.275422008708119
783,4.7342199832201
784,4.459227900952101
785,4.0035739075392485
786,5.145367002114654
787,6.137765012681484
788,5.733730038627982
789,4.856473999097943
790,4.285737872123718
791,5.318586947396398
792,4.759998992085457
793,4.134621005505323
794,4.042171873152256
795,4.371327115222812
796,3.8554531056433916
797,4.069824004545808
798,4.051967058330774
799,4.337684949859977
800,4.042692948132753
801,4.675613017752767
802,5.283083068206906
803,5.040819989517331
804,5.178526975214481
805,4.7252371441572905
806,5.099928937852383
807,4.9865590408444405
808,4.291597055271268
809,4.384266212582588
810,4.489393904805183
811,4.323895089328289
812,4.456093069165945
813,6.238667061552405
814,4.8915359657257795
815,4.983705002814531
816,4.862993024289608
817,4.590273834764957
818,5.188812036067247
819,4.610484931617975
820,4.831345984712243
821,5.497104022651911
822,4.49866708368063
823,5.12198219075799
824,5.110955098643899
825,4.6966238878667355
826,4.732327070087194
827,4.586569033563137
828,4.959978861734271
829,4.832948092371225
830,5.385427037253976
831,4.696834133937955
832,4.168150946497917
833,4.256302956491709
834,4.2761031072586775
835,4.165957914665341
836,4.228701815009117
837,5.021772114560008
838,5.557415075600147
839,4.272788064554334
840,4.940449958667159
841,4.888302180916071
842,4.13278816267848
843,4.520559916272759
844,4.535773070529103
845,4.1758231818675995
846,4.193259170278907
847,5.074340850114822
848,4.910795018076897
849,4.98105981387198
850,4.622963955625892
851,4.369102884083986
852,4.924215143546462
853,4.98487614095211
854,5.213628988713026
855,5.7925579603761435
856,5.885677877813578
857,5.810114089399576
858,5.415261955931783
859,4.773780005052686
860,4.61303791962564
861,4.840860143303871
862,4.33251797221601
863,4.759517963975668
864,4.559908993542194
865,4.50691906735301
866,4.014249891042709
867,4.431655863299966
868,3.8478008937090635
869,4.431466106325388
870,4.04805107973516
871,4.734971793368459
872,4.982242127880454
873,4.744316218420863
874,4.9124169163405895
875,5.007379921153188
876,4.840929992496967
877,4.329052055254579
878,5.04856207408011
879,4.569141892716289
880,4.7534790355712175
881,4.343544133007526
882,5.048160906881094
883,4.637344973161817
884,4.295953083783388
885,4.104576073586941
886,5.328532075509429
887,5.158056039363146
888,5.439408123493195
889,5.197043996304274
890,6.452948087826371
891,7.07581196911633
892,5.6525771506130695
893,6.107649998739362
894,4.766720114275813
895,5.029893945902586
896,5.661141127347946
897,5.549822933971882
898,5.292878020554781
899,4.0768340695649385
900,5.571385845541954
901,4.7383669298142195
902,5.063865100964904
903,4.889722913503647
904,4.804956028237939
905,4.216514062136412
906,5.269584013149142
907,8.019927889108658
908,10.253387037664652
909,7.780179148539901
910,5.213940050452948
911,4.977134987711906
912,6.111665861681104
913,6.440919823944569
914,6.409802939742804
915,5.767429945990443
916,5.5588469840586185
917,4.972958937287331
918,4.280249122530222
919,4.4909261632710695
920,4.56798099912703
921,5.066759185865521
922,5.6540698278695345
923,5.7250759564340115
924,5.37611311301589
925,5.236903904005885
926,4.956492921337485
927,4.801981151103973
928,5.073879146948457
929,4.252678016200662
930,4.732256988063455
931,4.634660203009844
932,4.324966110289097
933,6.1886010225862265
934,4.880830179899931
935,4.916414152830839
936,4.799617920070887
937,4.84596798196435
938,3.627910977229476
939,5.012598121538758
940,5.042562028393149
941,6.217433838173747
942,6.25386880710721
943,5.6827028747648
944,5.555521929636598
945,5.017115036025643
946,5.344675853848457
947,5.643664160743356
948,5.572346970438957
949,5.263444036245346
950,4.607840906828642
951,5.66557701677084
952,5.662692943587899
953,5.653207888826728
954,6.400699028745294
955,6.128981942310929
956,5.95327909104526
957,5.7872089091688395
958,5.075342021882534
959,5.571536021307111
960,5.00891194678843
961,4.683064064010978
962,4.515843000262976
963,4.546888871118426
964,4.0618120692670345
965,4.334359895437956
966,4.173279041424394
967,4.488972947001457
968,3.9520380087196827
969,4.719678079709411
970,4.506869008764625
971,4.050063900649548
972,4.582463065162301
973,4.649862879887223
974,4.942212020978332
975,4.718336975201964
976,4.52011008746922
977,5.912015913054347
978,5.048341117799282
979,4.293689038604498
980,5.668021040037274
981,4.493688931688666
982,4.444176098331809
983,4.195811925455928
984,4.600959829986095
985,4.004636080935597
986,4.76269400678575
987,4.468151833862066
988,4.835502011701465
989,5.331485997885466
990,4.810504848137498
991,4.690804984420538
992,4.464434925466776
993,4.0814310777932405
994,4.176183138042688
995,4.108191002160311
996,4.061260959133506
997,5.331386113539338
998,4.510814789682627
999,5.010334076359868
1000,4.306008107960224
1001,4.506849916651845
1002,4.736413015052676
1003,4.323403816670179
1004,4.124656086787581
1005,4.244385985657573
1006,3.854010021314025
1007,4.139879019930959
1008,3.914030035957694
1009,4.50155115686357
1010,4.193560220301151
1011,4.311647033318877
1012,4.109192872419953
1013,4.561932059004903
1014,5.206468980759382
1015,4.468692000955343
1016,4.42085019312799
1017,4.6954520512372255
1018,4.2856670916080475
1019,4.284135065972805
1020,3.9804500993341208
1021,4.703584825620055
1022,5.229923874139786
1023,4.865637980401516
1024,5.221060942858458
1025,4.546478856354952
1026,4.253389080986381
1027,4.163494100794196
1028,4.252077080309391
1029,5.004294915124774
1030,4.830674966797233
1031,4.497935995459557
1032,4.480049014091492
1033,4.07177722081542
1034,4.099988844245672
1035,4.163865000009537
1036,4.19201678596437
1037,4.177245078608394
1038,3.4654068294912577
1039,4.073139047250152
1040,3.9178659208118916
1041,4.004606045782566
1042,3.8835739251226187
1043,4.435873124748468
1044,4.834089893847704
1045,4.8933690413832664
1046,5.193589022383094
1047,4.403013968840241
1048,4.368411144241691
1049,4.63368883356452
1050,4.25243703648448
1051,4.614660982042551
1052,4.751577042043209
1053,4.725366830825806
1054,4.725496983155608
1055,5.8844860177487135
1056,5.384074989706278
1057,4.670195048674941
1058,4.794551059603691
1059,5.165316862985492
1060,4.789222031831741
1061,4.718186100944877
1062,4.6530079562217
1063,4.837115062400699
1064,4.510485101491213
1065,5.072887986898422
1066,4.7991471365094185
1067,4.723293939605355
1068,5.096854874864221
1069,5.2487519569695
1070,4.795702872797847
1071,5.424545845016837
1072,4.777534864842892
1073,4.558627028018236
1074,5.3645349107682705
1075,5.472107091918588
1076,5.484655033797026
1077,5.4431031458079815
1078,5.017835879698396
1079,4.66382410377264
1080,4.958486184477806
1081,5.410704994574189
1082,5.49244717694819
1083,5.265086190775037
1084,5.829152883961797
1085,5.378936883062124
1086,5.2309660241007805
1087,4.533429862931371
1088,3.852298017591238
1089,4.227631026878953
1090,4.375663120299578
1091,4.200228955596685
1092,4.916623933240771
1093,4.442082019522786
1094,3.6725779063999653
1095,3.951235907152295
1096,4.401331068947911
1097,4.055543104186654
1098,4.070696188136935
1099,4.71780588850379
1100,4.654750926420093
1101,4.200009163469076
1102,4.22413507476449
1103,3.755382029339671
1104,4.409993998706341
1105,5.239397985860705
1106,4.497916204854846
1107,4.052086966112256
1108,4.181251162663102
1109,4.164065001532435
1110,5.103944800794125
1111,4.809332778677344
1112,5.3311658557504416
1113,5.239287856966257
1114,4.486327990889549
1115,3.955052001401782
1116,4.119538003578782
1117,4.229333018884063
1118,3.9080618880689144
1119,4.955832147970796
1120,5.3347512148320675
1121,5.261630984023213
1122,4.800270078703761
1123,4.98569686897099
1124,4.768301034346223
1125,5.123795010149479
1126,4.413679009303451
1127,4.904635949060321
1128,4.950755042955279
1129,4.448112100362778
1130,5.2839049603790045
1131,5.680558970198035
1132,5.66108082421124
1133,4.297205014154315
1134,4.636133089661598
1135,4.66642901301384
1136,4.668722162023187
1137,4.962543025612831
1138,5.077284993603826
1139,4.690665053203702
1140,5.263845203444362
1141,5.8586569502949715
1142,5.022492026910186
1143,5.948101170361042
1144,5.046649137511849
1145,5.4515760857611895
1146,4.854400875046849
1147,4.976093070581555
1148,4.526959965005517
1149,4.75330906920135
1150,5.186879076063633
1151,4.643753869459033
1152,4.483404103666544
1153,5.258195800706744
1154,5.22075011394918
1155,5.980429006740451
1156,4.817494889721274
1157,5.063303979113698
1158,5.0003789365291595
1159,4.639228107407689
1160,3.7696638610213995
1161,3.931567072868347
1162,4.95100487023592
1163,4.6344001311808825
1164,4.591046134009957
1165,3.9303649682551622
1166,4.8057870008051395
1167,4.608992952853441
1168,4.908862989395857
1169,4.993658978492022
1170,4.892277996987104
1171,4.178395960479975
1172,3.8612911012023687
1173,4.68436605297029
1174,5.124505842104554
1175,5.520739825442433
1176,4.783885087817907
1177,4.369734087958932
1178,4.462562967091799
1179,4.841050133109093
1180,5.0597889348864555
1181,5.160280037671328
1182,4.964345833286643
1183,4.123233957216144
1184,4.082242026925087
1185,4.443634068593383
1186,4.553189035505056
1187,4.494521068409085
1188,4.897635895758867
1189,5.068651866167784
1190,5.0591169856488705
1191,4.660259000957012
1192,5.15115587040782
1193,4.957124823704362
1194,5.876924144104123
1195,4.9572649877518415
1196,4.7065080143511295
1197,4.5545510947704315
1198,4.793469095602632
1199,5.671266000717878
1200,4.903103923425078
1201,4.882453009486198
1202,4.910243907943368
1203,5.098536843433976
1204,6.012537982314825
1205,4.825917072594166
1206,4.7487919218838215
1207,5.255121039226651
1208,5.016483832150698
1209,4.79627400636673
1210,4.432697780430317
1211,4.13613417185843
1212,4.023243905976415
1213,4.360720980912447
1214,4.078247118741274
1215,4.179348004981875
1216,5.239697871729732
1217,5.580028984695673
1218,5.00287301838398
1219,4.619147162884474
1220,5.097755929455161
1221,4.965496947988868
1222,4.742783028632402
1223,4.978787153959274
1224,4.184636054560542
1225,5.225216969847679
1226,4.773529013618827
1227,4.945626948028803
1228,4.049063194543123
1229,4.642091924324632
1230,4.415983101353049
1231,4.396222997456789
1232,4.555010935291648
1233,4.535692976787686
1234,4.984255880117416
1235,4.7465290408581495
1236,5.5701639503240585
1237,5.061211064457893
1238,4.666398977860808
1239,5.238306010141969
1240,5.403344053775072
1241,5.497084930539131
1242,5.217205034568906
1243,5.583032965660095
1244,4.568000789731741
1245,4.299718886613846
1246,5.015701986849308
1247,5.226608831435442
1248,4.956102930009365
1249,4.804175114259124
1250,4.36287303455174
1251,4.209904000163078
1252,4.538075998425484
1253,5.6076201144605875
1254,4.761651856824756
1255,4.586579045280814
1256,5.3780460730195045
1257,3.9215509314090014
1258,4.4569440651685
1259,4.558437038213015
1260,4.376213066279888
1261,4.445888102054596
1262,4.940829938277602
1263,4.612007178366184
1264,4.454009933397174
1265,4.980108933523297
1266,4.348361166194081
1267,4.348100861534476
1268,4.972186870872974
1269,5.080649862065911
1270,4.535983083769679
1271,5.112958140671253
1272,5.082393065094948
1273,4.710214911028743
1274,4.014751873910427
1275,4.42312378436327
1276,4.732287954539061
1277,4.8770850989967585
1278,4.864546004682779
1279,5.1275810692459345
1280,4.970514914020896
1281,5.438828142359853
1282,5.0235341768711805
1283,5.697604967281222
1284,5.591375986114144
1285,5.943754920735955
1286,5.567970918491483
1287,5.185756832361221
1288,4.886338021606207
1289,4.9831129144877195
1290,5.124635063111782
1291,4.543293965980411
1292,4.64344397187233
1293,5.247049033641815
1294,4.689153051003814
1295,4.485717974603176
1296,4.353368887677789
1297,4.9361130222678185
1298,5.22273313254118
1299,5.4013109765946865
1300,4.971094895154238
1301,3.8974748458713293
1302,5.0727680791169405
1303,4.319489002227783
1304,4.291717195883393
1305,4.966749111190438
1306,4.965517204254866
1307,4.259076900780201
1308,4.375902935862541
1309,4.767310107126832
1310,4.309392999857664
1311,4.171516979113221
1312,4.133660113438964
1313,4.945347085595131
1314,4.687119973823428
1315,4.259187960997224
1316,4.426829982548952
1317,4.161902004852891
1318,5.027120001614094
1319,4.586819093674421
1320,4.298136103898287
1321,3.8914871402084827
1322,4.435281967744231
1323,4.198616836220026
1324,5.005717976018786
1325,4.878155887126923
1326,4.95916698127985
1327,4.624926019459963
1328,4.151777131482959
1329,4.138336982578039
1330,4.174139816313982
1331,4.3713359627872705
1332,4.3653869070112705
1333,4.091306123882532
1334,4.678596975281835
1335,4.203994991257787
1336,3.86594794690609
1337,5.020941141992807
1338,4.806879907846451
1339,4.036853788420558
1340,4.122202983126044
1341,3.7885219790041447
1342,4.558076150715351
1343,4.482473013922572
1344,4.540981026366353
1345,5.075802095234394
1346,4.270724952220917
1347,4.5212008990347385
1348,4.419068107381463
1349,4.172588000074029
1350,3.9231739938259125
1351,4.31532203219831
1352,4.152016947045922
1353,4.293549107387662
1354,4.035372985526919
1355,4.455111920833588
1356,4.0708850137889385
1357,4.080059006810188
1358,3.974050981923938
1359,4.142893012613058
1360,4.945217166095972
1361,4.447249928489327
1362,4.779929062351584
1363,5.213659023866057
1364,4.897044040262699
1365,5.213990109041333
1366,4.930844996124506
1367,4.473960027098656
1368,4.835231928154826
1369,5.045937839895487
1370,6.014470010995865
1371,4.641361068934202
1372,5.52632799372077
1373,5.4412411991506815
1374,4.806779092177749
1375,4.570615012198687
1376,3.812148002907634
1377,5.135170882567763
1378,4.815150983631611
1379,4.626539070159197
1380,5.933037959039211
1381,4.835042171180248
1382,4.372687777504325
1383,5.023323930799961
1384,4.399118013679981
1385,4.924074979498982
1386,5.284155020490289
1387,4.74927294999361
1388,4.355833167210221
1389,4.324645968154073
1390,4.216564120724797
1391,4.4171849731355906
1392,4.174830857664347
1393,4.444946069270372
1394,4.511605948209763
1395,4.662804072722793
1396,4.208352183923125
1397,5.056253168731928
1398,4.527330165728927
1399,5.345026031136513
1400,5.930364830419421
1401,5.306689068675041
1402,4.729963839054108
1403,4.715132061392069
1404,4.708981839939952
1405,4.724905826151371
1406,4.812547005712986
1407,5.079807946458459
1408,4.705727798864245
1409,4.65559191070497
1410,3.982983995229006
1411,4.108271794393659
1412,4.105126950889826
1413,4.271745914593339
1414,3.902953118085861
1415,3.854772076010704
1416,4.0593689773231745
1417,4.013668978586793
1418,4.0895030833780766
1419,5.027861101552844
1420,4.891725955531001
1421,5.169193027541041
1422,5.12485601939261
1423,4.919968079775572
1424,4.136984935030341
1425,4.722563084214926
1426,4.294771002605557
1427,4.531797021627426
1428,5.08495606482029
1429,4.346818896010518
1430,4.37932787463069
1431,4.326910013332963
1432,4.264074843376875
1433,4.182321950793266
1434,4.031095886602998
1435,4.562051966786385
1436,4.066108027473092
1437,4.088020883500576
1438,4.407861037179828
1439,4.270856035873294
1440,4.184355027973652
1441,4.075131146237254
1442,4.532567923888564
1443,4.8995178658515215
1444,5.027950974181294
1445,4.7028930857777596
1446,4.918025806546211
1447,6.005426868796349
1448,4.780981224030256
1449,5.635692970827222
1450,4.54078009352088
1451,5.096514010801911
1452,5.070104030892253
1453,5.37859695032239
1454,5.220500053837895
1455,6.04593800380826
1456,4.682703875005245
1457,5.425465991720557
1458,5.287931067869067
1459,5.107661010697484
1460,4.462973913177848
1461,4.318736959248781
1462,4.350004019215703
1463,4.766728961840272
1464,4.215932916849852
1465,4.632667871192098
1466,4.788931924849749
1467,4.494772059842944
1468,4.4894530437886715
1469,4.331476055085659
1470,3.7899340968579054
1471,3.9449771866202354
1472,4.742443095892668
1473,4.781611962243915
1474,3.7268998567014933
1475,4.356473917141557
1476,4.20993403531611
1477,4.7976558562368155
1478,4.410264082252979
1479,4.763625096529722
1480,3.8633039221167564
1481,4.898287123069167
1482,4.6538799069821835
1483,5.074501037597656
1484,4.675352945923805
1485,4.339627921581268
1486,4.344485932961106
1487,4.768651910126209
1488,5.934099899604917
1489,5.525357089936733
1490,5.710514960810542
1491,6.193749140948057
1492,5.3637048695236444
1493,5.347279133275151
1494,4.898776998743415
1495,4.814170999452472
1496,4.8089418560266495
1497,6.480448879301548
1498,5.386539036408067
1499,5.185167072340846
1500,4.729062085971236
1501,4.392378032207489
1502,4.430975997820497
1503,4.689943976700306
1504,4.212448140606284
1505,3.932286985218525
1506,3.9795690681785345
1507,5.885887891054153
1508,5.066127981990576
1509,4.186439095064998
1510,4.475582158192992
1511,5.011055152863264
1512,4.398135934025049
1513,5.031395936384797
1514,5.158877000212669
1515,4.376743920147419
1516,3.738537197932601
1517,5.384906195104122
1518,5.06724021397531
1519,5.154720973223448
1520,4.361010855063796
1521,4.849113058298826
1522,4.4997879303991795
1523,5.210214061662555
1524,4.319298081099987
1525,4.034991143271327
1526,6.099988939240575
1527,4.7440859489142895
1528,4.948311019688845
1529,4.05070511624217
1530,4.75676404312253
1531,4.8777449410408735
1532,4.4548718724399805
1533,4.024705849587917
1534,4.381601931527257
1535,4.53165709041059
1536,5.001931916922331
1537,4.369162954390049
1538,4.254750907421112
1539,4.315393045544624
1540,4.509252030402422
1541,4.68346499837935
1542,5.141652189195156
1543,5.133660044521093
1544,4.23692399635911
1545,4.135531838983297
1546,3.9133289828896523
1547,4.3098339810967445
1548,5.312918219715357
1549,4.634500946849585
1550,5.090695107355714
1551,4.345055902376771
1552,4.613418830558658
1553,5.047479877248406
1554,6.798597052693367
1555,6.8801590241491795
1556,5.508261034265161
1557,5.239698104560375
1558,5.363032920286059
1559,5.103865172713995
1560,4.447039915248752
1561,4.248421872034669
1562,3.9796780329197645
1563,3.938897978514433
1564,3.966459073126316
1565,3.941731061786413
1566,3.9156321436166763
1567,4.961941856890917
1568,4.478126065805554
1569,5.191095173358917
1570,5.31064486131072
1571,4.980419995263219
1572,4.190003965049982
1573,4.803474992513657
1574,5.194221157580614
1575,5.817794939503074
1576,4.807220073416829
1577,4.4575161300599575
1578,4.280861001461744
1579,4.565757000818849
1580,4.580019041895866
1581,4.6928380616009235
1582,4.6718360390514135
1583,4.308582050725818
1584,4.460440017282963
1585,4.240229958668351
1586,4.040760919451714
1587,3.8991679903119802
1588,4.42253309302032
1589,5.143854068592191
1590,4.974771058186889
1591,4.754181019961834
1592,4.424464888870716
1593,4.835131112486124
1594,3.807850880548358
1595,4.501360934227705
1596,4.384746076539159
1597,3.997746156528592
1598,4.280640045180917
1599,4.365186905488372
1600,4.266900010406971
1601,4.295893013477325
1602,4.570515127852559
1603,3.724736860021949
1604,4.28636884316802
1605,4.000569926574826
1606,4.247080069035292
1607,4.8713660798966885
1608,4.696233896538615
1609,4.343134118244052
1610,3.908502170816064
1611,4.5936498790979385
1612,4.086229018867016
1613,4.3754419311881065
1614,4.130084067583084
1615,4.0511449333280325
1616,4.3753820937126875
1617,4.52772993594408
1618,4.618507111445069
1619,4.50649787671864
1620,4.232286941260099
1621,4.171045962721109
1622,4.054710967466235
1623,4.3985070660710335
1624,3.7413910031318665
1625,4.173479974269867
1626,4.146548919379711
1627,4.244736162945628
1628,4.263865062966943
1629,3.4771240316331387
1630,4.141560988500714
1631,4.064114997163415
1632,5.229152040556073
1633,5.434270016849041
1634,5.322452867403626
1635,4.684294806793332
1636,4.3073000852018595
1637,5.604775855317712
1638,5.121460882946849
1639,4.797135014086962
1640,4.886207869276404
1641,4.132597940042615
1642,5.097824847325683
1643,4.364064894616604
1644,4.2015910148620605
1645,4.0770540945231915
1646,4.000250017270446
1647,4.760548938065767
1648,4.61147609166801
1649,4.861331079155207
1650,4.8276511952281
1651,5.179318133741617
1652,4.640839993953705
1653,3.925187047570944
1654,4.502632888033986
1655,5.2284118719398975
1656,4.945778055116534
1657,4.633960081264377
1658,4.604775924235582
1659,4.4171849731355906
1660,5.526268156245351
1661,5.344195989891887
1662,4.685777937993407
1663,4.819417838007212
1664,5.310934968292713
1665,5.52593800239265
1666,4.98055899515748
1667,5.010785069316626
1668,4.6563229989260435
1669,5.275072064250708
1670,5.185786867514253
1671,4.741220967844129
1672,4.199739079922438
1673,4.894070094451308
1674,4.633137956261635
1675,4.634240176528692
1676,4.642312880605459
1677,4.454280948266387
1678,4.820920992642641
1679,4.3627130798995495
1680,5.146778887137771
1681,4.20610886067152
1682,4.658036166802049
1683,4.278987180441618
1684,4.302612971514463
1685,4.097244935110211
1686,5.107169039547443
1687,4.413818940520287
1688,4.916514037176967
1689,5.877234973013401
1690,5.172787932679057
1691,5.3198079112917185
1692,5.039368057623506
1693,4.752958891913295
1694,5.417153937742114
1695,4.748892039060593
1696,4.903304157778621
1697,4.816793836653233
1698,5.070806015282869
1699,5.051065934821963
1700,4.645698005333543
1701,4.287549993023276
1702,4.364555003121495
1703,4.717895062640309
1704,4.123563878238201
1705,5.034771049395204
1706,4.272307036444545
1707,4.049903945997357
1708,4.032758995890617
1709,4.280910827219486
1710,4.5036140363663435
1711,4.25999891012907
1712,3.774631069973111
1713,3.9128679782152176
1714,4.123724065721035
1715,3.9272101130336523
1716,5.033619934692979
1717,4.077606135979295
1718,4.6903148759156466
1719,4.366389010101557
1720,4.25601308234036
1721,4.942042054608464
1722,4.192749038338661
1723,3.8893430028110743
1724,4.069613991305232
1725,3.746829926967621
1726,3.884456120431423
1727,4.114100011065602
1728,3.8637949619442225
1729,4.056825069710612
1730,4.043404944241047
1731,4.283964866772294
1732,5.37972804158926
1733,4.848891869187355
1734,4.466618876904249
1735,3.9523879531770945
1736,3.7052868865430355
1737,5.678756861016154
1738,4.237314919009805
1739,4.074300872161984
1740,4.423405043780804
1741,5.279228091239929
1742,5.41312899440527
1743,3.928302088752389
1744,3.8880622014403343
1745,4.588881973177195
1746,5.036453949287534
1747,4.281901987269521
1748,3.7861878518015146
1749,5.1512159407138824
1750,4.957124125212431
1751,4.272517981007695
1752,5.639337934553623
1753,5.397985922172666
1754,4.6303351409733295
1755,4.394361050799489
1756,4.349973984062672
1757,4.263835027813911
1758,4.07810602337122
1759,4.04378492385149
1760,4.313349025323987
1761,4.46464610286057
1762,4.289443138986826
1763,4.20516706071794
1764,4.508411977440119
1765,4.141181008890271
1766,4.780509974807501
1767,5.171366035938263
1768,4.3955829460173845
1769,4.3567640241235495
1770,4.374871961772442
1771,4.2810209561139345
1772,5.4975850507617
1773,5.479597952216864
1774,5.059298127889633
1775,5.022823112085462
1776,4.854359896853566
1777,4.455952905118465
1778,4.191556014120579
1779,4.2873399797827005
1780,4.850473953410983
1781,4.40874183550477
1782,4.540340043604374
1783,4.826888907700777
1784,4.530285019427538
1785,4.745276877656579
1786,5.189112853258848
1787,5.624375073239207
1788,5.061752162873745
1789,4.2482109274715185
1790,4.926508059725165
1791,4.312478005886078
1792,4.33597294613719
1793,4.003414884209633
1794,4.343944834545255
1795,5.068792961537838
1796,4.9986569210886955
1797,5.280009005218744
1798,4.98374504968524
1799,5.469402996823192
1800,5.505847977474332
1801,4.5943609438836575
1802,4.264225950464606
1803,5.002402001991868
1804,4.435682902112603
1805,4.258807981386781
1806,4.677274962887168
1807,4.887139890342951
1808,4.847940988838673
1809,4.959167912602425
1810,5.054750945419073
1811,4.5158229768276215
1812,4.222863120958209
1813,5.837876116856933
1814,4.463013960048556
1815,4.1235340759158134
1816,4.180789925158024
1817,4.830864956602454
1818,4.9300838727504015
1819,5.499579012393951
1820,4.495010944083333
1821,4.477865993976593
1822,4.787259036675096
1823,4.7881510108709335
1824,5.555622978135943
1825,4.962291801348329
1826,4.591135773807764
1827,4.097965778782964
1828,4.284034948796034
1829,4.42871218547225
1830,5.08901197463274
1831,4.104044986888766
1832,4.575733095407486
1833,5.046217935159802
1834,4.6178060583770275
1835,4.9911560490727425
1836,4.01321891695261
1837,4.328721901401877
1838,4.882171982899308
1839,4.505938151851296
1840,4.727859981358051
1841,4.285316914319992
1842,3.5403899382799864
1843,4.460799973458052
1844,4.327520029619336
1845,5.247789900749922
1846,5.080509930849075
1847,4.530815873295069
1848,3.6486717872321606
1849,4.41387016326189
1850,4.567089956253767
1851,4.2392180766910315
1852,4.087409935891628
1853,4.415162140503526
1854,4.163644043728709
1855,4.379758844152093
1856,4.239067900925875
1857,5.095642060041428
1858,5.65859698690474
1859,4.840840119868517
1860,4.906578920781612
1861,5.119557958096266
1862,5.437164101749659
1863,6.292637903243303
1864,4.955231910571456
1865,4.586779046803713
1866,5.0057771150022745
1867,4.2324678506702185
1868,4.055022029206157
1869,4.111215937882662
1870,4.261811962351203
1871,4.312257980927825
1872,4.491496132686734
1873,5.0989980809390545
1874,4.2622629553079605
1875,4.239327972754836
1876,4.35148598626256
1877,4.842482041567564
1878,4.0909459348768
1879,4.156423965469003
1880,4.437225172296166
1881,5.340378964319825
1882,4.830705001950264
1883,4.981540841981769
1884,4.832447040826082
1885,4.8693830613046885
1886,4.685035906732082
1887,4.207789897918701
1888,4.705187166109681
1889,5.345487035810947
1890,5.184415960684419
1891,4.7147509176284075
1892,5.13338902965188
1893,5.4522471036762
1894,5.228732014074922
1895,4.659587983042002
1896,5.18981390632689
1897,4.540008958429098
1898,4.562203073874116
1899,5.387800978496671
1900,4.793399013578892
1901,4.573598969727755
1902,4.682522965595126
1903,6.172157125547528
1904,6.463965168222785
1905,5.612227134406567
1906,4.787621088325977
1907,4.556073108687997
1908,5.7056869845837355
1909,4.394381074234843
1910,4.844676004722714
1911,4.715512041002512
1912,4.902451997622848
1913,4.8071700148284435
1914,4.448351915925741
1915,4.90499590523541
1916,6.049704039469361
1917,5.344916135072708
1918,5.0141101237386465
1919,4.588081035763025
1920,3.944976953789592
1921,4.30626911111176
1922,4.474089946597815
1923,5.209573078900576
1924,3.9494538214057684
1925,5.038005067035556
1926,4.662171937525272
1927,4.504907177761197
1928,4.709192086011171
1929,5.262583028525114
1930,4.509703954681754
1931,4.186458885669708
1932,5.8407101314514875
1933,5.214100005105138
1934,4.864014917984605
1935,4.745237063616514
1936,4.154671216383576
1937,5.887880921363831
1938,5.71248703636229
1939,5.045787896960974
1940,5.372857907786965
1941,5.41981915012002
1942,5.284155020490289
1943,5.828110966831446
1944,5.720508983358741
1945,4.954600939527154
1946,5.7652059476822615
1947,5.1701548509299755
1948,4.671315895393491
1949,3.901270916685462
1950,4.641381092369556
1951,3.951667109504342
1952,4.077464807778597
1953,4.281201167032123
1954,3.910335013642907
1955,3.9185970090329647
1956,4.243463976308703
1957,4.308362025767565
1958,4.756703972816467
1959,3.9532692171633244
1960,4.024636000394821
1961,4.510535160079598
1962,5.711595993489027
1963,3.9622229523956776
1964,4.018526989966631
1965,4.130776040256023
1966,4.857263993471861
1967,4.894921090453863
1968,4.206849029287696
1969,4.376953933387995
1970,4.16666897945106
1971,4.583274945616722
1972,4.549854202196002
1973,5.02920220606029
1974,4.595953039824963
1975,4.513778956606984
1976,5.337665090337396
1977,5.018566967919469
1978,4.865858005359769
1979,4.85744490288198
1980,4.967730026692152
1981,4.684495972469449
1982,4.755672067403793
1983,5.265686893835664
1984,4.53144614584744
1985,3.9569148793816566
1986,4.458195995539427
1987,4.6383170410990715
1988,6.03286805562675
1989,5.025056889280677
1990,4.657665034756064
1991,4.852216923609376
1992,4.262922797352076
1993,4.0888418443501
1994,4.375362070277333
1995,4.358937963843346
1996,5.230946000665426
1997,4.339158069342375
1998,4.518575966358185
1999,5.299527896568179
2000,4.5562139712274075
2001,4.507289966568351
2002,4.106319043785334
2003,3.759397892281413
2004,4.545115865767002
2005,4.759127972647548
2006,5.319979041814804
2007,5.813229130581021
2008,5.201069870963693
2009,5.022251978516579
2010,5.0362939946353436
2011,5.082662915810943
2012,4.827019991353154
2013,4.707571119070053
2014,4.71135601401329
2015,4.549322882667184
2016,5.9418510645627975
2017,5.6552221067249775
2018,5.071836058050394
2019,4.442953038960695
2020,4.663625033572316
2021,4.60417615249753
2022,5.049272906035185
2023,4.845326999202371
2024,4.772116895765066
2025,4.808231955394149
2026,4.818307003006339
2027,4.698527045547962
2028,4.7133800107985735
2029,5.5057581048458815
2030,4.56164195202291
2031,4.561220994219184
2032,4.404335981234908
2033,4.232757957652211
2034,4.513779887929559
2035,4.209503065794706
2036,4.4800888281315565
2037,4.056374076753855
2038,4.3549309484660625
2039,4.6626729890704155
2040,4.771417006850243
2041,4.435382084921002
2042,5.373839987441897
2043,4.92157181724906
2044,4.82999486848712
2045,4.7158231027424335
2046,5.4273291025310755
2047,4.890785086899996
2048,4.140390083193779
2049,4.407099913805723
2050,5.160520086064935
2051,4.581791814416647
2052,4.159217933192849
2053,5.111305974423885
2054,4.759898176416755
2055,5.017295014113188
2056,5.847230087965727
2057,4.888541996479034
2058,5.040158983319998
2059,5.432097008451819
2060,5.508702015504241
2061,5.2451270166784525
2062,4.358477191999555
2063,4.546528914943337
2064,4.2199192102998495
2065,4.938366822898388
2066,4.745387006551027
2067,3.8633551448583603
2068,4.1556330397725105
2069,4.238916793838143
2070,4.0005401242524385
2071,4.590776050463319
2072,4.441592143848538
2073,4.2875108774751425
2074,4.3280108366161585
2075,4.145887913182378
2076,4.411827074363828
2077,3.7651071324944496
2078,3.4644058905541897
2079,4.955771844834089
2080,5.035181995481253
2081,4.911365918815136
2082,4.692027112469077
2083,4.926229128614068
2084,4.499808186665177
2085,4.784526070579886
2086,5.136823980137706
2087,5.05187688395381
2088,4.601471126079559
2089,4.534561187028885
2090,4.338145954534411
2091,4.368030931800604
2092,4.0754531510174274
2093,3.9018020033836365
2094,4.177466034889221
2095,4.443153971806169
2096,4.321681102737784
2097,4.0737600065767765
2098,3.9340099319815636
2099,4.281481029465795
2100,4.686598898842931
2101,5.130184814333916
2102,5.102221854031086
2103,5.1297040190547705
2104,4.6229129657149315
2105,4.241611110046506
2106,4.186538979411125
2107,4.157935967668891
2108,4.0963939391076565
2109,4.138026153668761
2110,4.2557320557534695
2111,5.05238794721663
2112,4.951687064021826
2113,4.52411500737071
2114,5.030283937230706
2115,4.514260916039348
2116,5.202241940423846
2117,4.863423993811011
2118,5.114681087434292
2119,4.7833239659667015
2120,4.682231927290559
2121,4.905747948214412
2122,7.175731938332319
2123,4.597625927999616
2124,5.0775648560374975
2125,4.506138851866126
2126,4.39901789650321
2127,4.451827146112919
2128,4.361931933090091
2129,4.013099009171128
2130,4.302232060581446
2131,3.9322269149124622
2132,5.088101141154766
2133,4.439137177541852
2134,4.384826170280576
2135,4.618226084858179
2136,4.73837717436254
2137,4.941011080518365
2138,4.5151610393077135
2139,4.708020947873592
2140,4.644705913960934
2141,4.786057863384485
2142,5.210214992985129
2143,4.167731152847409
2144,4.3106048833578825
2145,4.99086594209075
2146,5.146207986399531
2147,4.555111052468419
2148,4.368581809103489
2149,4.758115857839584
2150,4.077975871041417
2151,4.596433136612177
2152,4.513259045779705
2153,4.535451997071505
2154,4.676765063777566
2155,4.336414160206914
2156,4.676724085584283
2157,4.14322386495769
2158,4.751385888084769
2159,4.576384089887142
2160,3.9325079414993525
2161,4.566448973491788
2162,5.1221828907728195
2163,4.218716872856021
2164,4.503404023125768
2165,4.260099958628416
2166,4.601891851052642
2167,4.3569449335336685
2168,4.39931801520288
2169,4.316654056310654
2170,4.554491024464369
2171,4.312467994168401
2172,4.46978397667408
2173,3.9824231062084436
2174,3.9643750060349703
2175,4.486558958888054
2176,4.718045936897397
2177,4.441812168806791
2178,4.172438057139516
2179,4.725937964394689
2180,4.25776606425643
2181,4.8309750854969025
2182,4.30626911111176
2183,4.125396953895688
2184,4.557996056973934
2185,5.853909067809582
2186,4.429062828421593
2187,4.521130817010999
2188,4.190555075183511
2189,4.364575957879424
2190,4.348261980339885
2191,4.00496693328023
2192,4.132768139243126
2193,4.158757161349058
2194,5.395662039518356
2195,4.637636011466384
2196,4.830515012145042
2197,6.9615410175174475
2198,4.8271301202476025
2199,3.8547818548977375
2200,4.748662002384663
2201,4.963202867656946
2202,4.045487847179174
2203,4.528631921857595
2204,4.649933893233538
2205,4.4222630094736814
2206,4.170774947851896
2207,4.095882875844836
2208,4.158145980909467
2209,5.393709987401962
2210,5.355512956157327
2211,5.348731065168977
2212,4.7192079946398735
2213,4.624516004696488
2214,4.442001925781369
2215,4.732528002932668
2216,4.2418919038027525
2217,4.566448973491788
2218,4.732206929475069
2219,4.36432589776814
2220,4.038796992972493
2221,4.657495068386197
2222,4.241882124915719
2223,4.625077126547694
2224,4.375582095235586
2225,4.562112037092447
2226,3.9797190111130476
2227,4.298926796764135
2228,5.01917814835906
2229,4.797985777258873
2230,4.207981051877141
2231,4.204526077955961
2232,3.8547609001398087
2233,3.9816510397940874
2234,4.487060010433197
2235,4.452838096767664
2236,4.5396690256893635
2237,4.555902909487486
2238,4.4358528684824705
2239,4.794179927557707
2240,4.174231085926294
2241,4.719088086858392
2242,4.573388956487179
2243,4.838546039536595
2244,6.084284977987409
2245,4.5894531067460775
2246,4.541230853646994
2247,6.096593104302883
2248,4.993899958208203
2249,4.41335909999907
2250,5.0785059574991465
2251,5.2025229670107365
2252,4.3908460065722466
2253,4.115892807021737
2254,4.2619118466973305
2255,4.934070166200399
2256,4.6563041396439075
2257,4.497816087678075
2258,4.094701027497649
2259,4.481571028009057
2260,4.680390004068613
2261,4.203904885798693
2262,4.239027854055166
2263,4.526088014245033
2264,4.470083862543106
2265,5.1581161096692085
2266,5.271255970001221
2267,4.873598925769329
2268,4.557614913210273
2269,4.597534891217947
2270,3.8803990464657545
2271,4.495902918279171
2272,4.264044808223844
2273,3.6926879547536373
2274,4.20970399864018
2275,4.256353946402669
2276,4.952588118612766
2277,4.186238860711455
2278,3.8219329435378313
2279,4.237574990838766
2280,4.406549036502838
2281,4.164095036685467
2282,4.593478981405497
2283,4.525998141616583
2284,4.238506779074669
2285,4.966147942468524
2286,4.576514009386301
2287,4.420309793204069
2288,4.4384070206433535
2289,3.7896439898759127
2290,5.519928876310587
2291,4.718647105619311
2292,4.563865019008517
2293,4.722262034192681
2294,4.716903902590275
2295,4.835633095353842
2296,4.202031996101141
2297,5.073128966614604
2298,5.415331805124879
2299,5.090154008939862
2300,5.074139917269349
2301,4.775812849402428
2302,5.548041081055999
2303,4.841730929911137
2304,4.4710650108754635
2305,4.520348971709609
2306,4.1502551175653934
2307,4.492948995903134
2308,4.489974118769169
2309,4.736574133858085
2310,4.430404864251614
2311,4.569313023239374
2312,4.899527877569199
2313,4.872036864981055
2314,4.965506959706545
2315,4.76349494419992
2316,4.754330962896347
2317,4.899999126791954
2318,5.119697889313102
2319,4.301712149754167
2320,5.1813810132443905
2321,6.00083009339869
2322,5.13507192954421
2323,4.021140979602933
2324,4.221923183649778
2325,4.276002990081906
2326,4.213889827951789
2327,4.269622964784503
2328,4.501390969380736
2329,4.335792968049645
2330,5.014952039346099
2331,4.261620808392763
2332,4.198386101052165
2333,4.64167189784348
2334,3.718616906553507
2335,3.7163139786571264
2336,4.582051886245608
2337,3.5589479375630617
2338,4.352867836132646
2339,4.880590131506324
2340,4.545337054878473
2341,4.723744932562113
2342,4.147559870034456
2343,4.587940871715546
2344,4.309362964704633
2345,4.099057056009769
2346,5.01479092054069
2347,4.1840048506855965
2348,4.317315993830562
2349,4.6128081157803535
2350,4.687170032411814
2351,4.496504087001085
2352,4.978495882824063
2353,4.31788619607687
2354,4.837205167859793
2355,4.0827239863574505
2356,3.997084917500615
2357,4.602602915838361
2358,6.342432927340269
2359,4.833859857171774
2360,5.548721877858043
2361,5.272998008877039
2362,5.190263967961073
2363,4.486248129978776
2364,5.079198163002729
2365,4.758656956255436
2366,5.001751007512212
2367,5.255382042378187
2368,4.724135156720877
2369,4.46273316629231
2370,4.700779914855957
2371,5.465076072141528
2372,4.601731896400452
2373,5.661070114001632
2374,4.72444505430758
2375,4.162142984569073
2376,5.288661923259497
2377,5.404886091127992
2378,5.43592288158834
2379,5.43553289026022
2380,4.820949863642454
2381,4.8697330057621
2382,5.406518932431936
2383,4.564576083794236
2384,4.246419062837958
2385,4.589062882587314
2386,4.724005004391074
2387,5.723563954234123
2388,4.71068499609828
2389,4.669322865083814
2390,3.863455029204488
2391,4.1588780004531145
2392,4.426648840308189
2393,3.8321069441735744
2394,4.3769050389528275
2395,4.1427030228078365
2396,4.6470798552036285
2397,4.64780000038445
2398,4.385888110846281
2399,5.377375055104494
2400,5.226868903264403
2401,5.567610030993819
2402,4.7246660105884075
2403,4.543674876913428
2404,4.545878153294325
2405,4.359758924692869
2406,4.314912017434835
2407,4.784776130691171
2408,4.726908868178725
2409,4.906699061393738
2410,4.594481084495783
2411,4.381922073662281
2412,4.095352021977305
2413,4.796452820301056
2414,5.023443838581443
2415,4.723293939605355
2416,5.129762925207615
2417,4.5114869717508554
2418,4.5461878180503845
2419,3.901510965079069
2420,4.8323278315365314
2421,4.900970961898565
2422,4.653498996049166
2423,4.6989580150693655
2424,4.735001130029559
2425,4.209222970530391
2426,4.432438174262643
2427,3.9646560326218605
2428,5.450644996017218
2429,4.727569874376059
2430,4.365907981991768
2431,4.156694049015641
2432,4.468381870537996
2433,4.455632995814085
2434,4.588982090353966
2435,5.31452102586627
2436,4.6776949893683195
2437,4.969804082065821
2438,4.120249999687076
2439,4.356933990493417
2440,5.2402690052986145
2441,4.22491692006588
2442,4.088230896741152
2443,5.217615980654955
2444,4.3124970979988575
2445,4.314751131460071
2446,4.469652893021703
2447,4.942482803016901
2448,4.24147117882967
2449,4.463004181161523
2450,4.57590282894671
2451,4.624295048415661
2452,4.835863132029772
2453,4.94232214987278
2454,4.938816884532571
2455,4.496152978390455
2456,4.641281208023429
2457,4.699727986007929
2458,5.060398951172829
2459,4.7866180539131165
2460,4.212487954646349
2461,4.205056931823492
2462,4.753519082441926
2463,4.21562185510993
2464,3.7996680475771427
2465,4.3273200280964375
2466,4.045116947963834
2467,5.396042950451374
2468,5.1001389510929585
2469,4.6825530007481575
2470,6.601541070267558
2471,4.4116859789937735
2472,4.092048155143857
2473,3.557186108082533
2474,4.019809188321233
2475,4.529714118689299
2476,4.60781017318368
2477,5.140919936820865
2478,4.3513961136341095
2479,3.527871100232005
2480,3.4709759056568146
2481,4.598526982590556
2482,3.9683810900896788
2483,3.952648025006056
2484,4.6074900310486555
2485,5.390293896198273
2486,5.811214912682772
2487,4.796443972736597
2488,4.686838947236538
2489,3.9457478560507298
2490,3.973869839683175
2491,4.959708079695702
2492,4.782872973009944
2493,4.228090867400169
2494,5.501770880073309
2495,4.852186888456345
2496,4.585566930472851
2497,4.877114901319146
2498,4.570844816043973
2499,5.240699974820018
2500,4.282001871615648
2501,4.169904161244631
2502,4.867119947448373
2503,6.069362163543701
2504,5.550333997234702
2505,4.828521981835365
2506,4.841681104153395
2507,6.009162170812488
2508,4.788452060893178
2509,4.225326934829354
2510,4.527419805526733
2511,4.374430980533361
2512,4.75483201444149
2513,4.946399014443159
2514,4.537475062534213
2515,5.678937071934342
2516,5.093358922749758
2517,5.494631128385663
2518,4.129403969272971
2519,4.310504999011755
2520,4.768932005390525
2521,4.063023021444678
2522,4.022082081064582
2523,3.6768149584531784
2524,4.683604929596186
2525,5.041772034019232
2526,4.847119795158505
2527,5.283083999529481
2528,5.713809048756957
2529,4.640710074454546
2530,5.734720965847373
2531,5.433458834886551
2532,5.697145126760006
2533,5.707770120352507
2534,4.087470006197691
2535,4.935812903568149
2536,6.053328979760408
2537,6.2715960666537285
2538,5.529722897335887
2539,5.874250084161758
2540,6.35928800329566
2541,5.962201859802008
2542,5.536423064768314
2543,5.067490041255951
2544,4.5164229813963175
2545,4.619137849658728
2546,4.599538864567876
2547,4.744125064462423
2548,5.353549029678106
2549,5.228001158684492
2550,4.8271899577230215
2551,5.410074023529887
2552,5.234149983152747
2553,5.06253307685256
2554,4.411085974425077
2555,3.945557866245508
2556,5.058926995843649
2557,5.364415002986789
2558,5.803112871944904
2559,4.2358930222690105
2560,4.767189966514707
2561,4.56789112649858
2562,4.6731289476156235
2563,4.9130788538604975
2564,4.591086180880666
2565,5.03544183447957
2566,4.494922002777457
2567,5.626448895782232
2568,5.192147102206945
2569,5.370184080675244
2570,5.925406003370881
2571,5.777895916253328
2572,5.725187016651034
2573,5.398387089371681
2574,5.525627173483372
2575,5.571204936131835
2576,4.802211886271834
2577,5.196013022214174
2578,6.130154011771083
2579,5.122161936014891
2580,5.199407925829291
2581,5.864935927093029
2582,5.071116145700216
2583,5.337605020031333
2584,6.041831104084849
2585,6.012618076056242
2586,5.741231143474579
2587,6.018336862325668
2588,7.537605008110404
2589,7.0505349431186914
2590,5.566028179600835
2591,5.945076001808047
2592,5.383945070207119
2593,4.55034407787025
2594,6.688030902296305
2595,5.956793902441859
2596,5.01050497405231
2597,5.160320084542036
2598,5.309052998200059
2599,5.040730116888881
2600,4.788310965523124
2601,4.996703937649727
2602,4.432647954672575
2603,3.918867092579603
2604,4.359979880973697
2605,5.0021319184452295
2606,4.935120930895209
2607,5.0929582212120295
2608,5.487359827384353
2609,6.325647002086043
2610,6.021130131557584
2611,5.672017112374306
2612,5.680290050804615
2613,5.475671961903572
2614,5.750234005972743
2615,5.664726020768285
2616,6.3780557829886675
2617,5.920269060879946
2618,5.553309107199311
2619,6.1089820228517056
2620,4.806418903172016
2621,5.232347175478935
2622,4.044636152684689
2623,5.318026058375835
2624,4.736623959615827
2625,4.97995805926621
2626,5.071676103398204
2627,5.298896925523877
2628,4.581982037052512
2629,4.519907990470529
2630,4.98220301233232
2631,4.623844986781478
2632,5.485377041622996
2633,4.990746034309268
2634,5.118316039443016
2635,4.988091066479683
2636,5.135291954502463
2637,4.6882908791303635
2638,5.395141895860434
2639,4.693388938903809
2640,5.087289959192276
2641,4.403123864904046
2642,3.69788589887321
2643,5.365666933357716
2644,5.034170113503933
2645,5.399438086897135
2646,6.039458094164729
2647,5.355763016268611
2648,4.954389994964004
2649,4.776804940775037
2650,4.999767988920212
2651,5.319567862898111
2652,4.996113013476133
2653,5.013538990169764
2654,4.821151029318571
2655,4.419197794049978
2656,4.1923371609300375
2657,4.280711058527231
2658,3.978295950219035
2659,4.918157123029232
2660,4.336614161729813
2661,4.828661913052201
2662,4.1325080674141645
2663,4.8715160228312016
2664,4.701721947640181
2665,4.780618939548731
2666,3.9626338984817266
2667,5.492899101227522
2668,5.600309930741787
2669,5.423333961516619
2670,4.483324009925127
2671,4.811085993424058
2672,6.156614050269127
2673,4.934550961479545
2674,5.52411493845284
2675,4.94953291490674
2676,5.282593192532659
2677,5.261220969259739
2678,5.502962972968817
2679,4.222001880407333
2680,4.341151099652052
2681,4.447950981557369
2682,4.45749587379396
2683,4.479107912629843
2684,4.742061952129006
2685,5.027430132031441
2686,4.489202983677387
2687,4.438877105712891
2688,5.129382945597172
2689,3.7333399523049593
2690,4.695121897384524
2691,4.454802023246884
2692,5.017025163397193
2693,4.302743822336197
2694,4.589492920786142
2695,4.704114980995655
2696,4.702031845226884
2697,4.6921169850975275
2698,4.53188712708652
2699,4.375551827251911
2700,4.266628995537758
2701,4.4897329062223434
2702,3.9836550131440163
2703,5.0711859948933125
2704,4.340799991041422
2705,4.799608141183853
2706,4.630855051800609
2707,4.314111080020666
2708,4.665937973186374
2709,4.224436124786735
2710,4.5319171622395515
2711,4.555733175948262
2712,4.466227954253554
2713,4.518205998465419
2714,4.483263939619064
2715,4.568570991978049
2716,4.5029339380562305
2717,4.589933902025223
2718,4.414821043610573
2719,4.162241937592626
2720,5.475893151015043
2721,5.016513867303729
2722,4.902872955426574
2723,4.500280134379864
2724,4.120329860597849
2725,4.102912964299321
2726,4.992788191884756
2727,5.016493145376444
2728,4.779197974130511
2729,4.996234085410833
2730,4.571555880829692
2731,4.1744408663362265
2732,4.055282101035118
2733,5.738827167078853
2734,5.297023802995682
2735,4.3219521176069975
2736,4.78488695807755
2737,3.678797045722604
2738,4.579968983307481
2739,4.772526910528541
2740,4.266889067366719
2741,4.184195073321462
2742,4.543384071439505
2743,4.367741057649255
2744,5.587579915300012
2745,4.316975129768252
2746,4.408631939440966
2747,4.408381879329681
2748,5.5472999811172485
2749,4.651978146284819
2750,4.245467949658632
2751,3.577165072783828
2752,4.609693074598908
2753,4.900839878246188
2754,4.355723038315773
2755,4.276805091649294
2756,4.158726893365383
2757,3.481552004814148
2758,3.719568019732833
2759,5.0648360047489405
2760,5.517033860087395
2761,5.267780041322112
2762,4.796162946149707
2763,4.336284007877111
2764,4.1771449614316225
2765,4.277955973520875
2766,4.082572879269719
2767,4.6201900113373995
2768,4.426669096574187
2769,3.9540608413517475
2770,4.326469032093883
2771,4.227970959618688
2772,4.3964439537376165
2773,4.2785769328475
2774,4.416333045810461
2775,4.590064054355025
2776,4.251366946846247
2777,4.7669189516454935
2778,3.8143908604979515
2779,4.541301168501377
2780,4.854131024330854
2781,4.681652178987861
2782,4.863494075834751
2783,4.45729517377913
2784,5.361740943044424
2785,4.678796976804733
2786,4.967249929904938
2787,5.080580012872815
2788,4.791185026988387
2789,4.779198206961155
2790,4.364997148513794
2791,4.024136113002896
2792,4.471234977245331
2793,4.262211965397
2794,4.5151012018322945
2795,4.019387997686863
2796,3.9109860081225634
2797,3.9648269303143024
2798,4.1692228987813
2799,4.23035491257906
2800,3.8360641337931156
2801,4.346938803792
2802,3.7552518770098686
2803,3.5926378332078457
2804,4.110064124688506
2805,4.107970977202058
2806,4.084595944732428
2807,5.5799889378249645
2808,5.077986046671867
2809,4.959197947755456
2810,4.710254957899451
2811,5.377145018428564
2812,4.552348051220179
2813,4.151286091655493
2814,4.3909449595957994
2815,4.28335415199399
2816,4.6487420331686735
2817,4.419488133862615
2818,3.7752019707113504
2819,4.450914915651083
2820,4.342523170635104
2821,4.1308950167149305
2822,4.264635965228081
2823,3.9413708727806807
2824,4.077855963259935
2825,4.356594057753682
2826,4.10984386689961
2827,4.471456166356802
2828,5.931905936449766
2829,5.963314091786742
2830,4.683895036578178
2831,4.331977106630802
2832,4.304105881601572
2833,4.934951895847917
2834,4.701712168753147
2835,4.287008894607425
2836,4.703724989667535
2837,4.3297139927744865
2838,5.524094915017486
2839,4.61735506542027
2840,4.173028981313109
2841,4.000138957053423
2842,4.752118140459061
2843,4.887809976935387
2844,4.600150045007467
2845,4.385077161714435
2846,4.137394949793816
2847,4.018686944618821
2848,4.809433128684759
2849,4.7049568966031075
2850,4.318356979638338
2851,4.173849942162633
2852,3.7213019095361233
2853,4.115842981263995
2854,3.9963240269571543
2855,4.096213029697537
2856,4.280739929527044
2857,4.570294171571732
2858,5.537716206163168
2859,4.137385869398713
2860,4.861350869759917
2861,4.640188999474049
2862,4.660660168156028
2863,4.820259986445308
2864,3.7870598025619984
2865,4.8402599059045315
2866,4.293950041756034
2867,5.154860904440284
2868,5.3640550468117
2869,4.859077045693994
2870,4.596262937411666
2871,5.261901067569852
2872,5.56153105571866
2873,4.511506063863635
2874,5.325007019564509
2875,4.518265835940838
2876,4.385136999189854
2877,4.138065967708826
2878,4.934591008350253
2879,5.567749962210655
2880,5.2429139614105225
2881,4.584284964948893
2882,4.694670904427767
2883,4.977083997800946
2884,4.807900870218873
2885,4.9790069460868835
2886,4.896523896604776
2887,4.398376913741231
2888,4.613748984411359
2889,4.956273129209876
2890,4.971987102180719
2891,4.8222229816019535
2892,4.382573068141937
2893,4.250565078109503
2894,4.311826080083847
2895,4.170003812760115
2896,4.731697030365467
2897,4.885467933490872
2898,4.686418920755386
2899,4.141421057283878
2900,4.770044004544616
2901,4.4312858954072
2902,4.504355136305094
2903,4.550424870103598
2904,4.552677972242236
2905,4.334080033004284
2906,4.733949899673462
2907,4.675661912187934
2908,5.295211914926767
2909,4.3549309484660625
2910,4.260299960151315
2911,5.506869871169329
2912,4.8032039776444435
2913,6.407130043953657
2914,5.781830986961722
2915,4.948812071233988
2916,4.399207886308432
2917,4.5966641046106815
2918,4.7274199314415455
2919,5.028822924941778
2920,4.140379140153527
2921,5.8362530544400215
2922,5.173758836463094
2923,5.113549064844847
2924,4.782252945005894
2925,5.422813119366765
2926,4.000650020316243
2927,4.430745029821992
2928,4.098536912351847
2929,4.353930009528995
2930,4.0213121101260185
2931,4.950433969497681
2932,5.698246182873845
2933,4.971515852957964
2934,4.680450074374676
2935,4.575321916490793
2936,4.5248460955917835
2937,4.161991877481341
2938,4.4719381257891655
2939,5.320038879290223
2940,4.806298995390534
2941,3.9254380390048027
2942,4.677935969084501
2943,5.7083419524133205
2944,5.180849926546216
2945,5.149542819708586
2946,6.529462989419699
2947,6.671596085652709
2948,7.205557078123093
2949,5.167469847947359
2950,5.644255084916949
2951,5.677585024386644
2952,5.076484056189656
2953,5.266808904707432
2954,5.193118005990982
2955,5.575201008468866
2956,5.36818103864789
2957,5.533779971301556
2958,5.723003065213561
2959,5.004175007343292
2960,5.444345064461231
2961,5.426058080047369
2962,4.941651131957769
2963,4.780519055202603
2964,4.732137080281973
2965,4.321340937167406
2966,4.323955159634352
2967,4.4768438674509525
2968,5.428662057965994
2969,5.556473974138498
2970,5.42880198918283
2971,4.898316925391555
2972,4.05839690938592
2973,4.867020063102245
2974,5.285376915708184
2975,4.989563021808863
2976,5.417475011199713
2977,5.481560947373509
2978,4.6028930228203535
2979,4.383944906294346
2980,4.386379150673747
2981,4.332548007369041
2982,5.18942391499877
2983,4.6003591269254684
2984,4.389503039419651
2985,3.9898038376122713
2986,4.387411056086421
2987,4.8103551380336285
2988,4.720079014077783
2989,4.580260021612048
2990,4.7176459338516
2991,6.073768949136138
2992,4.799427930265665
2993,4.76990407332778
2994,4.963004030287266
2995,4.228672012686729
2996,4.309682874009013
2997,5.40183181874454
2998,4.6294832136482
2999,5.153699079528451
3000,4.279597895219922
3001,4.628260852769017
3002,4.893488949164748
3003,7.954680128023028
3004,5.9527079574763775
3005,6.355671910569072
3006,6.047199014574289
3007,5.522381979972124
3008,4.578095860779285
3009,5.168471951037645
3010,4.729053005576134
3011,4.461520817130804
3012,4.271005047485232
3013,4.443935118615627
3014,4.269542871043086
3015,4.450744949281216
3016,4.775332054123282
3017,5.098877940326929
3018,6.078086094930768
3019,4.345908062532544
3020,4.476113012060523
3021,5.115351872518659
3022,5.1954020746052265
3023,5.239438032731414
3024,4.757656017318368
3025,5.035180831328034
3026,4.330344032496214
3027,4.8748108092695475
3028,4.991005873307586
3029,5.237103905528784
3030,4.700789926573634
3031,4.709332948550582
3032,5.4346309043467045
3033,4.7333890106529
3034,4.736643983051181
3035,4.555501975119114
3036,4.899047082290053
3037,4.472477827221155
3038,5.249703070148826
3039,4.064606036990881
3040,4.98215202242136
3041,6.0937299858778715
3042,4.624655935913324
3043,4.933969816192985
3044,4.56606806255877
3045,5.1141909789294
3046,5.618315888568759
3047,4.938276018947363
3048,4.449141910299659
3049,4.449784057214856
3050,4.620759980753064
3051,5.292637972161174
3052,4.612097050994635
3053,4.261180991306901
3054,4.950664937496185
3055,4.165397025644779
3056,3.922934178262949
3057,4.144466016441584
3058,4.031687043607235
3059,4.238706780597568
3060,4.228672012686729
3061,3.9444458670914173
3062,4.118697019293904
3063,4.932707874104381
3064,4.431897075846791
3065,3.969073062762618
3066,4.310243995860219
3067,5.192338023334742
3068,4.617325030267239
3069,4.89410012960434
3070,5.133579019457102
3071,4.644244909286499
3072,4.323584958910942
3073,5.2766629960387945
3074,4.432657966390252
3075,4.432267975062132
3076,5.131947109475732
3077,4.255342995747924
3078,4.938607104122639
3079,4.380219150334597
3080,5.41183608584106
3081,4.916744073852897
3082,5.2532481495290995
3083,5.1513060461729765
3084,4.947740118950605
3085,4.665707005187869
3086,4.645066102966666
3087,4.376653814688325
3088,4.561421927064657
3089,5.319128045812249
3090,4.585097078233957
3091,4.353730008006096
3092,4.471406107768416
3093,4.170755157247186
3094,4.5156520791351795
3095,4.586318973451853
3096,4.981611855328083
3097,4.2496840469539165
3098,4.472478060051799
3099,4.029152914881706
3100,4.424766171723604
3101,4.079268081113696
3102,4.641862120479345
3103,3.816173179075122
3104,4.087931010872126
3105,4.7977459616959095
3106,4.747060127556324
3107,5.271386122331023
3108,4.616162972524762
3109,4.853117978200316
3110,4.44640894420445
3111,5.015892907977104
3112,4.803263815119863
3113,4.650274990126491
3114,3.710606135427952
3115,4.440499935299158
3116,4.507610108703375
3117,3.8034338504076004
3118,4.201231058686972
3119,4.825567128136754
3120,4.4851170387119055
3121,5.350865190848708
3122,4.9077600706368685
3123,4.706608830019832
3124,4.219368100166321
3125,4.104275023564696
3126,4.150816006585956
3127,3.6725879181176424
3128,3.791476832702756
3129,4.034850979223847
3130,4.195753019303083
3131,4.215882858261466
3132,3.627210156992078
3133,4.000109154731035
3134,4.15643397718668
3135,3.5936301574110985
3136,4.575441824272275
3137,5.246287910267711
3138,5.249523092061281
3139,4.739448893815279
3140,5.114621017128229
3141,5.010304972529411
3142,4.768691956996918
3143,4.603193840011954
3144,5.31887705437839
3145,5.403304006904364
3146,5.183093948289752
3147,5.144436145201325
3148,4.388310946524143
3149,4.502583062276244
3150,5.312909139320254
3151,5.3084311075508595
3152,4.719749093055725
3153,3.664575982838869
3154,4.276463994756341
3155,4.45104599930346
3156,6.203513126820326
3157,5.406499141827226
3158,4.0633040480315685
3159,4.255863139405847
3160,4.004305927082896
3161,5.399136804044247
3162,5.065357079729438
3163,4.5688520185649395
3164,5.8375459630042315
3165,6.763935089111328
3166,5.744636058807373
3167,5.3561830427497625
3168,5.191395059227943
3169,5.339558003470302
3170,4.871996818110347
3171,4.453900037333369
3172,4.425157094374299
3173,4.930895054712892
3174,5.296734161674976
3175,4.9126180820167065
3176,5.09332912042737
3177,5.56886219419539
3178,5.315022077411413
3179,6.103825056925416
3180,5.7684010826051235
3181,5.6646151933819056
3182,5.872657988220453
3183,5.896463058888912
3184,5.319368094205856
3185,4.970554960891604
3186,4.589652875438333
3187,4.928202135488391
3188,4.669293062761426
3189,5.469914060086012
3190,5.25368913076818
3191,5.5840949062258005
3192,5.644264863803983
3193,4.748411010950804
3194,4.605056019499898
3195,4.1614610236138105
3196,4.604315152391791
3197,4.19317907653749
3198,4.381972132250667
3199,4.199838032945991
3200,4.820639966055751
3201,4.539668094366789
3202,5.024805897846818
3203,5.278476048260927
3204,5.259297089651227
3205,4.412278067320585
3206,5.956633016467094
3207,4.585928050801158
3208,4.752628039568663
3209,4.430635133758187
3210,4.289944190531969
3211,4.952948074787855
3212,5.503844935446978
3213,4.307780880481005
3214,4.655692959204316
3215,4.960499936714768
3216,5.265497136861086
3217,4.2531590443104506
3218,4.557515028864145
3219,4.5875010546296835
3220,5.089213140308857
3221,4.337155027315021
3222,5.555341951549053
3223,4.616733873263001
3224,4.429233027622104
3225,3.9719671476632357
3226,4.483003867790103
3227,4.7435041051357985
3228,4.977244883775711
3229,4.361110040917993
3230,4.6925770584493876
3231,4.750806139782071
3232,4.731806926429272
3233,4.48389514349401
3234,5.6985660921782255
3235,4.703094018623233
3236,4.813369130715728
3237,4.571425961330533
3238,4.174601985141635
3239,4.117775009945035
3240,4.535943036898971
3241,5.415952997282147
3242,4.883584100753069
3243,4.517085151746869
3244,5.63890696503222
3245,5.324424942955375
3246,4.555661929771304
3247,4.65748505666852
3248,4.957134136930108
3249,4.061770858243108
3250,4.593428922817111
3251,5.6894030421972275
3252,4.934059921652079
3253,5.133559927344322
3254,5.182513035833836
3255,5.1821020897477865
3256,5.382943898439407
3257,4.861511057242751
3258,4.625407047569752
3259,4.981881007552147
3260,4.059618106111884
3261,4.503093892708421
3262,4.633829928934574
3263,4.32274304330349
3264,4.974270006641746
3265,4.953610012307763
3266,4.251266131177545
3267,4.059888888150454
3268,4.308811854571104
3269,4.008532036095858
3270,5.4558031260967255
3271,4.851074889302254
3272,5.075602093711495
3273,5.006758961826563
3274,4.515812965109944
3275,4.404796054586768
3276,4.339268198236823
3277,4.7834941651672125
3278,4.678386030718684
3279,4.599268082529306
3280,4.716383060440421
3281,4.71192691475153
3282,5.325496895238757
3283,4.6612711157649755
3284,4.503525095060468
3285,4.158036084845662
3286,4.985667997971177
3287,5.259419092908502
3288,4.349633120000362
3289,4.453820176422596
3290,4.444605903699994
3291,4.182592965662479
3292,4.338907077908516
3293,5.052527878433466
3294,4.718967014923692
3295,4.263644106686115
3296,4.047940950840712
3297,4.326377995312214
3298,3.710916033014655
3299,4.1287720669060946
3300,4.075371893122792
3301,4.209412960335612
3302,4.384025931358337
3303,4.177195020020008
3304,4.444536054506898
3305,4.319709027186036
3306,4.4837649911642075
3307,4.159218166023493
3308,4.875903017818928
3309,4.724955884739757
3310,4.93460102006793
3311,4.910864867269993
3312,5.17123588360846
3313,5.446688970550895
3314,5.468141054734588
3315,5.576453870162368
3316,5.474980920553207
3317,4.948422079905868
3318,5.024275043979287
3319,4.614521050825715
3320,6.051877047866583
3321,4.3042360339313745
3322,4.786279052495956
3323,4.972157999873161
3324,4.844555864110589
3325,4.493779968470335
3326,4.871457116678357
3327,4.806127864867449
3328,5.106168100610375
3329,4.792588064447045
3330,4.8201491590589285
3331,4.8712261486798525
3332,5.124815972521901
3333,5.3352119866758585
3334,5.060018971562386
3335,5.485927918925881
3336,4.999017110094428
3337,4.380990052595735
3338,4.504716955125332
3339,4.675551783293486
3340,4.703223938122392
3341,4.540720023214817
3342,4.317936021834612
3343,4.4366540387272835
3344,4.3220529332757
3345,4.569163080304861
3346,5.002984078601003
3347,4.38387505710125
3348,5.447729956358671
3349,4.3880511075258255
3350,4.006578819826245
3351,4.6787571627646685
3352,4.513710038736463
3353,4.730864893645048
3354,4.590875003486872
3355,5.397355183959007
3356,5.102152936160564
3357,4.471455933526158
3358,4.898887127637863
3359,4.423073958605528
3360,4.873128840699792
3361,4.265577998012304
3362,4.749903921037912
3363,5.1014618948102
3364,4.537384957075119
3365,4.461981821805239
3366,4.8449470195919275
3367,4.364897031337023
3368,5.431987112388015
3369,5.588792031630874
3370,4.845687886700034
3371,4.633128875866532
3372,5.610354011878371
3373,4.2542400769889355
3374,4.230385180562735
3375,4.354910925030708
3376,4.774079890921712
3377,3.704656148329377
3378,4.355052020400763
3379,5.140719935297966
3380,4.383004037663341
3381,4.626357927918434
3382,4.022133070975542
3383,3.9455569349229336
3384,4.86955395899713
3385,4.219227936118841
3386,3.8595080841332674
3387,4.177464870736003
3388,4.385097185149789
3389,3.5209909547120333
3390,4.453008994460106
3391,3.5632450599223375
3392,4.229563986882567
3393,3.9968041237443686
3394,4.651156021282077
3395,4.904985893517733
3396,4.836923908442259
3397,4.125226987525821
3398,4.319789120927453
3399,5.632898071780801
3400,4.981972044333816
3401,5.114451050758362
3402,4.735913127660751
3403,3.7777458783239126
3404,3.74984391964972
3405,4.471206106245518
3406,4.375952994450927
3407,4.167790990322828
3408,5.116834072396159
3409,4.37696510925889
3410,3.748691873624921
3411,4.302873043343425
3412,4.154980881139636
3413,5.161170847713947
3414,5.457504885271192
3415,5.7515359949320555
3416,4.241602029651403
3417,3.9816219359636307
3418,4.1278509888798
3419,4.423605045303702
3420,4.079038044437766
3421,4.478706978261471
3422,4.209873033687472
3423,3.9063089061528444
3424,3.83403105661273
3425,3.8108350709080696
3426,4.283383954316378
3427,3.82616906426847
3428,3.5184561274945736
3429,4.073068033903837
3430,4.018466919660568
3431,4.422943107783794
3432,4.5054268557578325
3433,5.189183168113232
3434,4.232447827234864
3435,4.117023898288608
3436,4.2599590960890055
3437,4.111455986276269
3438,4.186528967693448
3439,3.934802021831274
3440,4.960859892889857
3441,5.101209972053766
3442,5.6035739835351706
3443,5.4693520069122314
3444,4.657995887100697
3445,5.709141958504915
3446,4.4671399518847466
3447,5.0162330735474825
3448,4.4309350196272135
3449,4.249092889949679
3450,4.064645851030946
3451,4.898837069049478
3452,4.198185866698623
3453,4.203554010018706
3454,4.645718028768897
3455,4.704104969277978
3456,4.457745002582669
3457,4.024356137961149
3458,4.211525898426771
3459,4.251115955412388
3460,4.128130851313472
3461,4.1795289143919945
3462,4.2117859702557325
3463,4.144606180489063
3464,4.83928807079792
3465,4.241281189024448
3466,4.364756867289543
3467,5.788781912997365
3468,5.118086002767086
3469,6.617604987695813
3470,5.311907036229968
3471,5.46010909602046
3472,4.886468173936009
3473,5.036394111812115
3474,4.056675126776099
3475,4.621702013537288
3476,4.276463994756341
3477,3.763464977964759
3478,3.9752619341015816
3479,4.929292947053909
3480,5.54777099750936
3481,5.474040051922202
3482,4.898926941677928
3483,5.179729079827666
3484,4.657556070014834
3485,4.805577918887138
3486,4.649132955819368
3487,4.820910049602389
3488,4.751286003738642
3489,5.132817896082997
3490,5.305518163368106
3491,5.867549916729331
3492,5.66081004217267
3493,5.768862087279558
3494,4.667109809815884
3495,5.170113872736692
3496,4.888392053544521
3497,5.155942868441343
3498,5.4215011186897755
3499,5.05842687562108
3500,5.314611131325364
3501,5.361251067370176
3502,4.8374750185757875
3503,4.925326909869909
3504,5.395322106778622
3505,5.139377899467945
3506,4.812647821381688
3507,4.821712151169777
3508,4.9136190209537745
3509,4.193438915535808
3510,4.7798678278923035
3511,4.463213961571455
3512,4.314811900258064
3513,4.419628996402025
3514,4.428921965882182
3515,4.531666170805693
3516,4.582923837006092
3517,5.135292187333107
3518,4.844105802476406
3519,5.159458145499229
3520,5.063463933765888
3521,5.7836840860545635
3522,6.014900980517268
3523,5.781861022114754
3524,5.785927874967456
3525,5.797595018520951
3526,6.213178159669042
3527,5.095442058518529
3528,5.008151056244969
3529,5.371677223592997
3530,5.235081072896719
3531,4.974840907379985
3532,5.868020933121443
3533,4.966469015926123
3534,5.166067974641919
3535,5.4578459821641445
3536,4.709001863375306
3537,4.853839986026287
3538,5.359207978472114
3539,4.243375035002828
3540,4.05024504289031
3541,4.708261927589774
3542,4.279809072613716
3543,4.063763888552785
3544,4.673558985814452
3545,4.5192178804427385
3546,4.963924875482917
3547,4.854690982028842
3548,5.249773850664496
3549,4.7127678990364075
3550,5.189243005588651
3551,5.1808098796755075
3552,4.736963892355561
3553,4.890735959634185
3554,4.4088230933994055
3555,4.933378892019391
3556,5.740068852901459
3557,4.834691062569618
3558,4.781140945851803
3559,4.810384940356016
3560,4.375822842121124
3561,4.694340052083135
3562,4.947950830683112
3563,4.75618289783597
3564,4.827800905331969
3565,4.765768069773912
3566,5.025737918913364
3567,5.2962941117584705
3568,4.911636933684349
3569,5.477044964209199
3570,4.898045910522342
3571,5.131626036018133
3572,5.089824087917805
3573,5.939827999100089
3574,5.225346889346838
3575,4.906909074634314
3576,4.9797589890658855
3577,5.913638975471258
3578,5.099888890981674
3579,7.150924997404218
3580,6.015592021867633
3581,4.875211976468563
3582,4.6555520966649055
3583,5.59509196318686
3584,5.17573207616806
3585,4.677294986322522
3586,4.793709143996239
3587,4.639617865905166
3588,4.215541994199157
3589,4.7082919627428055
3590,4.650394897907972
3591,4.767479840666056
3592,4.52960398979485
3593,4.629543051123619
3594,5.238977028056979
3595,4.776474088430405
3596,4.562431946396828
3597,4.968611989170313
3598,5.303695099428296
3599,4.742893157526851
3600,4.6871688682585955
3601,4.3898639269173145
3602,4.7745301853865385
3603,4.712807945907116
3604,4.2545609176158905
3605,5.069363163784146
3606,4.614940844476223
3607,4.765526857227087
3608,4.513580119237304
3609,5.145137198269367
3610,5.573728820309043
3611,5.395802902057767
3612,5.074791144579649
3613,4.812787985429168
3614,5.179147934541106
3615,4.988712025806308
3616,4.169032908976078
3617,4.81187691912055
3618,3.9800989907234907
3619,4.487619968131185
3620,4.344544839113951
3621,5.566618870943785
3622,4.693720024079084
3623,5.002863937988877
3624,4.9289928283542395
3625,4.726218990981579
3626,3.993620164692402
3627,4.419479053467512
3628,4.248121054843068
3629,4.912536824122071
3630,4.097014898434281
3631,4.198726965114474
3632,4.469133215025067
3633,4.705778090283275
3634,4.989522974938154
3635,4.3723678681999445
3636,5.465095862746239
3637,4.709482891485095
3638,4.042262909933925
3639,4.615801852196455
3640,4.6064890921115875
3641,4.537716042250395
3642,4.1443160735070705
3643,4.896703874692321
3644,4.349672934040427
3645,4.537144908681512
3646,4.968100925907493
3647,5.300138844177127
3648,4.921711049973965
3649,5.276563810184598
3650,5.145075963810086
3651,4.249081946909428
3652,4.6451459638774395
3653,5.104656098410487
3654,5.1812210585922
3655,4.354652017354965
3656,4.390344023704529
3657,4.4743509497493505
3658,3.7939599715173244
3659,4.640839993953705
3660,4.349753959104419
3661,4.800599999725819
3662,4.864915972575545
3663,4.16040001437068
3664,3.948371857404709
3665,4.450024105608463
3666,3.8495140615850687
3667,5.275913048535585
3668,4.1763929184526205
3669,3.7452480755746365
3670,4.838896915316582
3671,4.528702003881335
3672,5.490795010700822
3673,5.401110975071788
3674,4.40661795437336
3675,4.612267017364502
3676,4.547039978206158
3677,5.1360828801989555
3678,4.6129480469971895
3679,5.228071007877588
3680,4.489513114094734
3681,4.488412057980895
3682,4.1488918941468
3683,5.255853058770299
3684,4.867881070822477
3685,5.77629404142499
3686,5.257625132799149
3687,5.766097921878099
3688,5.110704805701971
3689,4.689752822741866
3690,5.6160129606723785
3691,5.373067921027541
3692,4.830223973840475
3693,4.598086001351476
3694,4.822121933102608
3695,4.574110032990575
3696,4.265076015144587
3697,4.443835001438856
3698,4.501670831814408
3699,4.6230938751250505
3700,3.9586268831044436
3701,4.068471025675535
3702,4.2346210684627295
3703,4.994180053472519
3704,5.708222044631839
3705,5.402984097599983
3706,4.804485943168402
3707,4.983213962987065
3708,5.402582930400968
3709,4.933058051392436
3710,5.300750024616718
3711,4.681401886045933
3712,4.668510984629393
3713,4.6369151677936316
3714,5.080600036308169
3715,5.217124009504914
3716,5.368361948058009
3717,4.80063003487885
3718,4.58231195807457
3719,4.4828730169683695
3720,5.1548711489886045
3721,5.180881125852466
3722,4.830955993384123
3723,4.781011026352644
3724,3.8230239879339933
3725,4.772949032485485
3726,4.828222095966339
3727,5.077935988083482
3728,4.933548858389258
3729,4.890824900940061
3730,4.534921143203974
3731,4.410944879055023
3732,4.395702853798866
3733,4.124606028199196
3734,4.503663862124085
3735,4.570674849674106
3736,5.006168037652969
3737,5.411626771092415
3738,5.148472031578422
3739,5.551827140152454
3740,4.750935127958655
3741,3.8557930383831263
3742,4.556092899292707
3743,4.20200196094811
3744,4.4966640416532755
3745,4.368601832538843
3746,4.808852914720774
3747,4.998607095330954
3748,4.325647838413715
3749,4.160880809649825
3750,4.721370991319418
3751,4.404305946081877
3752,4.748261999338865
3753,4.310565069317818
3754,4.5527080073952675
3755,5.02196210436523
3756,4.604045068845153
3757,4.811706952750683
3758,5.063934950158
3759,4.790504928678274
3760,4.578836960718036
3761,4.520901013165712
3762,4.101380938664079
3763,4.602303029969335
3764,4.3642648961395025
3765,5.02364500425756
3766,4.812317900359631
3767,3.9817921351641417
3768,4.253569059073925
3769,5.0130190793424845
3770,4.674921045079827
3771,4.508401034399867
3772,5.098957102745771
3773,5.154300946742296
3774,4.20111115090549
3775,5.1708349492400885
3776,4.775962792336941
3777,4.248652141541243
3778,4.643805092200637
3779,4.171907203271985
3780,4.378126002848148
3781,4.203584045171738
3782,4.306568996980786
3783,4.7645659651607275
3784,5.108912009745836
3785,4.123434890061617
3786,4.408431937918067
3787,4.018977051600814
3788,4.692306974902749
3789,4.7838950995355844
3790,4.801770905032754
3791,4.113850183784962
3792,4.068732028827071
3793,4.463854944333434
3794,3.863194026052952
3795,3.9634339045733213
3796,3.763064043596387
3797,4.387200111523271
3798,4.060410195961595
3799,4.21390007250011
3800,4.28904197178781
3801,4.1213310323655605
3802,3.772878088057041
3803,3.7194089964032173
3804,4.254801198840141
3805,4.009994212538004
3806,3.630866063758731
3807,3.917685942724347
3808,3.8504349067807198
3809,4.248402081429958
3810,3.9490628987550735
3811,3.9510359056293964
3812,3.902724012732506
3813,4.036483820527792
3814,4.043994937092066
3815,3.9056469686329365
3816,3.9773450698703527
3817,4.0422119200229645
3818,3.6311561707407236
3819,3.9892829954624176
3820,4.46123001165688
3821,4.138526972383261
3822,4.672328010201454
3823,4.695070907473564
3824,5.16911200247705
3825,5.132908932864666
3826,4.507018951699138
3827,4.554209997877479
3828,4.903244087472558
3829,4.007078940048814
3830,4.147740080952644
3831,3.6266089882701635
3832,3.9199190214276314
3833,3.676303895190358
3834,4.450665088370442
3835,4.413850139826536
3836,4.569262964650989
3837,4.088542191311717
3838,4.143915139138699
3839,4.018465988337994
3840,4.363924963399768
3841,4.123134072870016
3842,4.288000985980034
3843,5.001050885766745
3844,4.0941310580819845
3845,4.388252040371299
3846,4.290685057640076
3847,3.947691060602665
3848,4.292288096621633
3849,4.661360988393426
3850,3.747300012037158
3851,5.196233978495002
3852,4.527070093899965
3853,5.25682489387691
3854,4.251617006957531
3855,4.285348113626242
3856,4.2513960506767035
3857,3.9651670958846807
3858,4.1676899418234825
3859,4.600339801982045
3860,4.9336489755660295
3861,4.288872005417943
3862,4.57738502882421
3863,4.197294823825359
3864,4.239298170432448
3865,4.692979156970978
3866,4.70342393964529
3867,4.3523781932890415
3868,4.208562197163701
3869,4.4722468592226505
3870,4.48933313600719
3871,4.156573908403516
3872,4.335873061791062
3873,4.13587293587625
3874,4.543403862044215
3875,4.909642972052097
3876,4.274630919098854
3877,3.9594480767846107
3878,3.82415484637022
3879,4.402492893859744
3880,3.9752419106662273
3881,5.2207401022315025
3882,4.766338039189577
3883,4.858746891841292
3884,4.1141200345009565
3885,4.8599389847368
3886,4.352197051048279
3887,4.797915928065777
3888,4.7440549824386835
3889,5.355843110010028
3890,4.3295929208397865
3891,4.396704025566578
3892,5.15800598077476
3893,4.604025045409799
3894,4.858516855165362
3895,4.244486102834344
3896,5.100729176774621
3897,4.9823320005089045
3898,4.359547980129719
3899,4.59293881431222
3900,4.237514920532703
3901,4.4371148105710745
3902,4.448983119800687
3903,4.255953012034297
3904,4.128332016989589
3905,4.528842866420746
3906,3.912388114258647
3907,4.149002023041248
3908,4.044305067509413
3909,3.6923070438206196
3910,3.9156631100922823
3911,3.9839050732553005
3912,4.886959213763475
3913,4.594170954078436
3914,4.277314990758896
3915,5.387439858168364
3916,3.9978560525923967
3917,4.509202903136611
3918,4.897014005109668
3919,4.92611899971962
3920,4.436854971572757
3921,5.240980070084333
3922,4.573408979922533
3923,4.450204083696008
3924,4.640739876776934
3925,4.183595068752766
3926,3.9631540421396494
3927,4.157454939559102
3928,4.405296873301268
3929,4.547551041468978
3930,4.523824900388718
3931,4.0958228055387735
3932,3.684756113216281
3933,4.289143020287156
3934,4.532326944172382
3935,4.834681050851941
3936,4.616974852979183
3937,4.506768891587853
3938,4.54444601200521
3939,4.475753055885434
3940,4.378977930173278
3941,4.653949989005923
3942,5.461500957608223
3943,5.008530803024769
3944,5.240770056843758
3945,6.056423066183925
3946,5.209463881328702
3947,4.663074156269431
3948,4.124495899304748
3949,4.437706200405955
3950,4.9644350074231625
3951,4.578877938911319
3952,5.4728989489376545
3953,5.416082916781306
3954,5.466939182952046
3955,5.766970105469227
3956,4.560850095003843
3957,4.688602173700929
3958,4.220268921926618
3959,5.5451770313084126
3960,4.9027130007743835
3961,5.311936140060425
3962,5.100880051031709
3963,5.433039041236043
3964,5.205086898058653
3965,4.971476038917899
3966,4.95431013405323
3967,4.988702014088631
3968,4.601591033861041
3969,4.438746953383088
3970,4.549704026430845
3971,5.1924369763582945
3972,5.334059940651059
3973,5.123334005475044
3974,5.848631961271167
3975,5.246467888355255
3976,4.470324143767357
3977,5.103002768009901
3978,4.658265970647335
3979,4.7510049771517515
3980,5.6243950966745615
3981,4.627299960702658
3982,5.171084776520729
3983,4.918256076052785
3984,4.563504131510854
3985,4.142272053286433
3986,4.231165861710906
3987,4.100078949704766
3988,4.1501440573483706
3989,4.31458093225956
3990,4.213879816234112
3991,4.295862978324294
3992,4.15445095859468
3993,4.166619153693318
3994,4.2396788485348225
3995,4.364365013316274
3996,4.029453033581376
3997,4.200950032100081
3998,4.409033106639981
3999,4.642923129722476
4000,4.607300041243434
4001,4.637084901332855
4002,5.026147933676839
4003,6.390994880348444
4004,5.5910749360919
4005,4.787469981238246
4006,4.520389949902892
4007,4.335211822763085
4008,4.200909985229373
4009,4.35464084148407
4010,3.898457158356905
4011,4.892687778919935
4012,3.853078931570053
4013,4.663974978029728
4014,4.092057002708316
4015,4.1011308785527945
4016,4.361130995675921
4017,4.733519861474633
4018,4.7242650762200356
4019,4.285957897081971
4020,4.247540840879083
4021,4.359748912975192
4022,4.293899983167648
4023,4.1427831165492535
4024,4.201331874355674
4025,4.372888943180442
4026,4.321210784837604
4027,5.1428331062197685
4028,4.844645969569683
4029,4.166499013081193
4030,4.450926091521978
4031,4.1473000310361385
4032,4.187349928542972
4033,3.8838249165564775
4034,4.799488000571728
4035,4.768603015691042
4036,4.269483964890242
4037,4.1591080371290445
4038,4.995943047106266
4039,4.410323919728398
4040,4.013369092717767
4041,4.148642066866159
4042,3.981752088293433
4043,4.223333904519677
4044,4.418806871399283
4045,4.655841970816255
4046,4.603513982146978
4047,4.157185088843107
4048,4.087571054697037
4049,4.138185875490308
4050,3.961130976676941
4051,4.135973053053021
4052,4.647810943424702
4053,4.4623629655689
4054,4.5175449922680855
4055,4.979387857019901
4056,4.958325996994972
4057,5.05902711302042
4058,5.052468040958047
4059,4.908422008156776
4060,4.097654949873686
4061,4.624406108632684
4062,4.216704983264208
4063,4.194359993562102
4064,4.037274979054928
4065,3.968792036175728
4066,4.956132965162396
4067,4.692147020250559
4068,4.50975401327014
4069,4.356614081189036
4070,5.18409488722682
4071,5.667389836162329
4072,4.84702899120748
4073,4.336012993007898
4074,4.213809967041016
4075,4.492186941206455
4076,4.895071964710951
4077,4.758025985211134
4078,5.425727926194668
4079,4.833237966522574
4080,4.492198117077351
4081,4.943663952872157
4082,5.1449560560286045
4083,4.331306088715792
4084,4.233358893543482
4085,4.344525979831815
4086,3.9974749088287354
4087,4.226027987897396
4088,4.110164940357208
4089,5.062512122094631
4090,4.909101873636246
4091,5.673959152773023
4092,4.485327051952481
4093,6.981030106544495
4094,5.030434112995863
4095,4.7750710509717464
4096,4.078757017850876
4097,4.637375939637423
4098,4.68182098120451
4099,4.474770976230502
4100,4.57092490978539
4101,4.802403040230274
4102,5.19629311747849
4103,5.3680408746004105
4104,5.279218079522252
4105,4.319018218666315
4106,4.262462956830859
4107,4.439348122105002
4108,4.107580985873938
4109,4.281842149794102
4110,4.647039109840989
4111,5.318145966157317
4112,4.472557920962572
4113,4.6321379486471415
4114,5.142782814800739
4115,4.461211152374744
4116,4.034650977700949
4117,4.402693826705217
4118,4.88715898245573
4119,4.632898839190602
4120,5.691776052117348
4121,4.482832970097661
4122,3.820038866251707
4123,5.068321013823152
4124,5.038687027990818
4125,5.22636785171926
4126,4.625007044523954
4127,4.778686910867691
4128,5.427619908004999
4129,4.967340035364032
4130,4.72963391803205
4131,4.356793826445937
4132,4.7161339316517115
4133,4.411597037687898
4134,4.859067965298891
4135,4.047741182148457
4136,4.120760131627321
4137,3.5869998391717672
4138,4.57042409107089
4139,4.523623967543244
4140,3.9851469919085503
4141,3.9832741022109985
4142,4.044386092573404
4143,4.2059579864144325
4144,4.737034905701876
4145,5.619908915832639
4146,5.4363340605050325
4147,5.383203970268369
4148,4.678517114371061
4149,4.446228034794331
4150,5.0506750121712685
4151,4.568692063912749
4152,4.162803990766406
4153,4.380499944090843
4154,5.4001889657229185
4155,4.876784048974514
4156,4.695020848885179
4157,4.76698880083859
4158,4.037436097860336
4159,4.489713115617633
4160,5.44358417391777
4161,4.808091092854738
4162,4.98037994839251
4163,5.00432588160038
4164,4.853059072047472
4165,5.039598094299436
4166,4.367199959233403
4167,4.137546056881547
4168,4.648190923035145
4169,5.1849158480763435
4170,4.498837981373072
4171,4.076673882082105
4172,5.323294084519148
4173,4.696192918345332
4174,5.070253973826766
4175,5.137694999575615
4176,4.573408979922533
4177,4.34627803042531
4178,4.722201963886619
4179,4.218326881527901
4180,5.690285004675388
4181,4.736914066597819
4182,4.305757815018296
4183,4.441040102392435
4184,4.264645976945758
4185,4.270364996045828
4186,5.146749084815383
4187,4.526908975094557
4188,4.203415010124445
4189,4.956433083862066
4190,4.736734787002206
4191,5.774610210210085
4192,3.9945009630173445
4193,4.266608972102404
4194,4.664154956117272
4195,4.63441014289856
4196,6.74561713822186
4197,6.546888966113329
4198,4.930143943056464
4199,4.649473121389747
4200,4.727721214294434
4201,4.377616103738546
4202,4.151287022978067
4203,6.443724036216736
4204,5.159358028322458
4205,4.934269934892654
4206,5.360990995541215
4207,5.281881894916296
4208,5.859107011929154
4209,5.20583800971508
4210,4.274780862033367
4211,4.433648893609643
4212,4.346898989751935
4213,4.374100128188729
4214,4.858626984059811
4215,4.179529147222638
4216,4.349853144958615
4217,3.93081596121192
4218,4.030494950711727
4219,4.415513016283512
4220,5.509553011506796
4221,4.554671002551913
4222,4.437925992533565
4223,4.768141079694033
4224,5.35962893627584
4225,4.635070916265249
4226,5.696612875908613
4227,4.771396052092314
4228,4.626598907634616
4229,4.5417919754981995
4230,6.108680972829461
4231,6.104034837335348
4232,4.8521768767386675
4233,4.45613288320601
4234,3.993519116193056
4235,4.28791088052094
4236,4.480879986658692
4237,4.550464916974306
4238,5.25661394931376
4239,3.905456978827715
4240,4.114892100915313
4241,4.395151976495981
4242,5.007811123505235
4243,5.664224969223142
4244,5.686489166691899
4245,6.240718998014927
4246,5.8880208525806665
4247,5.110024008899927
4248,4.699198063462973
4249,4.508411977440119
4250,4.035683115944266
4251,4.136273870244622
4252,3.8487729616463184
4253,4.12492617033422
4254,3.9296830072999
4255,3.9351109880954027
4256,4.7916260082274675
4257,4.217574838548899
4258,4.829973913729191
4259,4.254671046510339
4260,4.184455843642354
4261,4.497685935348272
4262,5.034941015765071
4263,4.194380948320031
4264,4.390164045616984
4265,3.8823732174932957
4266,5.0358830485492945
4267,5.488070892170072
4268,4.502142081037164
4269,4.893559031188488
4270,4.549472825601697
4271,4.097565077245235
4272,4.478567047044635
4273,3.9364041294902563
4274,4.108842927962542
4275,4.588081035763025
4276,4.1129388846457005
4277,5.121621070429683
4278,5.357315065339208
4279,4.976994823664427
4280,5.162402987480164
4281,4.711957182735205
4282,4.962272010743618
4283,4.499597940593958
4284,4.219519207254052
4285,4.182542907074094
4286,4.968682071194053
4287,4.50548785738647
4288,4.090484930202365
4289,4.923473810777068
4290,4.851336125284433
4291,4.894280107691884
4292,5.360580049455166
4293,4.727730993181467
4294,4.755801986902952
4295,4.215212073177099
4296,4.112598020583391
4297,4.3932287953794
4298,4.21251798979938
4299,4.278957843780518
4300,4.321261076256633
4301,4.392196889966726
4302,4.132247995585203
4303,3.620981005951762
4304,3.6575160920619965
4305,4.296924918889999
4306,4.31470200419426
4307,3.9470188785344362
4308,4.680379992350936
4309,4.871796816587448
4310,4.9097437877207994
4311,4.22463589347899
4312,3.7480720784515142
4313,4.275882849469781
4314,4.552517784759402
4315,4.620749969035387
4316,4.687009146437049
4317,4.3837151024490595
4318,4.846278112381697
4319,4.47375001385808
4320,4.292438039556146
4321,4.534070147201419
4322,4.221360897645354
4323,4.425297025591135
4324,4.909052047878504
4325,5.406438838690519
4326,4.946038126945496
4327,4.9332790076732635
4328,4.476004047319293
4329,4.685166059061885
4330,3.84728005155921
4331,3.9393380284309387
4332,4.516853950917721
4333,4.741631913930178
4334,4.470304818823934
4335,4.561390960589051
4336,4.982632817700505
4337,5.4326781537383795
4338,4.570404998958111
4339,4.700639983639121
4340,5.32357394695282
4341,5.378897069022059
4342,4.2461189441382885
4343,4.160469863563776
4344,3.5961540415883064
4345,3.724735928699374
4346,4.181430907920003
4347,4.807000048458576
4348,4.885026952251792
4349,4.577894927933812
4350,4.172937944531441
4351,4.491477040573955
4352,5.140539957210422
4353,4.55525191500783
4354,5.389051977545023
4355,4.850064171478152
4356,3.970063989982009
4357,4.371275892481208
4358,4.520330112427473
4359,4.522562958300114
4360,4.621330881491303
4361,4.727420164272189
4362,4.081321880221367
4363,3.6659380421042442
4364,4.138648044317961
4365,4.146228078752756
4366,4.282263107597828
4367,4.149783169850707
4368,5.094389896839857
4369,5.162211833521724
4370,4.452989203855395
4371,4.235211992636323
4372,3.9382060058414936
4373,4.556683823466301
4374,3.534510964527726
4375,4.067891044542193
4376,4.482834134250879
4377,3.478938015177846
4378,4.685417050495744
4379,4.3646658305078745
4380,4.793959902599454
4381,4.627510905265808
4382,4.955613054335117
4383,4.366649081930518
4384,4.84692002646625
4385,4.797215107828379
4386,4.702331963926554
4387,4.932949086651206
4388,4.5902549754828215
4389,4.652657778933644
4390,5.573919042944908
4391,3.806588938459754
4392,4.94039012119174
4393,4.277755971997976
4394,4.205117002129555
4395,4.437125055119395
4396,5.233408883213997
4397,5.0525180995464325
4398,5.415651947259903
4399,5.227761110290885
4400,4.219338996335864
4401,4.170706029981375
4402,4.658275982365012
4403,4.577054874971509
4404,5.345927784219384
4405,3.7822530139237642
4406,4.513599909842014
4407,5.180048989132047
4408,4.380500176921487
4409,4.430714994668961
4410,4.495491972193122
4411,4.585356917232275
4412,4.263614071533084
4413,4.231736995279789
4414,3.810255089774728
4415,4.2834049090743065
4416,4.260980989784002
4417,4.3337789829820395
4418,4.678176017478108
4419,4.506197990849614
4420,4.397996002808213
4421,4.080699989572167
4422,4.210805054754019
4423,4.8736389726400375
4424,4.144324921071529
4425,5.023143952712417
4426,5.1147909834980965
4427,4.237455083057284
4428,4.427199950441718
4429,4.207510966807604
4430,4.865827038884163
4431,4.25967900082469
4432,4.259088076651096
4433,4.114420851692557
4434,4.125667968764901
4435,5.0910660065710545
4436,5.409582983702421
4437,4.698406904935837
4438,4.545166855677962
4439,4.491485888138413
4440,4.286449169740081
4441,4.554270999506116
4442,4.122782964259386
4443,4.071115981787443
4444,4.352607997134328
4445,4.577985964715481
4446,4.366077948361635
4447,4.523084033280611
4448,4.434060072526336
4449,4.781531868502498
4450,4.669404122978449
4451,3.961751936003566
4452,4.200480179861188
4453,5.421872017905116
4454,4.307260038331151
4455,4.982943180948496
4456,4.964125109836459
4457,5.3259979467839
4458,5.238005891442299
4459,4.657125100493431
4460,4.731986904516816
4461,4.338335944339633
4462,4.6476200222969055
4463,5.728662014007568
4464,4.896634025499225
4465,4.742413060739636
4466,4.444725811481476
4467,4.156693816184998
4468,4.506398923695087
4469,4.056303994730115
4470,4.397065145894885
4471,4.698486998677254
4472,4.77562309242785
4473,4.668541951104999
4474,4.4411111157387495
4475,5.195012083277106
4476,4.035782068967819
4477,5.27821690775454
4478,4.514251137152314
4479,4.676813958212733
4480,4.262513015419245
4481,4.643253982067108
4482,4.474330926313996
4483,4.647149005904794
4484,4.433680092915893
4485,4.717214964330196
4486,4.209963837638497
4487,4.574440885335207
4488,4.762112163007259
4489,4.185567842796445
4490,5.004476057365537
4491,4.898005863651633
4492,4.910684889182448
4493,4.725727951154113
4494,4.301921930164099
4495,5.233799805864692
4496,4.338436061516404
4497,4.206908866763115
4498,4.110263893380761
4499,3.66048002615571
4500,4.426899831742048
4501,4.488672129809856
4502,4.259508103132248
4503,4.031046060845256
4504,4.4622221030294895
4505,4.232126986607909
4506,4.098496865481138
4507,4.068351816385984
4508,4.381720907986164
4509,5.326688988134265
4510,4.71686408855021
4511,4.157875897362828
4512,4.459457937628031
4513,4.482081858441234
4514,4.284094786271453
4515,4.686699947342277
4516,4.945407155901194
4517,4.48035984300077
4518,4.069813992828131
4519,4.008390940725803
4520,4.113118862733245
4521,4.3565938249230385
4522,4.107299959287047
4523,4.374840995296836
4524,4.190624924376607
4525,4.231887171044946
4526,4.035972990095615
4527,3.495302051305771
4528,3.5182470455765724
4529,4.39659389667213
4530,4.004906862974167
4531,4.296544007956982
4532,6.842182017862797
4533,4.807920893654227
4534,5.435551982372999
4535,4.670694936066866
4536,4.464216064661741
4537,4.390914924442768
4538,4.012068035081029
4539,4.263994982466102
4540,5.583042977377772
4541,4.89271804690361
4542,4.017625004053116
4543,3.529113018885255
4544,4.365467932075262
4545,5.12720993719995
4546,4.93268808349967
4547,5.246418993920088
4548,4.401551093906164
4549,4.3120370246469975
4550,4.178476985543966
4551,4.372888943180442
4552,4.378647077828646
4553,4.663493949919939
4554,4.8381558153778315
4555,4.748801933601499
4556,4.993228940293193
4557,4.064545966684818
4558,4.447190091013908
4559,4.4068689458072186
4560,5.651355953887105
4561,4.848120966926217
4562,5.328312050551176
4563,5.229594185948372
4564,4.47978894226253
4565,4.592838929966092
4566,4.439157899469137
4567,4.515181062743068
4568,4.583403933793306
4569,4.1971649043262005
4570,4.072136944159865
4571,4.445757018402219
4572,4.206047859042883
4573,5.161250941455364
4574,4.80277300812304
4575,3.9254180155694485
4576,3.8774251006543636
4577,4.633338889107108
4578,5.141220986843109
4579,4.362253006547689
4580,4.727991065010428
4581,4.368901951238513
4582,3.965146839618683
4583,4.202553071081638
4584,4.18489589355886
4585,5.019529024139047
4586,4.702182020992041
4587,5.539267091080546
4588,5.2834139205515385
4589,4.604376154020429
4590,4.903032910078764
4591,5.319408141076565
4592,4.801310831680894
4593,4.705697996541858
4594,4.506289027631283
4595,4.155231872573495
4596,4.5437440276145935
4597,4.5152821112424135
4598,4.414631053805351
4599,4.316903883591294
4600,4.553989972919226
4601,6.497114896774292
4602,5.178827093914151
4603,4.402993945404887
4604,4.603854846209288
4605,4.884895868599415
4606,4.438305972144008
4607,4.930544877424836
4608,5.031306063756347
4609,6.366007961332798
4610,5.204424960538745
4611,5.082812858745456
4612,5.567430052906275
4613,5.7967540342360735
4614,4.144195932894945
4615,4.338977858424187
4616,4.109964007511735
4617,4.183924989774823
4618,4.0550020057708025
4619,5.12919295579195
4620,3.702573012560606
4621,4.278067033737898
4622,4.540420137345791
4623,4.40452597104013
4624,4.038686864078045
4625,3.8843259681016207
4626,4.498867085203528
4627,7.091456092894077
4628,5.046088015660644
4629,4.8939199186861515
4630,4.440749995410442
4631,5.772999022156
4632,5.061761941760778
4633,3.6483420990407467
4634,4.5257380697876215
4635,5.932667991146445
4636,5.539577919989824
4637,5.789762828499079
4638,5.927308928221464
4639,5.388813093304634
4640,5.426108138635755
4641,5.784665932878852
4642,4.7838950995355844
4643,5.489442963153124
4644,4.855521954596043
4645,5.2868390921503305
4646,5.468782037496567
4647,5.637765862047672
4648,4.948390880599618
4649,5.209232913330197
4650,5.671365885064006
4651,5.544155137613416
4652,5.899708019569516
4653,5.040299147367477
4654,5.095202010124922
4655,7.32201081700623
4656,5.5090931709855795
4657,5.9827330987900496
4658,5.864935927093029
4659,4.872618010267615
4660,5.251206224784255
4661,4.5953120570629835
4662,4.201300907880068
4663,5.268330918624997
4664,5.621301010251045
4665,5.18248206935823
4666,4.668692126870155
4667,4.1377858724445105
4668,4.226127872243524
4669,3.752458142116666
4670,5.399598041549325
4671,5.129594122990966
4672,5.206008208915591
4673,5.2036449778825045
4674,4.894870799034834
4675,5.363234085962176
4676,4.8705050721764565
4677,4.10132110118866
4678,4.888020921498537
4679,4.016383085399866
4680,4.6094730496406555
4681,4.739006981253624
4682,5.01454109326005
4683,4.792958963662386
4684,5.191986914724112
4685,5.609193118289113
4686,5.180950043722987
4687,5.112498067319393
4688,4.9872491508722305
4689,5.712907994166017
4690,5.36251300945878
4691,4.97749587520957
4692,5.332547007128596
4693,5.117706023156643
4694,4.133658949285746
4695,4.320089006796479
4696,4.176173824816942
4697,4.086178028956056
4698,5.064045079052448
4699,5.7613111566752195
4700,4.427991108968854
4701,4.655763041228056
4702,4.781912080943584
4703,4.649413051083684
4704,3.776113037019968
4705,4.058266058564186
4706,3.6312260199338198
4707,4.2332790326327085
4708,4.263433860614896
4709,4.138467134907842
4710,4.769673105329275
4711,5.30806090682745
4712,5.138135980814695
4713,4.699088167399168
4714,4.550284007564187
4715,4.729161970317364
4716,4.553660051897168
4717,5.598275922238827
4718,4.83151595108211
4719,4.983003018423915
4720,4.311627009883523
4721,4.019849002361298
4722,4.768893122673035
4723,4.7903950326144695
4724,4.54451609402895
4725,4.906107904389501
4726,4.762823926284909
4727,4.9995980225503445
4728,5.30078005976975
4729,5.184435052797198
4730,5.058365873992443
4731,6.3607399351894855
4732,5.832847906276584
4733,5.274601047858596
4734,4.304636036977172
4735,4.477164009585977
4736,4.562643123790622
4737,4.284825874492526
4738,4.2716271709650755
4739,4.32566786184907
4740,4.505077144131064
4741,4.082222003489733
4742,4.4345310889184475
4743,4.2212409898638725
4744,4.172679036855698
4745,4.434079863131046
4746,3.828252200037241
4747,4.03809710405767
4748,3.901531919836998
4749,4.260389832779765
4750,4.427991108968854
4751,4.891225835308433
4752,4.456212976947427
4753,4.447199869900942
4754,4.724455997347832
4755,4.151806002482772
4756,4.060348961502314
4757,4.1404899675399065
4758,4.126789979636669
4759,3.977235173806548
4760,3.682533046230674
4761,3.8391679991036654
4762,5.014731083065271
4763,4.401431186124682
4764,3.8471599109470844
4765,4.596093902364373
4766,5.290124099701643
4767,5.752357188612223
4768,5.341980839148164
4769,5.328271072357893
4770,5.113048944622278
4771,4.931025905534625
4772,5.069382954388857
4773,4.726339131593704
4774,4.0976558811962605
4775,4.365636967122555
4776,4.954991862177849
4777,4.202011972665787
4778,4.275462124496698
4779,4.107259912416339
4780,5.001951940357685
4781,5.353278014808893
4782,5.286338040605187
4783,5.5775148794054985
4784,5.316613940522075
4785,4.200599854812026
4786,5.073359003290534
4787,4.960560007020831
4788,4.784346092492342
4789,5.164636066183448
4790,4.696423886343837
4791,5.157676059752703
4792,4.8965830355882645
4793,4.9057279247790575
4794,4.652597941458225
4795,4.327049013227224
4796,4.640019033104181
4797,4.6322280541062355
4798,4.384126048535109
4799,3.851586952805519
4800,4.382863873615861
4801,4.278976935893297
4802,4.407159984111786
4803,4.549113102257252
4804,4.318946972489357
4805,4.198327194899321
4806,4.7287719789892435
4807,4.213920095935464
4808,3.660250222310424
4809,4.239869071170688
4810,3.8384569343179464
4811,4.004966001957655
4812,4.584636073559523
4813,4.896963946521282
4814,5.484405905008316
4815,4.970053909346461
4816,4.547860939055681
4817,4.166388884186745
4818,4.721270175650716
4819,4.527670098468661
4820,4.341732012107968
4821,3.827660111710429
4822,3.6524177994579077
4823,4.411926958709955
4824,4.579007858410478
4825,4.619027953594923
4826,5.5063890758901834
4827,4.262572852894664
4828,4.095201846212149
4829,4.377956036478281
4830,4.2914459481835365
4831,4.2616319842636585
4832,4.336993908509612
4833,3.8336790166795254
4834,4.883183864876628
4835,6.117816083133221
4836,4.819659050554037
4837,5.451785866171122
4838,5.434310995042324
4839,4.163022851571441
4840,4.2867588344961405
4841,4.864454967901111
4842,5.030855070799589
4843,4.666258115321398
4844,4.790794802829623
4845,4.715321818366647
4846,5.707280011847615
4847,5.03995013423264
4848,4.730435088276863
4849,4.184064920991659
4850,4.673629067838192
4851,4.160500131547451
4852,4.187920829281211
4853,3.701461013406515
4854,4.163244040682912
4855,4.42751101218164
4856,3.727500094100833
4857,4.256864078342915
4858,4.445828031748533
4859,4.3058679439127445
4860,4.887240007519722
4861,4.67622303403914
4862,4.094952018931508
4863,5.095110973343253
4864,4.584917100146413
4865,4.3380961287766695
4866,4.541000118479133
4867,3.641570918262005
4868,3.8063779938966036
4869,3.4123179502785206
4870,3.883233992382884
4871,4.006039118394256
4872,4.028952913358808
4873,3.667030017822981
4874,3.864025929942727
4875,3.9443650748580694
4876,4.750954918563366
4877,5.815653130412102
4878,5.465166876092553
4879,6.453158799558878
4880,4.240239039063454
4881,4.455202026292682
4882,4.269252996891737
4883,4.333470016717911
4884,4.566177958622575
4885,4.347409820184112
4886,4.749584011733532
4887,4.493940155953169
4888,4.106879001483321
4889,4.1839350014925
4890,5.175812868401408
4891,4.196323920041323
4892,4.052367992699146
4893,4.481021082028747
4894,4.296523053199053
4895,4.81334887444973
4896,4.739598138257861
4897,4.686778876930475
4898,4.296863917261362
4899,4.676963901147246
4900,4.379838006570935
4901,4.181731957942247
4902,5.029802909120917
4903,4.621841944754124
4904,4.183613928034902
4905,4.808551864698529
4906,4.756825044751167
4907,4.672518000006676
4908,4.210384096950293
4909,3.9190680254250765
4910,4.097915953025222
4911,4.453249042853713
4912,4.472969099879265
4913,4.418716998770833
4914,3.7307359743863344
4915,4.312907811254263
4916,4.229753976687789
4917,4.22164099290967
4918,4.328451119363308
4919,4.3324981816112995
4920,4.140119068324566
4921,5.026068072766066
4922,5.540339043363929
4923,5.476292921230197
4924,4.410534864291549
4925,4.716824973002076
4926,4.501701099798083
4927,3.7437239661812782
4928,4.540218971669674
4929,5.490944953635335
4930,4.946888890117407
4931,5.392316961660981
4932,4.962472943589091
4933,4.5313360169529915
4934,4.298757994547486
4935,4.535993095487356
4936,4.947499837726355
4937,4.0680409874767065
4938,4.2210707906633615
4939,3.763754852116108
4940,3.6359329242259264
4941,4.308602074161172
4942,4.3151420541107655
4943,4.874221049249172
4944,4.3738000094890594
4945,4.6287530567497015
4946,5.156873958185315
4947,5.033308872953057
4948,4.638537066057324
4949,5.417505046352744
4950,4.893850069493055
4951,4.4675099197775126
4952,4.396824166178703
4953,4.204164957627654
4954,4.413679940626025
4955,4.555803025141358
4956,4.442161880433559
4957,4.323825007304549
4958,4.477695794776082
4959,4.136254079639912
4960,4.0993280708789825
4961,4.715160932391882
4962,4.087619949132204
4963,4.611145937815309
4964,3.8350520189851522
4965,4.134050104767084
4966,4.525566939264536
4967,4.1698741260915995
4968,4.198045935481787
4969,3.974030027166009
4970,4.849012941122055
4971,4.391746828332543
4972,5.086157936602831
4973,4.155491944402456
4974,4.193298984318972
4975,3.7151819560676813
4976,4.449842963367701
4977,4.417365184053779
4978,4.440299002453685
4979,4.046709975227714
4980,3.6229139659553766
4981,4.428372019901872
4982,4.65485081076622
4983,4.205276956781745
4984,4.295363090932369
4985,5.468921968713403
4986,4.619177896529436
4987,4.233389161527157
4988,3.796303179115057
4989,5.329733015969396
4990,4.621390951797366
4991,4.789974074810743
4992,4.965276923030615
4993,5.147108808159828
4994,5.028791958466172
4995,4.623744869604707
4996,4.60216193459928
4997,4.692348185926676
4998,5.301260855048895
4999,4.883825080469251
5000,5.478066159412265
5001,4.553438862785697
5002,4.963334184139967
5003,5.390033824369311
5004,4.33947890996933
5005,4.425297025591135
5006,4.5825031120330095
5007,4.054621094837785
5008,3.9039449766278267
5009,4.9039749428629875
5010,4.855762934312224
5011,4.336612997576594
5012,4.463043063879013
5013,4.470514832064509
5014,4.4763830956071615
5015,3.9848668966442347
5016,3.93685488961637
5017,4.648221889510751
5018,4.452277906239033
5019,4.245146876201034
5020,4.25204704515636
5021,4.7585170250386
5022,4.8459479585289955
5023,5.162052111700177
5024,5.037324968725443
5025,5.932467989623547
5026,5.762963090091944
5027,5.657274974510074
5028,4.85391984693706
5029,5.175081081688404
5030,4.688092041760683
5031,4.459528950974345
5032,3.946398850530386
5033,3.637325018644333
5034,3.951065940782428
5035,3.3796089701354504
5036,5.077205132693052
5037,4.190505016595125
5038,4.716234048828483
5039,4.587400937452912
5040,4.011825891211629
5041,4.458776907995343
5042,4.148762905970216
5043,4.228771897032857
5044,4.313219105824828
5045,5.247520050033927
5046,4.480169853195548
5047,4.184484947472811
5048,4.558617016300559
5049,5.00529701821506
5050,4.495912929996848
5051,4.6948210801929235
5052,4.684635903686285
5053,5.1739402115345
5054,4.6999589540064335
5055,5.229072878137231
5056,4.416554002091289
5057,4.853119142353535
5058,4.299087915569544
5059,4.762331955134869
5060,5.006148014217615
5061,4.220850067213178
5062,4.148141015321016
5063,4.827520810067654
5064,5.438076099380851
5065,6.0967139434069395
5066,5.0843749195337296
5067,5.119288107380271
5068,4.023104207590222
5069,4.451376851648092
5070,4.928031004965305
5071,4.992628004401922
5072,4.272888181731105
5073,4.0655978955328465
5074,4.526288015767932
5075,4.369273083284497
5076,4.5601800084114075
5077,4.141902085393667
5078,4.228671779856086
5079,4.069274058565497
5080,4.2383570689707994
5081,4.160800017416477
5082,4.338977858424187
5083,4.452237859368324
5084,4.791926825419068
5085,4.572608042508364
5086,4.447289975360036
5087,4.426760133355856
5088,3.97377903573215
5089,4.199397983029485
5090,4.746649181470275
5091,4.729193169623613
5092,4.368101013824344
5093,4.127711057662964
5094,4.31326893158257
5095,3.8381859194487333
5096,3.9698039181530476
5097,4.127731081098318
5098,3.9928180631250143
5099,4.718888085335493
5100,5.705277202650905
5101,4.543474176898599
5102,4.793758969753981
5103,4.351666895672679
5104,4.4467090629041195
5105,4.131797002628446
5106,4.641341045498848
5107,4.651086172088981
5108,3.9365640841424465
5109,4.562913905829191
5110,4.412878071889281
5111,4.168621962890029
5112,4.1262388695031404
5113,4.747660830616951
5114,4.164637066423893
5115,4.553959937766194
5116,4.477796144783497
5117,5.373779917135835
5118,4.729993874207139
5119,4.723784979432821
5120,4.870765144005418
5121,4.127750871703029
5122,4.725636914372444
5123,5.2997879683971405
5124,4.980770172551274
5125,5.188883049413562
5126,4.560449859127402
5127,5.624015117064118
5128,4.918175982311368
5129,4.870955133810639
5130,4.260709974914789
5131,4.404566017910838
5132,4.512137034907937
5133,4.610545001924038
5134,4.7614609356969595
5135,4.441902041435242
5136,4.394991090521216
5137,4.2767340783029795
5138,4.82988404110074
5139,4.26738103851676
5140,4.649332957342267
5141,3.6108752246946096
5142,4.470254993066192
5143,4.488923121243715
5144,4.349543014541268
5145,4.1834041476249695
5146,3.6831540055572987
5147,4.2260680347681046
5148,3.915793029591441
5149,5.094912135973573
5150,4.6176849864423275
5151,4.1060789953917265
5152,3.642883151769638
5153,4.037434933707118
5154,4.172288114205003
5155,4.419297911226749
5156,4.323153989389539
5157,4.052408039569855
5158,4.312136908993125
5159,4.5104550663381815
5160,5.30965393409133
5161,3.8343400228768587
5162,4.086789907887578
5163,3.8969148881733418
5164,4.1998689994215965
5165,4.1335891000926495
5166,4.000690998509526
5167,4.8911848571151495
5168,4.125706851482391
5169,4.585667047649622
5170,4.285668022930622
5171,4.26889187656343
5172,4.617365077137947
5173,4.076984012499452
5174,4.181161057204008
5175,4.173179157078266
5176,4.599968902766705
5177,4.079638980329037
5178,4.038406070321798
5179,3.6645361687988043
5180,3.7873699329793453
5181,4.305738024413586
5182,4.071325995028019
5183,3.5024629905819893
5184,3.890285035595298
5185,4.105276893824339
5186,4.346929956227541
5187,4.463985096663237
5188,3.950395155698061
5189,3.594100009649992
5190,4.202893935143948
5191,4.054439952597022
5192,4.380239872261882
5193,3.4205298870801926
5194,4.089714027941227
5195,4.058516817167401
5196,4.226749995723367
5197,3.9555218536406755
5198,4.31797606870532
5199,3.428130876272917
5200,4.4310560915619135
5201,4.022493027150631
5202,3.983634989708662
5203,3.8938301149755716
5204,4.746007965877652
5205,5.0606499426066875
5206,4.553748993203044
5207,4.537995904684067
5208,4.645076114684343
5209,4.4557328801602125
5210,4.574680933728814
5211,4.896422848105431
5212,4.399449098855257
5213,4.457444883882999
5214,3.8535601925104856
5215,4.516523098573089
5216,4.839787958189845
5217,5.158697022125125
5218,5.015572067350149
5219,4.998286021873355
5220,4.191376036033034
5221,3.746368922293186
5222,4.344436107203364
5223,3.810244146734476
5224,5.107069853693247
5225,4.159408155828714
5226,4.0220029186457396
5227,4.767220001667738
5228,4.690966103225946
5229,4.600900923833251
5230,4.0225128177553415
5231,3.8290820084512234
5232,4.02663997374475
5233,4.067050060257316
5234,4.289843840524554
5235,4.627499962225556
5236,4.689643858000636
5237,4.1683020535856485
5238,4.134079907089472
5239,4.075302043929696
5240,4.162763012573123
5241,4.317926010116935
5242,4.552226979285479
5243,3.600809955969453
5244,4.470534855499864
5245,3.8850668352097273
5246,3.9110861252993345
5247,4.120741039514542
5248,4.108993103727698
5249,4.2568950448185205
5250,4.512988962233067
5251,4.242973867803812
5252,4.478917922824621
5253,3.984336042776704
5254,3.6145008634775877
5255,5.120990797877312
5256,4.234901163727045
5257,3.9035449735820293
5258,4.090914968401194
5259,4.527290118858218
5260,4.725536797195673
5261,4.447229905053973
5262,4.615482175722718
5263,4.777746042236686
5264,4.274050006642938
5265,4.699337994679809
5266,4.424306098371744
5267,4.622862907126546
5268,4.191346932202578
5269,4.948250949382782
5270,4.818898160010576
5271,4.460289143025875
5272,5.020729964599013
5273,4.356002900749445
5274,4.637284204363823
5275,4.7739900182932615
5276,4.346218891441822
5277,4.409673856571317
5278,4.4490620493888855
5279,4.608971998095512
5280,4.429863998666406
5281,4.163745092228055
5282,4.546950105577707
5283,3.7759640254080296
5284,4.792056977748871
5285,4.51835710555315
5286,4.426097963005304
5287,4.46597789414227
5288,4.397294949740171
5289,4.440058954060078
5290,4.533830098807812
5291,4.47160704061389
5292,4.3055780697613955
5293,4.326778929680586
5294,4.419998964294791
5295,4.0643359534442425
5296,3.9805499836802483
5297,4.137194948270917
5298,4.128972999751568
5299,4.366279114037752
5300,4.601642023772001
5301,4.553159000352025
5302,4.312488017603755
5303,4.369754111394286
5304,4.015371901914477
5305,4.654380958527327
5306,4.2900939006358385
5307,4.275442799553275
5308,4.851095844060183
5309,4.057545913383365
5310,4.329924006015062
5311,4.004264948889613
5312,3.8495741318911314
5313,4.497194895520806
5314,4.101522034034133
5315,4.081100923940539
5316,4.683052888140082
5317,4.956783959642053
5318,4.170265048742294
5319,4.065637942403555
5320,4.370255162939429
5321,3.716493956744671
5322,4.02122107334435
5323,4.091115901246667
5324,4.024616209790111
5325,4.226539051160216
5326,3.9356930647045374
5327,4.499007016420364
5328,3.8983868435025215
5329,4.6592880971729755
5330,4.457816015928984
5331,4.154090071097016
5332,3.9338499773293734
5333,4.338847007602453
5334,3.927430836483836
5335,4.198606824502349
5336,3.5761839244514704
5337,4.5686219818890095
5338,4.951186012476683
5339,4.956613993272185
5340,4.4661578722298145
5341,5.280709825456142
5342,5.1984768360853195
5343,4.400430014356971
5344,5.851175868883729
5345,6.675702054053545
5346,4.927038913592696
5347,5.859317956492305
5348,5.315893096849322
5349,4.907791037112474
5350,5.266508087515831
5351,5.0566839054226875
5352,4.672798095270991
5353,5.434960825368762
5354,5.080049159005284
5355,4.773358814418316
5356,5.161520792171359
5357,4.409523913636804
5358,4.817244131118059
5359,4.6125478111207485
5360,4.291847115382552
5361,4.141050856560469
5362,4.085747990757227
5363,4.156834911555052
5364,3.9407110307365656
5365,3.8692329544574022
5366,4.445878090336919
5367,4.378035897389054
5368,4.298666957765818
5369,4.413379123434424
5370,4.038726910948753
5371,3.9263691287487745
5372,3.7148420233279467
5373,4.310894990339875
5374,3.834662027657032
5375,4.8362440429627895
5376,4.43369010463357
5377,4.610033938661218
5378,4.613970872014761
5379,4.352448042482138
5380,4.688721848651767
5381,4.4078410137444735
5382,4.344426095485687
5383,4.544124938547611
5384,4.196402849629521
5385,4.895261954516172
5386,5.376653978601098
5387,4.645416978746653
5388,6.558615947142243
5389,5.602833116427064
5390,4.65674395672977
5391,4.862864036113024
5392,4.580619977787137
5393,4.304506117478013
5394,3.9771050214767456
5395,4.370535025373101
5396,4.391767084598541
5397,4.032517783343792
5398,4.321771906688809
5399,3.9597488939762115
5400,4.105077125132084
5401,3.9075498934835196
5402,3.8873099256306887
5403,3.958255983889103
5404,4.4227829203009605
5405,4.481601063162088
5406,4.303863970562816
5407,4.3981969356536865
5408,4.6990979462862015
5409,4.655282013118267
5410,4.0196680929511786
5411,4.509854130446911
5412,3.928793128579855
5413,4.5919269323349
5414,4.114460898563266
5415,4.954389994964004
5416,4.146208055317402
5417,3.768431954085827
5418,4.269974073395133
5419,4.21965797431767
5420,3.886318998411298
5421,4.145486978814006
5422,4.118256038054824
5423,4.112357972189784
5424,4.181470954790711
5425,3.8220230489969254
5426,4.325777990743518
5427,4.079918842762709
5428,4.486588062718511
5429,4.0420228615403175
5430,5.003143800422549
5431,5.041852127760649
5432,4.877535859122872
5433,4.742512945085764
5434,4.035111982375383
5435,3.8506160490214825
5436,4.291286924853921
5437,4.223354160785675
5438,4.09572315402329
5439,3.9051170460879803
5440,4.102453123778105
5441,4.901790991425514
5442,4.25916793756187
5443,3.970795078203082
5444,4.01469087228179
5445,3.8286021444946527
5446,4.701461177319288
5447,4.062291933223605
5448,4.038026090711355
5449,4.110235022380948
5450,4.639047896489501
5451,4.285678034648299
5452,4.631757037714124
5453,3.954349784180522
5454,4.532959079369903
5455,4.4904048554599285
5456,4.132538102567196
5457,3.8439061027020216
5458,4.2790069710463285
5459,3.9249970577657223
5460,4.267629934474826
5461,3.652437822893262
5462,4.319939063861966
5463,4.267350072041154
5464,4.651807015761733
5465,3.943233983591199
5466,4.105517873540521
5467,4.188521998003125
5468,4.311746917665005
5469,4.011065931990743
5470,4.839027998968959
5471,4.525336902588606
5472,5.091806873679161
5473,4.807190038263798
5474,4.921149928122759
5475,4.635842051357031
5476,5.681009963154793
5477,4.3463679030537605
5478,5.155232036486268
5479,4.297875799238682
5480,4.525898024439812
5481,4.291797056794167
5482,3.988462034612894
5483,4.765857942402363
5484,4.300619941204786
5485,4.215772962197661
5486,4.570594988763332
5487,4.436084069311619
5488,4.336814163252711
5489,4.053499083966017
5490,4.077534889802337
5491,4.35125594958663
5492,3.8550118915736675
5493,3.4995588939636946
5494,3.9041051641106606
5495,4.291436169296503
5496,4.182301927357912
5497,4.145546816289425
5498,4.427690990269184
5499,4.492498002946377
5500,3.9222820196300745
5501,4.0269100572913885
5502,3.9283419027924538
5503,4.079408012330532
5504,3.517315024510026
5505,4.2808998841792345
5506,3.933890024200082
5507,3.665067022666335
5508,4.634762182831764
5509,5.188792943954468
5510,5.3234039805829525
5511,4.719127900898457
5512,4.517656052485108
5513,4.052246920764446
5514,4.67354990541935
5515,4.671365953981876
5516,5.624215118587017
5517,5.076233064755797
5518,4.492247011512518
5519,4.616894060745835
5520,4.263965180143714
5521,4.89248801022768
5522,4.8553121741861105
5523,4.607840906828642
5524,5.3447161335498095
5525,5.017824936658144
5526,4.043384920805693
5527,4.403094062581658
5528,3.9218422025442123
5529,4.6818319242447615
5530,4.7844459768384695
5531,5.263755097985268
5532,4.546137992292643
5533,5.24515681900084
5534,4.739538067951798
5535,5.372598068788648
5536,5.379126872867346
5537,4.864905960857868
5538,5.660058930516243
5539,5.194440949708223
5540,5.155402002856135
5541,4.711716901510954
5542,3.9307549595832825
5543,4.322874126955867
5544,4.359006881713867
5545,5.600240081548691
5546,4.815342137590051
5547,5.048732040449977
5548,4.730464890599251
5549,4.320570034906268
5550,4.239638103172183
5551,4.577995976433158
5552,4.967830143868923
5553,4.4989080633968115
5554,4.371084971353412
5555,4.748851992189884
5556,4.484735894948244
5557,4.332487937062979
5558,4.138526972383261
5559,3.979588160291314
5560,4.102814011275768
5561,4.086740082129836
5562,4.505326971411705
5563,4.199779126793146
5564,4.478616872802377
5565,5.140849854797125
5566,4.064386012032628
5567,4.313670098781586
5568,4.467179998755455
5569,4.068802110850811
5570,4.001893103122711
5571,4.020871128886938
5572,4.207740072160959
5573,3.9257179014384747
5574,4.273808794096112
5575,3.9407401345670223
5576,4.282152047380805
5577,4.53624315559864
5578,4.36802115291357
5579,4.110825015231967
5580,4.620820051059127
5581,4.002964124083519
5582,6.129452958703041
5583,4.513499094173312
5584,5.925826961174607
5585,4.947029985487461
5586,4.123313818126917
5587,4.573299083858728
5588,4.420100012794137
5589,4.328722134232521
5590,5.398346809670329
5591,5.063884891569614
5592,4.817754961550236
5593,4.292136989533901
5594,4.662131890654564
5595,5.049132974818349
5596,4.6325980219990015
5597,4.117095144465566
5598,4.7869200352579355
5599,4.436103161424398
5600,5.068542202934623
5601,4.821281181648374
5602,4.726519109681249
5603,5.213600117713213
5604,4.896193975582719
5605,4.711084999144077
5606,3.8215022068470716
5607,4.30183089338243
5608,4.8412911128252745
5609,4.507631063461304
5610,4.698366159573197
5611,4.725626902654767
5612,5.256804171949625
5613,5.617454880848527
5614,4.68114111572504
5615,5.012067034840584
5616,4.473640117794275
5617,4.104455932974815
5618,5.271786125376821
5619,4.71656396985054
5620,4.2366639245301485
5621,4.680689889937639
5622,4.384205909445882
5623,4.072537878528237
5624,4.500749986618757
5625,4.543033894151449
5626,4.5027839951217175
5627,4.577175015583634
5628,3.8803298957645893
5629,3.9237451273947954
5630,3.9968350902199745
5631,4.983282880857587
5632,5.0286720506846905
5633,4.297334933653474
5634,4.82568796724081
5635,4.598015919327736
5636,4.067018860951066
5637,4.260039189830422
5638,4.104046151041985
5639,4.253368824720383
5640,3.923795185983181
5641,3.6882120184600353
5642,4.117846023291349
5643,4.066829103976488
5644,3.7998491898179054
5645,4.068091046065092
5646,4.126528976485133
5647,4.466790007427335
5648,4.200369119644165
5649,4.629664123058319
5650,4.02534706518054
5651,4.976313095539808
5652,5.452607991173863
5653,5.380449816584587
5654,4.182754084467888
5655,4.543884890154004
5656,4.68238303437829
5657,4.763263976201415
5658,4.446549108251929
5659,4.162803990766406
5660,4.384455969557166
5661,5.003593862056732
5662,6.045466987416148
5663,4.601882072165608
5664,4.440439864993095
5665,4.7593379858881235
5666,4.0465290658175945
5667,4.2718269396573305
5668,4.0545109659433365
5669,3.8550919853150845
5670,4.202062031254172
5671,4.246358061209321
5672,4.147559870034456
5673,5.491715855896473
5674,4.76820208132267
5675,4.765246994793415
5676,4.797123838216066
5677,4.750074120238423
5678,4.8672601114958525
5679,4.356012912467122
5680,5.127819953486323
5681,4.820740781724453
5682,4.696022951975465
5683,4.391176160424948
5684,4.287719959393144
5685,4.57134610041976
5686,4.519999027252197
5687,4.277434898540378
5688,3.7399190478026867
5689,4.57524205558002
5690,4.028511932119727
5691,4.901081090793014
5692,4.794371081516147
5693,4.335331963375211
5694,4.522582981735468
5695,3.9527290500700474
5696,4.104214953258634
5697,4.305196925997734
5698,4.1179361287504435
5699,4.649764159694314
5700,4.577995976433158
5701,5.0545609556138515
5702,5.499286809936166
5703,5.869162967428565
5704,5.999857792630792
5705,6.037535145878792
5706,5.095933098345995
5707,4.787910962477326
5708,4.353248979896307
5709,4.897295031696558
5710,4.663284169510007
5711,5.051105981692672
5712,4.675392061471939
5713,4.919168073683977
5714,5.266198189929128
5715,4.913608776405454
5716,4.832237027585506
5717,5.793399177491665
5718,5.142702953889966
5719,4.44260286167264
5720,4.398256074637175
5721,4.484876058995724
5722,4.2740399949252605
5723,3.822003025561571
5724,4.616253077983856
5725,5.220829974859953
5726,4.885907983407378
5727,4.949613939970732
5728,4.949983907863498
5729,5.128290969878435
5730,5.292927846312523
5731,6.018266081809998
5732,4.903484135866165
5733,4.722462967038155
5734,5.678036017343402
5735,5.023404024541378
5736,5.0502438098192215
5737,4.8023120034486055
5738,5.231916904449463
5739,4.872486926615238
5740,5.166759015992284
5741,5.15579292550683
5742,5.438386928290129
5743,5.1271200645715
5744,4.702111938968301
5745,5.150825018063188
5746,4.411016125231981
5747,5.095071159303188
5748,4.0218220092356205
5749,5.110534839332104
5750,5.233660107478499
5751,5.571845918893814
5752,4.652527859434485
5753,4.7703750897198915
5754,5.143064074218273
5755,4.18019900098443
5756,4.126659128814936
5757,5.21818595007062
5758,4.2086520697921515
5759,4.558036103844643
5760,4.399558994919062
5761,4.31372900493443
5762,4.120990866795182
5763,4.799968795850873
5764,4.88331401720643
5765,5.092437844723463
5766,5.1150021608918905
5767,4.759277915582061
5768,4.862673114985228
5769,5.286638857796788
5770,4.667180124670267
5771,4.348261980339885
5772,4.4193079229444265
5773,4.744836129248142
5774,4.359749145805836
5775,3.93003411591053
5776,4.79724514298141
5777,4.479839000850916
5778,4.542163107544184
5779,4.824706120416522
5780,4.279878921806812
5781,5.219026934355497
5782,4.837495042011142
5783,4.651796072721481
5784,4.693018039688468
5785,5.128191784024239
5786,5.036053014919162
5787,4.923364846035838
5788,3.7379360292106867
5789,4.501831950619817
5790,4.769403953105211
5791,4.36285394243896
5792,4.541571019217372
5793,4.018106032162905
5794,3.946569049730897
5795,4.027060000225902
5796,3.598616924136877
5797,4.390134010463953
5798,4.560759989544749
5799,5.0602389965206385
5800,4.182553151622415
5801,4.218196030706167
5802,4.250896163284779
5803,4.204445984214544
5804,4.467621212825179
5805,5.2335490472614765
5806,4.219028167426586
5807,4.500119015574455
5808,4.52935416251421
5809,4.670073976740241
5810,4.270554985851049
5811,4.486619029194117
5812,3.9885921869426966
5813,5.092308158054948
5814,4.275432787835598
5815,4.201941890642047
5816,5.529102869331837
5817,6.2191670294851065
5818,4.9403400626033545
5819,4.477625014260411
5820,4.611507058143616
5821,4.367389949038625
5822,4.627029178664088
5823,5.0971838645637035
5824,4.385357024148107
5825,4.297805018723011
5826,4.794000182300806
5827,5.010253982618451
5828,4.06140205450356
5829,4.33244789019227
5830,3.9827730506658554
5831,4.97519108466804
5832,4.459648160263896
5833,4.078237107023597
5834,3.901030868291855
5835,4.388171015307307
5836,5.015492904931307
5837,5.286969011649489
5838,5.298977950587869
5839,4.802904091775417
5840,4.811587044969201
5841,4.737155046314001
5842,5.003374069929123
5843,4.80238301679492
5844,4.906077869236469
5845,4.807982128113508
5846,5.269793095067143
5847,3.8880109786987305
5848,4.086169181391597
5849,4.7649170737713575
5850,4.39931801520288
5851,4.843304166570306
5852,4.30101016536355
5853,4.4177561067044735
5854,5.217025056481361
5855,4.773248918354511
5856,4.606809932738543
5857,4.432357847690582
5858,5.145586794242263
5859,5.093869986012578
5860,4.745247075334191
5861,5.532426992431283
5862,5.08537795394659
5863,4.387380089610815
5864,4.138296004384756
5865,4.752106964588165
5866,5.310894921422005
5867,4.68768086284399
5868,3.9752719458192587
5869,4.3566839303821325
5870,5.098807159811258
5871,4.587650066241622
5872,4.456063965335488
5873,4.554471001029015
5874,3.908903105184436
5875,4.624645924195647
5876,4.185817902907729
5877,4.35385899618268
5878,4.60942299105227
5879,4.28950390778482
5880,5.588982021436095
5881,6.888650823384523
5882,6.4796279184520245
5883,5.436403211206198
5884,6.5088721457868814
5885,4.955431912094355
5886,5.179899046197534
5887,4.131706897169352
5888,4.49808593839407
5889,4.401651909574866
5890,4.526049131527543
5891,4.863454960286617
5892,4.6743908897042274
5893,4.711024928838015
5894,4.9137091264128685
5895,4.759257892146707
5896,5.58170210570097
5897,4.664576146751642
5898,5.028101149946451
5899,5.145067116245627
5900,4.860749933868647
5901,4.924654960632324
5902,4.87755611538887
5903,4.338586935773492
5904,4.219337832182646
5905,5.1788268610835075
5906,5.08936308324337
5907,4.822323098778725
5908,4.854811122640967
5909,5.221411120146513
5910,4.733629059046507
5911,4.25050500780344
5912,5.03064482472837
5913,4.501521121710539
5914,5.051084794104099
5915,5.6285320315510035
5916,4.881351022049785
5917,4.902773071080446
5918,5.382443079724908
5919,5.3267390467226505
5920,5.335852969437838
5921,4.916123114526272
5922,4.784404998645186
5923,4.796883789822459
5924,4.249664023518562
5925,4.839357919991016
5926,5.362192168831825
5927,5.21489093080163
5928,5.857013864442706
5929,4.3883719481527805
5930,4.4834038708359
5931,4.362021805718541
5932,4.442182835191488
5933,4.954891977831721
5934,5.311446031555533
5935,5.804274929687381
5936,5.920558935031295
5937,5.028350977227092
5938,5.142221925780177
5939,4.631846910342574
5940,4.704986931756139
5941,5.380410002544522
5942,4.868742078542709
5943,5.301441997289658
5944,5.057164933532476
5945,5.057184956967831
5946,4.583123838528991
5947,5.056604044511914
5948,5.07539208047092
5949,5.189353134483099
5950,5.093798972666264
5951,4.77610295638442
5952,4.534560954198241
5953,5.361591000109911
5954,5.177515093237162
5955,4.740660078823566
5956,4.801872186362743
5957,4.3705550488084555
5958,5.245717009529471
5959,4.542944021522999
5960,4.154810914769769
5961,7.80781009234488
5962,5.380609072744846
5963,4.4758019503206015
5964,5.381942028179765
5965,4.670234862715006
5966,4.748482024297118
5967,4.277965985238552
5968,4.496474051848054
5969,4.487799946218729
5970,4.80650900863111
5971,5.528871901333332
5972,4.163083853200078
5973,4.574301186949015
5974,4.5163140166550875
5975,3.8587870076298714
5976,4.672258161008358
5977,3.70611809194088
5978,3.848121967166662
5979,4.695543088018894
5980,4.4582069385796785
5981,4.524384858086705
5982,4.825947806239128
5983,4.7235938254743814
5984,4.819637862965465
5985,3.9936190005391836
5986,4.355231998488307
5987,4.475371912121773
5988,4.875972867012024
5989,5.405337084084749
5990,4.838196095079184
5991,5.239727906882763
5992,5.290194880217314
5993,5.052116932347417
5994,4.540059017017484
5995,4.656883887946606
5996,5.103945033624768
5997,5.02373487688601
5998,4.258257104083896
5999,4.357496043667197
6000,4.317966056987643
6001,3.979258006438613
6002,4.376283148303628
6003,4.4949420262128115
6004,3.8405698724091053
6005,4.664415959268808
6006,4.807921126484871
6007,4.634871846064925
6008,4.857274936512113
6009,4.438728094100952
6010,4.53261798247695
6011,3.8580060936510563
6012,4.423373844474554
6013,4.248091019690037
6014,3.765096887946129
6015,4.451476037502289
6016,4.435983020812273
6017,4.27496200427413
6018,4.402412800118327
6019,4.816835047677159
6020,5.23208687081933
6021,4.632187075912952
6022,5.174410995095968
6023,4.388801986351609
6024,4.560519941151142
6025,4.28344402462244
6026,4.336463985964656
6027,4.240880021825433
6028,4.804074997082353
6029,4.072058014571667
6030,4.274300066754222
6031,4.302182933315635
6032,4.437085008248687
6033,4.393920069560409
6034,4.268530989065766
6035,4.0777260437607765
6036,3.9946509059518576
6037,3.9430439937859774
6038,4.029414150863886
6039,4.153589950874448
6040,4.2386469431221485
6041,4.397285170853138
6042,4.111015936359763
6043,4.536463879048824
6044,4.256203072145581
6045,5.387950921431184
6046,4.422331927344203
6047,4.109163070097566
6048,4.745047073811293
6049,4.289444070309401
6050,4.7325980849564075
6051,4.7813409473747015
6052,4.530393984168768
6053,5.042301956564188
6054,4.251867067068815
6055,3.760470077395439
6056,4.493138985708356
6057,4.383284132927656
6058,4.955572076141834
6059,4.528291989117861
6060,5.019929027184844
6061,5.14622894115746
6062,5.058997077867389
6063,5.397044122219086
6064,5.206509027630091
6065,4.477916052564979
6066,4.174279980361462
6067,4.803814925253391
6068,4.714850801974535
6069,5.423675058409572
6070,4.802562994882464
6071,4.927479894831777
6072,4.65476093813777
6073,4.295021062716842
6074,4.2293930891901255
6075,4.355401964858174
6076,4.354481119662523
6077,4.459097981452942
6078,4.962733015418053
6079,4.129924112930894
6080,4.032128024846315
6081,4.481450887396932
6082,3.7037748843431473
6083,4.032407887279987
6084,4.248622106388211
6085,3.912377869710326
6086,3.9790079463273287
6087,4.983504069969058
6088,4.34997514821589
6089,5.371155217289925
6090,4.837936023250222
6091,4.432357149198651
6092,4.658557008951902
6093,4.355211975052953
6094,4.182182950899005
6095,4.399257944896817
6096,4.168921848759055
6097,3.937775967642665
6098,4.038726910948753
6099,4.108963068574667
6100,4.172727931290865
6101,4.989153007045388
6102,4.547890974208713
6103,4.51653404161334
6104,4.316854989156127
6105,4.620450083166361
6106,4.224396077916026
6107,4.371606046333909
6108,5.219698883593082
6109,4.372327821329236
6110,4.390564979985356
6111,4.391686990857124
6112,4.114761017262936
6113,4.075151868164539
6114,4.258016124367714
6115,4.013309022411704
6116,5.152668105438352
6117,4.349453141912818
6118,4.283925052732229
6119,4.109853878617287
6120,3.995402017608285
6121,5.568762077018619
6122,4.5514157973229885
6123,4.543624119833112
6124,4.51138592325151
6125,4.282793030142784
6126,4.384526051580906
6127,5.460930988192558
6128,5.096983863040805
6129,4.525297088548541
6130,4.382862942293286
6131,4.601411055773497
6132,4.14997385814786
6133,4.914009943604469
6134,5.304235033690929
6135,4.607059992849827
6136,5.0827928353101015
6137,4.51828702352941
6138,4.270985024049878
6139,4.61101601831615
6140,5.05600287579
6141,4.724386148154736
6142,4.850924946367741
6143,5.233929958194494
6144,5.213147960603237
6145,4.63536218740046
6146,4.90704900585115
6147,4.475302994251251
6148,3.8138399831950665
6149,4.957804922014475
6150,4.672547802329063
6151,4.41351905465126
6152,3.9477008394896984
6153,4.399227909743786
6154,4.340308951213956
6155,4.548422060906887
6156,4.9049570225179195
6157,4.959017038345337
6158,5.031096050515771
6159,4.543873947113752
6160,5.0279011484235525
6161,4.727340070530772
6162,4.679347854107618
6163,4.7867989633232355
6164,5.157666048035026
6165,5.268971901386976
6166,4.422352882102132
6167,4.8836939968168736
6168,4.602553090080619
6169,4.151005996391177
6170,4.876263905316591
6171,4.43186704069376
6172,4.324957029893994
6173,4.884385038167238
6174,5.334059940651059
6175,5.298437085002661
6176,5.62838208861649
6177,4.446319071575999
6178,4.624555818736553
6179,4.879307933151722
6180,4.807018907740712
6181,5.16916299238801
6182,4.897365113720298
6183,5.191766889765859
6184,4.580579930916429
6185,4.218787187710404
6186,4.326388938352466
6187,5.399107001721859
6188,5.703663919121027
6189,4.911025986075401
6190,4.314171150326729
6191,4.418846918269992
6192,4.813980078324676
6193,4.555783001706004
6194,4.414961906149983
6195,4.354130011051893
6196,5.001781973987818
6197,4.960109945386648
6198,4.633388947695494
6199,4.939439008012414
6200,4.786328878253698
6201,4.395712865516543
6202,4.323234083130956
6203,4.7202990390360355
6204,4.5729391276836395
6205,4.608711926266551
6206,3.8146108854562044
6207,4.892326891422272
6208,4.784635966643691
6209,3.982251975685358
6210,4.0507151279598475
6211,4.040830070152879
6212,4.500479903072119
6213,4.0761439595371485
6214,3.8937500212341547
6215,4.194099921733141
6216,4.442853154614568
6217,5.636662943288684
6218,4.018927225843072
6219,4.15085582062602
6220,3.9741010405123234
6221,3.924785880371928
6222,3.495813114568591
6223,3.6379960365593433
6224,4.412137903273106
6225,3.665858181193471
6226,3.789053065702319
6227,4.960159072652459
6228,5.417225183919072
6229,6.067920941859484
6230,4.839278059080243
6231,4.488782957196236
6232,4.203533986583352
6233,4.437396069988608
6234,4.08765091560781
6235,4.373679868876934
6236,4.145867889747024
6237,4.256434040144086
6238,4.304687026888132
6239,4.982863087207079
6240,4.00402513332665
6241,5.200329003855586
6242,5.170835880562663
6243,4.772227024659514
6244,4.471375839784741
6245,4.651255905628204
6246,4.202262032777071
6247,4.5400389935821295
6248,4.22661891207099
6249,4.252578131854534
6250,3.8766050711274147
6251,4.192296881228685
6252,4.189973929896951
6253,3.709233133122325
6254,3.832707880064845
6255,4.376715049147606
6256,3.6034551449120045
6257,4.338346887379885
6258,4.840158857405186
6259,5.210475064814091
6260,4.391717026010156
6261,4.689384019002318
6262,4.53123589977622
6263,4.707579966634512
6264,3.9300338830798864
6265,4.309682874009013
6266,4.627971211448312
6267,4.052557982504368
6268,3.5841159988194704
6269,3.9078209083527327
6270,5.2165130618959665
6271,5.186217837035656
6272,4.133790032938123
6273,4.274932201951742
6274,4.062372026965022
6275,3.395293140783906
6276,4.144516075029969
6277,4.859148059040308
6278,4.652908071875572
6279,4.131406079977751
6280,5.019978852942586
6281,5.0731988158077
6282,5.121211055666208
6283,4.8783759120851755
6284,5.180649925023317
6285,4.6774959191679955
6286,4.778457107022405
6287,4.524325951933861
6288,3.973169019445777
6289,5.0458579789847136
6290,4.361181054264307
6291,4.073800053447485
6292,4.433078924193978
6293,4.326398950070143
6294,5.059759132564068
6295,4.520069109275937
6296,4.6974350698292255
6297,4.307679831981659
6298,5.070704966783524
6299,4.953439114615321
6300,4.388472065329552
6301,5.048051010817289
6302,4.678856814280152
6303,4.967700922861695
6304,4.437134834006429
6305,4.401190904900432
6306,5.16726984642446
6307,3.9624529890716076
6308,4.876073217019439
6309,5.0067591946572065
6310,4.7427029348909855
6311,4.0836750995367765
6312,5.583184072747827
6313,5.299838958308101
6314,5.055370973423123
6315,4.818676970899105
6316,4.406398860737681
6317,5.210675066336989
6318,4.445887869223952
6319,4.693228984251618
6320,4.517625086009502
6321,6.067309994250536
6322,5.518377060070634
6323,5.523514002561569
6324,5.321121076121926
6325,5.173219135031104
6326,4.536875057965517
6327,4.535823129117489
6328,4.473308799788356
6329,4.521622089669108
6330,4.396153846755624
6331,4.171687178313732
6332,4.0153819136321545
6333,4.843604983761907
6334,4.902943037450314
6335,4.551225807517767
6336,4.447650862857699
6337,4.717295058071613
6338,4.917074926197529
6339,5.679797846823931
6340,5.597844952717423
6341,4.772879183292389
6342,4.222342045977712
6343,5.0127278082072735
6344,4.483795026317239
6345,3.983363974839449
6346,5.266288993880153
6347,4.691265989094973
6348,5.0074211321771145
6349,4.709403030574322
6350,5.09515218436718
6351,4.277996020391583
6352,4.184975987300277
6353,4.791705869138241
6354,4.067200003191829
6355,3.976302919909358
6356,4.84295398928225
6357,4.422132158651948
6358,4.89808595739305
6359,4.513358930125833
6360,4.849473014473915
6361,4.846899071708322
6362,4.553359001874924
6363,4.791475832462311
6364,5.767810856923461
6365,5.763464141637087
6366,4.385237116366625
6367,4.563364200294018
6368,4.180870950222015
6369,4.713769070804119
6370,5.258958088234067
6371,4.572317935526371
6372,5.283354083076119
6373,5.145536968484521
6374,4.653017967939377
6375,4.345156950876117
6376,4.375793039798737
6377,5.222932901233435
6378,4.845147021114826
6379,4.912617849186063
6380,4.9779159016907215
6381,4.312456818297505
6382,4.765497986227274
6383,5.142792826518416
6384,3.9663889911025763
6385,4.155772039666772
6386,4.287229850888252
6387,4.121521022170782
6388,4.273698898032308
6389,4.834471037611365
6390,4.210585029795766
6391,4.147049970924854
6392,5.44296414591372
6393,5.0377859733998775
6394,4.7695329412817955
6395,3.9177259895950556
6396,4.294050158932805
6397,4.172818036749959
6398,5.086588906124234
6399,5.896463058888912
6400,5.729062017053366
6401,5.0460780039429665
6402,4.8978261183947325
6403,5.227900808677077
6404,4.752587992697954
6405,4.590193973854184
6406,3.750865114852786
6407,4.8663190100342035
6408,4.000399028882384
6409,3.6579470615833998
6410,3.474139841273427
6411,4.403254017233849
6412,5.059678107500076
6413,4.669582936912775
6414,4.230303922668099
6415,4.233238985762
6416,4.280320135876536
6417,4.281200934201479
6418,4.301731940358877
6419,4.440949996933341
6420,4.724997095763683
6421,4.9661078955978155
6422,4.786319099366665
6423,4.577836021780968
6424,4.176483955234289
6425,4.192587919533253
6426,4.0172250010073185
6427,4.056192934513092
6428,4.334340104833245
6429,4.280579974874854
6430,4.67393989674747
6431,4.304485861212015
6432,4.051706986501813
6433,4.0299841202795506
6434,5.236203083768487
6435,4.649061942473054
6436,4.536964930593967
6437,4.374410957098007
6438,3.717154962942004
6439,4.09191707149148
6440,3.9562340825796127
6441,5.013620015233755
6442,4.725146805867553
6443,4.206649027764797
6444,4.762212047353387
6445,4.79694502428174
6446,5.603824043646455
6447,5.269943969324231
6448,4.218557151034474
6449,7.561931852251291
6450,6.056464044377208
6451,5.461160093545914
6452,5.167820956557989
6453,4.5940999407321215
6454,3.731637028977275
6455,5.522513063624501
6456,5.1537801045924425
6457,4.629452945664525
6458,4.432267975062132
6459,5.044535966590047
6460,4.814391024410725
6461,4.061211133375764
6462,4.043204011395574
6463,4.143474157899618
6464,4.681111080572009
6465,4.38578799366951
6466,4.087630892172456
6467,4.658217076212168
6468,4.219308029860258
6469,3.983723931014538
6470,5.974330939352512
6471,5.031555891036987
6472,5.132478196173906
6473,4.646589048206806
6474,6.214821012690663
6475,5.759847816079855
6476,4.707139916718006
6477,4.53130598179996
6478,4.719778196886182
6479,4.619087092578411
6480,4.9914459232240915
6481,4.699277924373746
6482,4.505096934735775
6483,4.2325390968471766
6484,4.931035917252302
6485,4.772357176989317
6486,4.173549124971032
6487,4.198456881567836
6488,4.043665016070008
6489,4.469793988391757
6490,4.301682114601135
6491,4.365907981991768
6492,4.365938017144799
6493,4.235812928527594
6494,4.600619897246361
6495,4.630665061995387
6496,4.3948618695139885
6497,3.8199902046471834
6498,5.284646060317755
6499,5.127531010657549
6500,4.411226138472557
6501,5.61216683126986
6502,4.360249964520335
6503,4.913198994472623
6504,4.623123910278082
6505,4.514211090281606
6506,4.828672157600522
6507,4.482361953705549
6508,4.424896091222763
6509,4.000039072707295
6510,4.6284610871225595
6511,5.110034020617604
6512,5.097886081784964
6513,4.57692495547235
6514,4.685667110607028
6515,5.044025834649801
6516,4.654330899938941
6517,4.217224894091487
6518,4.729994107037783
6519,4.621160915121436
6520,4.377115052193403
6521,4.464185098186135
6522,4.268141929060221
6523,3.739699022844434
6524,5.317064933478832
6525,5.305217113345861
6526,4.756003152579069
6527,4.302702844142914
6528,4.876574035733938
6529,4.6904850751161575
6530,4.604045068845153
6531,4.487900994718075
6532,4.499207949265838
6533,3.9839751552790403
6534,4.83259791508317
6535,4.654540913179517
6536,4.706918960437179
6537,4.3833639938384295
6538,4.441912053152919
6539,4.532267106696963
6540,4.205787088721991
6541,4.598597064614296
6542,4.149142885580659
6543,4.136553965508938
6544,4.1788979433476925
6545,4.736162954941392
6546,5.49207697622478
6547,5.77470101416111
6548,4.498657071962953
6549,4.507420118898153
6550,3.9870101027190685
6551,4.33427095413208
6552,4.151416011154652
6553,4.112978000193834
6554,4.316393984481692
6555,4.388611996546388
6556,4.114229930564761
6557,4.270904930308461
6558,4.340180195868015
6559,4.027389921247959
6560,4.167790990322828
6561,4.640590166673064
6562,5.242782877758145
6563,4.865748109295964
6564,4.2956729885190725
6565,4.591727163642645
6566,4.583434201776981
6567,4.093961091712117
6568,4.386349115520716
6569,4.785488126799464
6570,4.3312059715390205
6571,3.5361740738153458
6572,3.9444060530513525
6573,4.165868042036891
6574,4.1693830862641335
6575,4.5353928580880165
6576,4.132176982238889
6577,3.982823109254241
6578,3.9994479157030582
6579,4.896122962236404
6580,5.22847194224596
6581,4.249081946909428
6582,4.365147091448307
6583,4.558546934276819
6584,4.970214096829295
6585,4.76353382691741
6586,4.169662948697805
6587,4.712538095191121
6588,3.690224839374423
6589,4.358737962320447
6590,4.502142081037164
6591,4.346919944509864
6592,4.399498226121068
6593,4.190525040030479
6594,4.858255852013826
6595,4.554971819743514
6596,4.808411933481693
6597,5.318826995790005
6598,5.276142852380872
6599,5.237554898485541
6600,5.101081216707826
6601,4.461952019482851
6602,3.8155021611601114
6603,3.5022329539060593
6604,4.5154220424592495
6605,4.475421970710158
6606,4.001270979642868
6607,4.563865019008517
6608,4.268733086064458
6609,4.457244882360101
6610,4.082722822204232
6611,3.82066098973155
6612,4.75660408847034
6613,4.7776049468666315
6614,4.538005916401744
6615,4.221562063321471
6616,4.549344070255756
6617,4.726798972114921
6618,3.8344208151102066
6619,5.635883193463087
6620,4.87793586216867
6621,4.195543006062508
6622,4.177334951236844
6623,4.302803194150329
6624,4.716173047199845
6625,5.060289986431599
6626,4.500939976423979
6627,4.653379088267684
6628,4.3051959946751595
6629,4.168062005192041
6630,4.041421925649047
6631,4.339458886533976
6632,4.656384000554681
6633,4.670995054766536
6634,4.06510685570538
6635,4.9618619959801435
6636,4.518085857853293
6637,4.42790100350976
6638,4.455722169950604
6639,4.128020955249667
6640,4.454211099073291
6641,4.307941067963839
6642,4.231796832755208
6643,4.449033178389072
6644,3.817494958639145
6645,4.167780978605151
6646,3.7201798986643553
6647,4.904315108433366
6648,3.982122987508774
6649,4.477404989302158
6650,4.219247959554195
6651,3.65453097037971
6652,4.177274880930781
6653,3.9930189959704876
6654,4.379509016871452
6655,3.716364037245512
6656,4.339068196713924
6657,4.60331398062408
6658,4.497826099395752
6659,4.568071104586124
6660,3.884244943037629
6661,4.16702008806169
6662,4.076253157109022
6663,5.138336913660169
6664,5.411687074229121
6665,5.102131981402636
6666,4.9615108873695135
6667,4.751286003738642
6668,4.586869152262807
6669,4.546348005533218
6670,5.068692844361067
6671,4.285486880689859
6672,4.884605994448066
6673,5.428992910310626
6674,5.040039075538516
6675,5.283815087750554
6676,4.500478971749544
6677,4.577975952997804
6678,4.290614975616336
6679,4.583925008773804
6680,5.222623003646731
6681,5.1276900339871645
6682,3.9727590046823025
6683,4.088240908458829
6684,4.0565840899944305
6685,4.055032040923834
6686,3.698257030919194
6687,4.329513059929013
6688,4.478486953303218
6689,3.984726034104824
6690,4.018195904791355
6691,3.904145210981369
6692,4.711186047643423
6693,4.207169869914651
6694,4.665736807510257
6695,4.408832872286439
6696,3.7952919956296682
6697,3.9809399750083685
6698,4.044024972245097
6699,3.853360190987587
6700,3.9964639581739902
6701,4.071636125445366
6702,4.639048129320145
6703,4.038616782054305
6704,3.952817991375923
6705,4.261191003024578
6706,4.122522892430425
6707,4.175612004473805
6708,4.024916095659137
6709,4.0415208786726
6710,4.4068999122828245
6711,4.111345857381821
6712,3.789524082094431
6713,4.280920838937163
6714,4.3843151070177555
6715,4.672586917877197
6716,3.884105011820793
6717,5.362011957913637
6718,4.176985006779432
6719,4.070495022460818
6720,4.798536887392402
6721,4.467769991606474
6722,4.380570026114583
6723,4.947048844769597
6724,3.9829439483582973
6725,3.870203858241439
6726,3.8826430682092905
6727,4.004746209830046
6728,4.582883091643453
6729,4.105106927454472
6730,4.03393991291523
6731,4.438647069036961
6732,4.16378490626812
6733,4.194391192868352
6734,4.142543068155646
6735,4.425327060744166
6736,4.364986903965473
6737,3.74065013602376
6738,4.356154007837176
6739,4.912027157843113
6740,4.690785193815827
6741,3.991637146100402
6742,4.707190208137035
6743,5.094971973448992
6744,5.236192839220166
6745,6.034740945324302
6746,5.0991380121558905
6747,4.99844690784812
6748,5.4713760036975145
6749,4.67443116940558
6750,4.383344203233719
6751,4.170896019786596
6752,4.2370150331407785
6753,4.245938034728169
6754,4.045027075335383
6755,4.758917959406972
6756,5.176253151148558
6757,4.853168968111277
6758,5.390705075114965
6759,5.2510949317365885
6760,4.997225012630224
6761,4.4604099821299314
6762,5.191626027226448
6763,5.817305063828826
6764,5.216334015130997
6765,5.140630062669516
6766,5.082112969830632
6767,4.72391489893198
6768,5.094469990581274
6769,4.563363967463374
6770,4.1335998103022575
6771,4.347470123320818
6772,4.696524003520608
6773,3.859026823192835
6774,4.482382908463478
6775,5.399077897891402
6776,4.161191172897816
6777,5.404725903645158
6778,4.97993896715343
6779,5.004486069083214
6780,4.877255065366626
6781,4.874750971794128
6782,5.15975896269083
6783,5.677854875102639
6784,5.02419495023787
6785,4.250755067914724
6786,4.348031943663955
6787,4.166329046711326
6788,4.024776164442301
6789,4.336983896791935
6790,5.12257288210094
6791,5.670804996043444
6792,6.463302997872233
6793,5.74808195233345
6794,4.724574973806739
6795,4.682132974267006
6796,4.312488017603755
6797,4.168560961261392
6798,4.324215929955244
6799,4.627519985660911
6800,4.268862074241042
6801,4.476653877645731
6802,4.372477997094393
6803,4.4447260443121195
6804,4.685736959800124
6805,4.340179963037372
6806,4.5206500217318535
6807,5.182622000575066
6808,4.935292061418295
6809,4.962072009220719
6810,5.3814908023923635
6811,5.7278110180050135
6812,4.812557948753238
6813,4.60905279032886
6814,4.958127159625292
6815,5.399417830631137
6816,5.459127016365528
6817,5.860829958692193
6818,5.603443831205368
6819,5.654891952872276
6820,4.2285919189453125
6821,5.205336958169937
6822,5.435561994090676
6823,5.356563022360206
6824,5.799127975478768
6825,5.219697952270508
6826,5.6283611338585615
6827,5.404995987191796
6828,4.840129055082798
6829,4.5429139863699675
6830,4.342051921412349
6831,4.260188899934292
6832,4.718868061900139
6833,4.966527922078967
6834,5.65345911309123
6835,5.42433513328433
6836,4.536873893812299
6837,4.215402062982321
6838,4.545366857200861
6839,6.254179868847132
6840,5.532497074455023
6841,5.842221900820732
6842,6.513579050078988
6843,5.584685830399394
6844,6.521030096337199
6845,6.346188019961119
6846,6.8396280985325575
6847,5.403113784268498
6848,5.8725071139633656
6849,5.155761959031224
6850,4.8455470241606236
6851,4.74369409494102
6852,4.575391998514533
6853,4.812558181583881
6854,4.286429146304727
6855,4.676092881709337
6856,4.155412083491683
6857,5.338876973837614
6858,5.339398980140686
6859,5.306788953021169
6860,5.353118991479278
6861,4.097315017133951
6862,4.955983022227883
6863,4.568922100588679
6864,4.48965304531157
6865,4.347279900684953
6866,3.6561829037964344
6867,4.453710047528148
6868,4.194220993667841
6869,4.643413936719298
6870,4.056833917275071
6871,4.963424056768417
6872,4.436464048922062
6873,4.058106103911996
6874,4.738477058708668
6875,4.820099100470543
6876,4.974480951204896
6877,4.622712964192033
6878,4.489424172788858
6879,5.23927784524858
6880,3.8551019970327616
6881,4.690354922786355
6882,4.263954935595393
6883,4.527330165728927
6884,6.056682905182242
6885,5.030645057559013
6886,5.119777983054519
6887,5.334882065653801
6888,4.818818066269159
6889,5.158676998689771
6890,4.772528074681759
6891,4.5417919754981995
6892,6.693618837743998
6893,4.929302958771586
6894,4.522071918472648
6895,4.349843831732869
6896,4.925287794321775
6897,3.8823732174932957
6898,4.18121088296175
6899,5.039507988840342
6900,3.846258856356144
6901,4.533689934760332
6902,4.463864956051111
6903,4.058606922626495
6904,4.1888621635735035
6905,4.194590961560607
6906,5.342292133718729
6907,4.517866065725684
6908,4.466057987883687
6909,4.686649888753891
6910,4.817255074158311
6911,7.871215930208564
6912,5.412598140537739
6913,5.271836882457137
6914,5.273118847981095
6915,4.891755990684032
6916,4.479287890717387
6917,4.35957801528275
6918,4.7831430565565825
6919,4.936354001984
6920,5.47029497101903
6921,5.6244260631501675
6922,5.463393870741129
6923,5.253769923001528
6924,4.791876068338752
6925,6.2066789250820875
6926,5.2836739923805
6927,4.456114023923874
6928,4.464426077902317
6929,4.098466131836176
6930,4.625096917152405
6931,4.172487882897258
6932,4.033989971503615
6933,4.805637989193201
6934,4.383563995361328
6935,4.138686927035451
6936,4.227980971336365
6937,4.037084989249706
6938,4.905137000605464
6939,5.742673063650727
6940,5.9432340785861015
6941,5.112598184496164
6942,4.199398914352059
6943,4.490724997594953
6944,4.3143711518496275
6945,4.509584046900272
6946,4.791465820744634
6947,4.7859379556030035
6948,4.676023963838816
6949,4.954349948093295
6950,4.536313936114311
6951,4.583403933793306
6952,5.019779084250331
6953,4.143754951655865
6954,4.549343138933182
6955,4.4572551269084215
6956,4.489894025027752
6957,4.153959918767214
6958,3.720198990777135
6959,4.031927092000842
6960,4.559468012303114
6961,4.628892056643963
6962,4.518016008660197
6963,4.333229037001729
6964,4.194600973278284
6965,4.512067185714841
6966,3.925106953829527
6967,4.181231139227748
6968,4.080400103703141
6969,3.894840832799673
6970,4.196644993498921
6971,3.996694926172495
6972,4.04106080532074
6973,4.372097086161375
6974,4.473099019378424
6975,4.411706933751702
6976,4.146669991314411
6977,3.9223229978233576
6978,3.9844259154051542
6979,3.9550920482724905
6980,4.148371983319521
6981,3.974671009927988
6982,4.877615021541715
6983,5.13917813077569
6984,4.134992137551308
6985,3.857445903122425
6986,4.8701949417591095
6987,3.9857979863882065
6988,4.258377011865377
6989,4.2633539997041225
6990,4.30451612919569
6991,4.674891941249371
6992,4.129913868382573
6993,4.6194379683583975
6994,5.026839906349778
6995,4.564126022160053
6996,3.8070690352469683
6997,4.292628029361367
6998,4.9900340382009745
6999,4.3538399040699005
7000,4.680620040744543
7001,4.369724076241255
7002,4.239499103277922
7003,4.607068840414286
7004,5.144075024873018
7005,4.778747214004397
7006,4.092767834663391
7007,4.757254850119352
7008,5.156683968380094
7009,5.398106994107366
7010,4.389774054288864
7011,4.5513969380408525
7012,4.1153328493237495
7013,3.8619220722466707
7014,4.507520003244281
7015,3.838347038254142
7016,4.407319938763976
7017,4.368250956758857
7018,4.161982098594308
7019,4.283844958990812
7020,4.029503790661693
7021,4.050736082717776
7022,4.050374962389469
7023,4.309123149141669
7024,4.868111107498407
7025,4.4745211489498615
7026,4.51058498583734
7027,4.139689030125737
7028,3.9940199349075556
7029,4.28394484333694
7030,4.628472030162811
7031,4.027120070531964
7032,5.573328817263246
7033,5.171786993741989
7034,5.196173209697008
7035,4.207681166008115
7036,4.436725052073598
7037,4.8129078932106495
7038,4.863435169681907
7039,4.60076006129384
7040,4.9782260321080685
7041,4.681402118876576
7042,5.1360230427235365
7043,4.731866996735334
7044,4.1198390536010265
7045,4.136804956942797
7046,4.20143106020987
7047,4.811235936358571
7048,4.461831878870726
7049,4.145757993683219
7050,5.0183061975985765
7051,4.853308899328113
7052,5.387048935517669
7053,5.16561814583838
7054,4.897275008261204
7055,4.765648161992431
7056,5.635041976347566
7057,5.054721143096685
7058,4.883354064077139
7059,4.49654390104115
7060,4.942932864651084
7061,5.423093214631081
7062,5.606028018519282
7063,5.164525005966425
7064,4.828111035749316
7065,4.534770967438817
7066,5.083583993837237
7067,4.275942919775844
7068,4.334792029112577
7069,3.9723780937492847
7070,4.257615888491273
7071,4.030694952234626
7072,3.868752159178257
7073,4.6611810103058815
7074,5.2463579922914505
7075,4.4268190395087
7076,4.107089014723897
7077,4.743152996525168
7078,4.563334165140986
7079,4.775382112711668
7080,4.2814710177481174
7081,4.258797038346529
7082,4.700299119576812
7083,4.315742990002036
7084,4.566079005599022
7085,4.606539150699973
7086,4.159398144111037
7087,4.667821107432246
7088,4.300109809264541
7089,6.486407946795225
7090,5.295061971992254
7091,5.036394111812115
7092,4.619488958269358
7093,5.137184867635369
7094,4.944755928590894
7095,6.045978050678968
7096,5.069172941148281
7097,5.29907806776464
7098,5.061701871454716
7099,5.12124109081924
7100,4.5392680913209915
7101,5.177935818210244
7102,4.845788003876805
7103,5.407480057328939
7104,4.483845084905624
7105,5.110644968226552
7106,5.911726038902998
7107,4.811134887859225
7108,5.118987988680601
7109,4.970524925738573
7110,4.579928936436772
7111,4.594330908730626
7112,4.961340920999646
7113,4.579286789521575
7114,4.526339005678892
7115,4.703003913164139
7116,4.4431840069592
7117,4.794951993972063
7118,4.433539928868413
7119,4.170764936134219
7120,4.2071600910276175
7121,4.24409587867558
7122,3.994160098955035
7123,6.197966169565916
7124,4.304284928366542
7125,4.557204898446798
7126,4.831015830859542
7127,4.41319914534688
7128,3.9660579059273005
7129,4.479297902435064
7130,5.523585015907884
7131,5.549974041059613
7132,5.747118964791298
7133,4.686048021540046
7134,5.487329792231321
7135,5.323263118043542
7136,5.855611991137266
7137,4.879087908193469
7138,5.639977985993028
7139,5.5719660595059395
7140,4.740028874948621
7141,6.201721029356122
7142,5.353218875825405
7143,5.399547982960939
7144,5.034981062635779
7145,4.529984900727868
7146,4.4406200759112835
7147,5.181480897590518
7148,4.952037939801812
7149,5.279687931761146
7150,5.4914760403335094
7151,5.286618834361434
7152,4.531455924734473
7153,4.622862907126546
7154,4.704836057499051
7155,5.029974039644003
7156,5.147529998794198
7157,4.901381209492683
7158,5.060628987848759
7159,4.998826887458563
7160,4.712396999821067
7161,4.11646394059062
7162,5.132167134433985
7163,5.033219000324607
7164,5.188752897083759
7165,4.6996790915727615
7166,5.0106351263821125
7167,5.003273952752352
7168,5.307500017806888
7169,5.809132009744644
7170,5.723604932427406
7171,8.436732925474644
7172,5.264054983854294
7173,4.906108137220144
7174,4.722773097455502
7175,4.7507749404758215
7176,5.215042037889361
7177,5.434951977804303
7178,5.562692880630493
7179,5.160209955647588
7180,4.716203082352877
7181,5.020189099013805
7182,5.772857926785946
7183,5.084595875814557
7184,5.203363951295614
7185,5.3950110450387
7186,5.11950789950788
7187,4.971686052158475
7188,5.0030541606247425
7189,4.592356970533729
7190,4.064816050231457
7191,4.6056280843913555
7192,6.192537024617195
7193,5.387030076235533
7194,5.435682833194733
7195,5.842581856995821
7196,5.119968904182315
7197,4.585478221997619
7198,4.327530041337013
7199,5.455531878396869
7200,5.548270884901285
7201,4.8804800026118755
7202,4.924165783450007
7203,4.901821026578546
7204,5.076533881947398
7205,4.1594181675463915
7206,3.944717114791274
7207,4.636614117771387
7208,6.118927150964737
7209,5.587930092588067
7210,4.732438130304217
7211,4.964936058968306
7212,4.742992809042335
7213,4.888982977718115
7214,4.131335997954011
7215,4.373840056359768
7216,4.403044003993273
7217,4.364585969597101
7218,4.539608955383301
7219,4.983063088729978
7220,4.0198389906436205
7221,5.003033904358745
7222,4.774529952555895
7223,4.319768864661455
7224,5.003934958949685
7225,5.087710916996002
7226,5.138586973771453
7227,4.376352997496724
7228,4.707530839368701
7229,6.197775015607476
7230,5.769483046606183
7231,4.864434944465756
7232,5.328130908310413
7233,5.829063011333346
7234,4.6337798703461885
7235,5.253348965197802
7236,5.0470789428800344
7237,4.816384054720402
7238,4.450415028259158
7239,4.148911917582154
7240,5.44657907448709
7241,4.626168869435787
7242,5.1398491486907005
7243,4.500390030443668
7244,5.291615845635533
7245,4.983023041859269
7246,5.5478711146861315
7247,5.233399104326963
7248,4.948351066559553
7249,5.249543115496635
7250,4.466678947210312
7251,4.572918871417642
7252,5.16565702855587
7253,4.9037940334528685
7254,3.832718124613166
7255,4.976785043254495
7256,4.916633944958448
7257,5.232077091932297
7258,4.951286129653454
7259,6.285636918619275
7260,5.012247012928128
7261,4.6491629909724
7262,4.716394003480673
7263,4.012849181890488
7264,4.593309015035629
7265,4.944375017657876
7266,4.665827844291925
7267,4.509723046794534
7268,4.452928900718689
7269,4.587179981172085
7270,4.68175089918077
7271,5.534250987693667
7272,4.521311027929187
7273,4.640118917450309
7274,4.576344043016434
7275,4.966338165104389
7276,5.302021978422999
7277,5.267760017886758
7278,4.663434810936451
7279,5.674921907484531
7280,5.196914076805115
7281,4.294781945645809
7282,5.443715024739504
7283,4.829643061384559
7284,5.250544985756278
7285,5.222372943535447
7286,5.041662137955427
7287,5.624906159937382
7288,4.687770968303084
7289,5.787229863926768
7290,6.21416000649333
7291,5.3759131114929914
7292,5.336344009265304
7293,4.782343050464988
7294,4.654500866308808
7295,3.66207305341959
7296,4.4944509863853455
7297,5.007960833609104
7298,5.302321864292026
7299,5.0182759296149015
7300,4.911135882139206
7301,4.400230012834072
7302,4.922091960906982
7303,4.73094591870904
7304,4.1461188811808825
7305,5.338125862181187
7306,4.540619906038046
7307,4.3457678984850645
7308,4.000089131295681
7309,3.9556529372930527
7310,3.895742120221257
7311,4.978236043825746
7312,4.257905995473266
7313,4.04063006862998
7314,4.722862970083952
7315,5.075621884316206
7316,4.898416111245751
7317,4.858105909079313
7318,4.532217979431152
7319,4.153629066422582
7320,4.244245123118162
7321,4.764737095683813
7322,4.45318897254765
7323,4.184205085039139
7324,3.631326137110591
7325,4.622252890840173
7326,5.157525185495615
7327,4.865997936576605
7328,4.538096021860838
7329,4.477485083043575
7330,4.479669034481049
7331,3.884275909513235
7332,3.9810100570321083
7333,4.797746194526553
7334,4.782421980053186
7335,5.040189018473029
7336,4.744845908135176
7337,4.727839957922697
7338,4.7293431125581264
7339,4.620410036295652
7340,5.46774105168879
7341,5.042552947998047
7342,6.035462021827698
7343,6.126768887042999
7344,5.302322097122669
7345,5.550515139475465
7346,4.966628970578313
7347,5.01587288454175
7348,4.4799488969147205
7349,4.71698516048491
7350,5.140549968928099
7351,5.15049509704113
7352,5.328872008249164
7353,4.26240311935544
7354,5.0729678478091955
7355,4.7654579393565655
7356,5.39272790774703
7357,4.992407048121095
7358,5.570725072175264
7359,4.484274890273809
7360,4.925507120788097
7361,4.5432839542627335
7362,4.755381960421801
7363,4.836283857002854
7364,4.586318973451853
7365,5.01544214785099
7366,4.91173705086112
7367,4.754971945658326
7368,5.73802599683404
7369,4.897075006738305
7370,5.077835870906711
7371,5.581311183050275
7372,4.768842831254005
7373,4.567000083625317
7374,4.192498046904802
7375,3.928832011297345
7376,4.430033965036273
7377,5.228332011029124
7378,6.2310658395290375
7379,4.865196067839861
7380,4.278987878933549
7381,4.462703829631209
7382,4.488602047786117
7383,4.403824917972088
7384,4.105917876586318
7385,4.222623072564602
7386,3.6583261098712683
7387,4.209843929857016
7388,4.268792923539877
7389,4.259368171915412
7390,3.910265164449811
7391,4.434840986505151
7392,4.805627977475524
7393,4.009142983704805
7394,3.86233301833272
7395,3.985227085649967
7396,3.512839088216424
7397,4.069132963195443
7398,4.1306959465146065
7399,4.566109040752053
7400,4.24609798938036
7401,4.157915944233537
7402,4.725978011265397
7403,3.880690084770322
7404,4.19399980455637
7405,4.703875165432692
7406,5.413149017840624
7407,5.539758130908012
7408,5.3646559827029705
7409,4.708582069724798
7410,4.801110131666064
7411,4.762823926284909
7412,5.494510987773538
7413,5.735632032155991
7414,4.724275087937713
7415,4.463715013116598
7416,4.7174058854579926
7417,4.786337958648801
7418,5.351435858756304
7419,4.965777974575758
7420,4.265748197212815
7421,4.896384198218584
7422,5.34641882404685
7423,4.4957229401916265
7424,4.829562967643142
7425,3.8676909171044827
7426,5.632688058540225
7427,4.710834939032793
7428,4.2923681903630495
7429,4.519709153100848
7430,4.350374918431044
7431,4.876925144344568
7432,5.078637041151524
7433,5.065346835181117
7434,5.140539957210422
7435,4.42518712952733
7436,5.042952951043844
7437,5.262783030048013
7438,4.717505071312189
7439,5.130906123667955
7440,4.595110891386867
7441,4.444485995918512
7442,4.6196891926229
7443,4.39742486923933
7444,4.266178002581
7445,4.411816829815507
7446,4.514802014455199
7447,4.4437251053750515
7448,4.349482944235206
7449,5.260850070044398
7450,5.612117005512118
7451,5.090894876047969
7452,4.747990984469652
7453,4.2175850830972195
7454,4.906117916107178
7455,4.407319938763976
7456,4.9604689702391624
7457,4.773219116032124
7458,4.381982143968344
7459,6.566229043528438
7460,5.106558091938496
7461,4.801701055839658
7462,4.587119910866022
7463,5.002393154427409
7464,5.442603025585413
7465,5.115391919389367
7466,4.822543123736978
7467,4.671345930546522
7468,4.292948869988322
7469,4.285047063603997
7470,5.283022997900844
7471,4.5395479537546635
7472,4.034020006656647
7473,5.199657985940576
7474,5.863663973286748
7475,5.758997984230518
7476,4.831997212022543
7477,4.472777945920825
7478,4.7780361492186785
7479,3.9407601580023766
7480,3.568761982023716
7481,4.624505992978811
7482,5.81307802349329
7483,4.430645145475864
7484,4.504805896431208
7485,4.232848063111305
7486,4.31342888623476
7487,4.406047984957695
7488,4.628502065315843
7489,4.347309935837984
7490,4.370935959741473
7491,4.689393099397421
7492,4.825186915695667
7493,4.685686901211739
7494,4.4498739298433065
7495,4.293659003451467
7496,4.182853968814015
7497,4.632447846233845
7498,5.429553100839257
7499,4.790113773196936
7500,4.459507996216416
7501,3.709312994033098
7502,4.242132883518934
7503,3.9552119560539722
7504,4.409062908962369
7505,4.325747024267912
7506,5.242754006758332
7507,4.718726966530085
7508,4.112507915124297
7509,4.508621990680695
7510,5.037826020270586
7511,6.169022060930729
7512,5.305256927385926
7513,5.510405171662569
7514,4.945977823808789
7515,5.06781111471355
7516,4.726269049569964
7517,4.882723093032837
7518,4.293669946491718
7519,4.318537190556526
7520,4.715963965281844
7521,4.642032086849213
7522,4.450565204024315
7523,4.713599104434252
7524,4.546438809484243
7525,5.067790159955621
7526,5.07739488966763
7527,4.730805987492204
7528,5.093999905511737
7529,5.162972956895828
7530,4.857626045122743
7531,4.9370951019227505
7532,4.578707041218877
7533,4.3152018915861845
7534,4.947989946231246
7535,5.907339975237846
7536,4.647118970751762
7537,4.474831046536565
7538,4.953349940478802
7539,4.216453991830349
7540,5.16962306573987
7541,4.181802039965987
7542,4.244616022333503
7543,6.038947030901909
7544,5.196583922952414
7545,5.311656976118684
7546,4.970624810084701
7547,4.676474025472999
7548,4.489744082093239
7549,5.659918999299407
7550,4.671917064115405
7551,4.1143810376524925
7552,4.0774960070848465
7553,4.211616003885865
7554,4.421490943059325
7555,4.514019936323166
7556,5.25315897539258
7557,4.925427958369255
7558,4.982702899724245
7559,4.388832952827215
7560,4.868801916018128
7561,5.407579941675067
7562,4.454399924725294
7563,4.856984131038189
7564,4.740830976516008
7565,5.02419495023787
7566,4.984705941751599
7567,4.362833919003606
7568,4.89064515568316
7569,4.31004399433732
7570,4.906157962977886
7571,4.460238851606846
7572,3.9848058950155973
7573,3.9349719882011414
7574,3.7408610805869102
7575,4.929604008793831
7576,4.668262088671327
7577,4.377555102109909
7578,4.733749898150563
7579,5.084535805508494
7580,4.171126056462526
7581,4.72749094478786
7582,4.286978859454393
7583,4.257946042343974
7584,3.980799810960889
7585,4.581311019137502
7586,4.164716927334666
7587,4.187240032479167
7588,4.328872077167034
7589,4.104126011952758
7590,4.602602915838361
7591,4.127169959247112
7592,4.136404022574425
7593,4.456914030015469
7594,4.03239787556231
7595,3.9847868029028177
7596,4.210225073620677
7597,5.060879979282618
7598,5.029131891205907
7599,4.608761984854937
7600,5.236183060333133
7601,4.952136892825365
7602,4.524376010522246
7603,4.493609070777893
7604,4.181430907920003
7605,4.380109021440148
7606,4.708230961114168
7607,4.078927915543318
7608,4.045937908813357
7609,4.294081125408411
7610,4.189993953332305
7611,3.984265960752964
7612,3.513749921694398
7613,5.516713950783014
7614,4.90954308770597
7615,4.413799848407507
7616,4.229874117299914
7617,4.328693030402064
7618,4.258506931364536
7619,4.388791974633932
7620,3.8988080341368914
7621,4.494250053539872
7622,4.075031960383058
7623,4.359669052064419
7624,4.647961119189858
7625,4.6183469239622355
7626,4.817784996703267
7627,5.724385846406221
7628,4.943885141983628
7629,4.382292041555047
7630,4.464225843548775
7631,4.609502851963043
7632,4.3198890052735806
7633,4.227850819006562
7634,4.00593806989491
7635,4.576843930408359
7636,4.213038831949234
7637,3.7882919423282146
7638,3.96573799662292
7639,4.258166067302227
7640,4.731134977191687
7641,4.444526042789221
7642,3.841120982542634
7643,4.161000018939376
7644,3.9392178878188133
7645,3.7932689301669598
7646,4.255142062902451
7647,4.18121088296175
7648,4.507499979808927
7649,4.813269013538957
7650,5.529802991077304
7651,5.202814005315304
7652,5.000920034945011
7653,5.182523047551513
7654,4.47176699526608
7655,4.003304056823254
7656,4.456514026969671
7657,4.1007110849022865
7658,5.173849873244762
7659,5.021431017667055
7660,3.819006960839033
7661,4.198306007310748
7662,4.417384974658489
7663,4.090504953637719
7664,4.0381059516221285
7665,5.365167045965791
7666,5.926028126850724
7667,5.023573990911245
7668,5.125838099047542
7669,4.6759729739278555
7670,4.4282120652496815
7671,3.722612978890538
7672,4.675392992794514
7673,4.519429057836533
7674,4.9275909550487995
7675,4.367079818621278
7676,4.782423144206405
7677,4.8921070992946625
7678,4.850385012105107
7679,4.8896330408751965
7680,4.9479210283607244
7681,4.954942036420107
7682,4.900890868157148
7683,4.665367072448134
7684,3.988933051005006
7685,4.181941971182823
7686,4.699938930571079
7687,5.087489960715175
7688,5.422773072496057
7689,5.976974964141846
7690,4.921842133626342
7691,4.790514940395951
7692,4.7030639834702015
7693,4.409042885527015
7694,4.4016719330102205
7695,4.490505205467343
7696,4.510625032708049
7697,4.468761850148439
7698,5.036322865635157
7699,4.613920114934444
7700,4.846248077228665
7701,4.790375009179115
7702,4.452958004549146
7703,4.212387837469578
7704,4.303714027628303
7705,4.698988050222397
7706,4.14182199165225
7707,4.081031074747443
7708,5.702432012185454
7709,5.390034057199955
7710,5.044905934482813
7711,4.952718038111925
7712,5.2314759232103825
7713,5.124334944412112
7714,5.473650060594082
7715,5.408861907199025
7716,4.361080937087536
7717,5.165085894986987
7718,5.321741104125977
7719,5.9121770318597555
7720,5.901970900595188
7721,5.494320997968316
7722,4.910483956336975
7723,4.640019033104181
7724,5.174050107598305
7725,4.735402064397931
7726,4.687820095568895
7727,4.540459020063281
7728,6.106447894126177
7729,5.952958017587662
7730,5.20422519184649
7731,4.8726380337029696
7732,4.623474087566137
7733,4.290996119379997
7734,4.593349061906338
7735,4.322854103520513
7736,4.8350009601563215
7737,4.339178092777729
7738,4.29148692637682
7739,4.595452919602394
7740,4.312337143346667
7741,4.2258568573743105
7742,5.389373051002622
7743,4.370175069198012
7744,4.111046204343438
7745,4.1338501032441854
7746,3.9351920131593943
7747,3.880950855091214
7748,4.038847051560879
7749,4.384385887533426
7750,4.484405042603612
7751,4.445116966962814
7752,4.310594871640205
7753,4.442543024197221
7754,4.075393080711365
7755,4.424314945936203
7756,4.451125860214233
7757,5.862062098458409
7758,4.977975971996784
7759,5.135962972417474
7760,5.847190041095018
7761,4.730463959276676
7762,4.723514197394252
7763,3.8184670265764
7764,4.109743982553482
7765,3.9075110107660294
7766,3.938727080821991
7767,3.8990681059658527
7768,4.236564040184021
7769,4.05724486336112
7770,4.002522910013795
7771,3.719758940860629
7772,4.203875083476305
7773,3.4954429138451815
7774,4.17747488245368
7775,3.900360083207488
7776,3.8990669418126345
7777,3.3877009991556406
7778,4.770464962348342
7779,4.617814905941486
7780,4.835452884435654
7781,4.491045838221908
7782,4.370995098724961
7783,4.2744402308017015
7784,4.261352121829987
7785,5.073439097031951
7786,4.986619111150503
7787,4.9196588806807995
7788,4.539739107713103
7789,4.820570116862655
7790,4.53826691955328
7791,4.681321093812585
7792,4.851185949519277
7793,5.197856109589338
7794,5.10744983330369
7795,5.346167832612991
7796,4.4121770188212395
7797,4.529602825641632
7798,4.354079952463508
7799,4.886498907580972
7800,4.458046052604914
7801,4.524014890193939
7802,4.3742910493165255
7803,4.515523090958595
7804,4.433228867128491
7805,4.953889874741435
7806,4.482842981815338
7807,4.289873875677586
7808,4.416874144226313
7809,5.037746159359813
7810,4.632187075912952
7811,4.232547944411635
7812,4.303324967622757
7813,4.81424992904067
7814,4.314982099458575
7815,4.623153014108539
7816,4.485187120735645
7817,4.816222935914993
7818,4.654950927942991
7819,4.159949021413922
7820,4.2003600392490625
7821,4.8176259733736515
7822,4.328211070969701
7823,4.377495031803846
7824,4.500289913266897
7825,4.714239854365587
7826,4.387140041217208
7827,4.661542130634189
7828,5.061090923845768
7829,4.5479710679501295
7830,4.279157845303416
7831,4.404635867103934
7832,4.267329815775156
7833,4.091767128556967
7834,4.804336000233889
7835,5.212698131799698
7836,4.83312807045877
7837,4.1380771435797215
7838,5.4340900387614965
7839,5.308391060680151
7840,6.06772000901401
7841,4.260570043697953
7842,4.389333073049784
7843,4.381380975246429
7844,4.693879978731275
7845,5.672988947480917
7846,5.007309839129448
7847,4.9572649877518415
7848,5.146147916093469
7849,4.552887985482812
7850,4.9376648385077715
7851,4.2768740095198154
7852,4.709344124421477
7853,5.035553127527237
7854,4.572478123009205
7855,5.688301054760814
7856,63.05757397785783
7857,5.68390404805541
7858,5.785366985946894
7859,6.021970883011818
7860,6.19542202912271
7861,5.118547007441521
7862,4.669804126024246
7863,4.263895098119974
7864,4.602022003382444
7865,4.605266964063048
7866,4.653849173337221
7867,4.595642909407616
7868,4.551686812192202
7869,4.866910167038441
7870,5.091375904157758
7871,4.5615010894834995
7872,4.673860035836697
7873,5.102331982925534
7874,4.6570950653404
7875,4.383273888379335
7876,4.441031021997333
7877,4.400230012834072
7878,4.272327991202474
7879,3.8906149566173553
7880,4.275172017514706
7881,4.241041140630841
7882,4.604304907843471
7883,4.757856018841267
7884,3.9881118573248386
7885,4.207751015201211
7886,4.406017949804664
7887,4.204867174848914
7888,3.899018047377467
7889,4.573910031467676
7890,6.301169982179999
7891,4.486047895625234
7892,4.449453903362155
7893,4.5592880342155695
7894,4.440649878233671
7895,4.129543900489807
7896,4.535882966592908
7897,4.556373925879598
7898,4.411396104842424
7899,4.245616961270571
7900,3.9528480265289545
7901,4.236334003508091
7902,4.214020911604166
7903,3.984105074778199
7904,4.104166058823466
7905,5.242473213002086
7906,4.231977043673396
7907,5.137796048074961
7908,4.441441036760807
7909,4.454681184142828
7910,4.414060153067112
7911,5.285897990688682
7912,4.727539839223027
7913,4.52909292653203
7914,4.37071593478322
7915,4.664346110075712
7916,4.8078210093081
7917,5.066549172624946
7918,4.58174105733633
7919,4.052957985550165
7920,4.211206221953034
7921,4.29289904423058
7922,4.6322678681463
7923,4.370023962110281
7924,4.183134064078331
7925,4.994220100343227
7926,4.305607872083783
7927,5.409862846136093
7928,4.303765017539263
7929,4.433579044416547
7930,4.45224717259407
7931,4.897705977782607
7932,4.825887968763709
7933,4.499288043007255
7934,4.234040854498744
7935,4.067731089890003
7936,4.2454570066183805
7937,4.225878044962883
7938,4.108682973310351
7939,4.531205864623189
7940,4.332608077675104
7941,4.324645968154073
7942,4.341591848060489
7943,4.180751042440534
7944,4.4692629016935825
7945,4.921662155538797
7946,6.044094916433096
7947,4.756884882226586
7948,4.494150867685676
7949,4.164605867117643
7950,3.8621320854872465
7951,3.6705248057842255
7952,4.479728871956468
7953,4.636004101485014
7954,4.042593063786626
7955,5.152707919478416
7956,4.886489128693938
7957,4.827630007639527
7958,4.984255880117416
7959,3.998757107183337
7960,4.909612936899066
7961,4.854810889810324
7962,5.030034109950066
7963,4.61112498305738
7964,5.0107750575989485
7965,4.168162122368813
7966,4.706097999587655
7967,5.28174196369946
7968,4.280979977920651
7969,4.222912946715951
7970,4.309974145144224
7971,4.288161871954799
7972,4.4999090023338795
7973,4.679969046264887
7974,3.945627948269248
7975,4.436624003574252
7976,4.529793979600072
7977,4.071847070008516
7978,4.86992415972054
7979,4.614131059497595
7980,4.185156896710396
7981,4.734862130135298
7982,4.460880998522043
7983,4.28100093267858
7984,3.7473400589078665
7985,4.250705940648913
7986,4.280189052224159
7987,4.042363027110696
7988,3.5359731409698725
7989,4.520048853009939
7990,5.1600590813905
7991,4.712077090516686
7992,4.7945010010153055
7993,4.284556023776531
7994,4.300570115447044
7995,4.655332071706653
7996,5.055082030594349
7997,5.1757830660790205
7998,4.9215517938137054
7999,5.83379901945591
8000,5.495342193171382
8001,5.0283910240978
8002,4.352927906438708
8003,4.501882009208202
8004,4.617094993591309
8005,5.359227070584893
8006,6.4706450793892145
8007,5.309633212164044
8008,4.933179123327136
8009,5.240559810772538
8010,4.55825706012547
8011,3.99579294025898
8012,5.35374996252358
8013,4.940178943797946
8014,5.355522036552429
8015,5.150924902409315
8016,4.568042000755668
8017,4.8221019096672535
8018,4.861522000283003
8019,4.238978028297424
8020,4.34479583054781
8021,4.612727789208293
8022,4.459669115021825
8023,4.514200147241354
8024,4.29798592813313
8025,5.030233878642321
8026,4.801140865311027
8027,4.394570831209421
8028,4.99727507121861
8029,4.560770001262426
8030,4.560390021651983
8031,4.555462161079049
8032,4.683754872530699
8033,4.560509929433465
8034,4.7784168273210526
8035,4.88863093778491
8036,3.7603299133479595
8037,4.615433048456907
8038,5.026208003982902
8039,4.491645842790604
8040,5.465487018227577
8041,5.2247061394155025
8042,4.614189965650439
8043,4.221261013299227
8044,4.595452221110463
8045,5.319787887856364
8046,4.593970021232963
8047,4.47229715064168
8048,4.221200942993164
8049,4.3276711367070675
8050,4.5932389330118895
8051,4.595903214067221
8052,4.507229896262288
8053,4.916613921523094
8054,4.4979858212172985
8055,4.2275008745491505
8056,3.8527678698301315
8057,4.100831225514412
8058,4.651515977457166
8059,4.3370951898396015
8060,4.304136149585247
8061,4.311766009777784
8062,5.297855939716101
8063,5.466317990794778
8064,5.402573151513934
8065,5.10639906860888
8066,4.62050992064178
8067,4.0614919271320105
8068,5.139017011970282
8069,4.250403959304094
8070,3.9845260325819254
8071,4.72568697296083
8072,4.885366884991527
8073,5.025546997785568
8074,4.679579054936767
8075,4.331615986302495
8076,4.418747965246439
8077,4.834570921957493
8078,4.596533952280879
8079,5.441180896013975
8080,4.6507748775184155
8081,4.952678922563791
8082,5.0899439956992865
8083,5.401672096922994
8084,4.4736790005117655
8085,4.408160923048854
8086,4.579017171636224
8087,4.457284929230809
8088,5.228201160207391
8089,4.8615410923957825
8090,4.285326926037669
8091,5.00264298170805
8092,5.304496036842465
8093,4.408411914482713
8094,4.361110972240567
8095,4.757063928991556
8096,4.743635188788176
8097,4.732897970825434
8098,4.37864800915122
8099,4.124616039916873
8100,3.925938159227371
8101,4.641260951757431
8102,4.351506009697914
8103,4.150075139477849
8104,4.877986153587699
8105,4.432277055457234
8106,4.760820884257555
8107,5.339829018339515
8108,5.700108828023076
8109,5.488601978868246
8110,4.406688967719674
8111,4.152168054133654
8112,5.440350156277418
8113,5.1349010318517685
8114,4.880220163613558
8115,4.211435792967677
8116,4.057055106386542
8117,4.252827959135175
8118,4.7079711221158504
8119,4.654692020267248
8120,4.296253202483058
8121,4.4229840859770775
8122,4.7234739176929
8123,4.471356049180031
8124,4.547730088233948
8125,4.4895929750055075
8126,5.101269809529185
8127,4.603274166584015
8128,3.974660998210311
8129,4.51189698651433
8130,4.333961056545377
8131,3.9784370455890894
8132,3.763404907658696
8133,4.6442660968750715
8134,4.109492991119623
8135,4.048442002385855
8136,3.876855131238699
8137,4.092118004336953
8138,3.8467790000140667
8139,4.3747511226683855
8140,3.9565940387547016
8141,5.0823320634663105
8142,4.370103823021054
8143,3.851596964523196
8144,4.644365981221199
8145,4.84686903655529
8146,3.9063189178705215
8147,3.940239083021879
8148,3.944495925679803
8149,4.06714016571641
8150,4.54188184812665
8151,4.409243119880557
8152,5.141020053997636
8153,4.443424986675382
8154,4.698175936937332
8155,3.5920271184295416
8156,4.460240015760064
8157,4.380770027637482
8158,4.160990938544273
8159,3.604996018111706
8160,4.01126709766686
8161,3.961441107094288
8162,3.5116069484502077
8163,4.213118925690651
8164,4.5784469693899155
8165,4.546629032120109
8166,3.896663896739483
8167,3.9995978586375713
8168,4.098817007616162
8169,3.9462889544665813
8170,3.889173036441207
8171,4.598978208377957
8172,4.589273827150464
8173,4.775092005729675
8174,4.286138108000159
8175,4.413268994539976
8176,4.5532588846981525
8177,4.00489685125649
8178,3.982753027230501
8179,4.781791009008884
8180,5.692327860742807
8181,4.41082613542676
8182,4.463764140382409
8183,5.088601959869266
8184,4.937625955790281
8185,4.607510985806584
8186,4.1628137696534395
8187,4.561671055853367
8188,4.18451614677906
8189,4.525888012722135
8190,4.723815014585853
8191,4.5549520291388035
8192,4.530976060777903
8193,4.270554985851049
8194,4.402943886816502
8195,4.165528109297156
8196,4.16413601487875
8197,4.669983871281147
8198,4.384375875815749
8199,5.1936989184468985
8200,5.476061953231692
8201,5.0603291019797325
8202,5.229712929576635
8203,4.97984909452498
8204,5.079067079350352
8205,4.71437000669539
8206,4.920589970424771
8207,4.271956859156489
8208,5.340941017493606
8209,4.525607917457819
8210,4.7442258801311255
8211,5.506979068741202
8212,5.298245931044221
8213,5.056343972682953
8214,5.454670870676637
8215,5.109132034704089
8216,4.989983979612589
8217,4.958297125995159
8218,4.4362531043589115
8219,4.9992280546575785
8220,4.9090220127254725
8221,4.966099048033357
8222,4.643704975023866
8223,5.160560132935643
8224,5.0695540849119425
8225,4.766940139234066
8226,5.306568928062916
8227,5.081861978396773
8228,3.965476993471384
8229,4.328612005338073
8230,4.08818107098341
8231,4.41584293730557
8232,4.310725023970008
8233,5.130183883011341
8234,4.876184044405818
8235,4.490314982831478
8236,3.96596803329885
8237,4.073610063642263
8238,3.9054870139807463
8239,4.382863873615861
8240,4.5032440684735775
8241,5.5127188097685575
8242,5.834401119500399
8243,5.414310144260526
8244,4.91336896084249
8245,6.66645891033113
8246,5.642622010782361
8247,4.861931782215834
8248,5.330515094101429
8249,4.810205195099115
8250,4.347780952230096
8251,5.07928803563118
8252,4.343364154919982
8253,4.459618125110865
8254,4.754200112074614
8255,4.518066067248583
8256,5.051145795732737
8257,5.3519869688898325
8258,4.951226059347391
8259,4.950794856995344
8260,4.794260952621698
8261,3.9739899802953005
8262,5.239167017862201
8263,4.866619128733873
8264,5.080479895696044
8265,4.9012210220098495
8266,4.911806900054216
8267,4.339057952165604
8268,5.056833848357201
8269,4.952328046783805
8270,5.431256024166942
8271,4.480428993701935
8272,4.622242879122496
8273,4.627609858289361
8274,4.117195028811693
8275,3.896374022588134
8276,5.234661046415567
8277,3.983735106885433
8278,4.295191960409284
8279,4.940469982102513
8280,4.127671010792255
8281,4.830815130844712
8282,4.752167034894228
8283,5.924074910581112
8284,5.675022024661303
8285,5.03473193384707
8286,4.666449036449194
8287,4.694781033322215
8288,4.9221019726246595
8289,4.618476144969463
8290,4.93805599398911
8291,4.0476510766893625
8292,4.369793925434351
8293,3.959359135478735
8294,4.9641248770058155
8295,4.752767970785499
8296,4.6211599837988615
8297,4.121111007407308
8298,4.9404900055378675
8299,5.049312952905893
8300,4.3026728089898825
8301,6.006990093737841
8302,7.695763139054179
8303,5.882262019440532
8304,4.803985124453902
8305,5.098846973851323
8306,5.507109919562936
8307,5.50318299792707
8308,5.027781007811427
8309,4.523605108261108
8310,5.279719131067395
8311,4.668331006541848
8312,4.7429329715669155
8313,5.412387894466519
8314,4.986209096387029
8315,4.997085081413388
8316,4.268693039193749
8317,4.659068072214723
8318,5.012598121538758
8319,4.733579931780696
8320,4.7714561223983765
8321,4.532037070021033
8322,4.612878896296024
8323,4.6732190530747175
8324,4.543182905763388
8325,4.291967023164034
8326,5.757245002314448
8327,4.655801923945546
8328,4.5523978769779205
8329,4.728731932118535
8330,4.409294109791517
8331,4.155241884291172
8332,4.784015007317066
8333,4.0903540793806314
8334,4.328472074121237
8335,4.7935498878359795
8336,4.956733901053667
8337,5.446608876809478
8338,4.343364154919982
8339,5.290094064548612
8340,5.569142987951636
8341,5.495151970535517
8342,4.88117104396224
8343,4.771265899762511
8344,4.5216018334031105
8345,4.593958845362067
8346,4.967449931427836
8347,5.178736988455057
8348,5.208300892263651
8349,4.432406974956393
8350,4.738215822726488
8351,4.494481021538377
8352,4.727079998701811
8353,4.722163081169128
8354,4.762962926179171
8355,4.943544045090675
8356,4.718377022072673
8357,4.623094107955694
8358,4.719408927485347
8359,4.775882000103593
8360,4.762793891131878
8361,4.471495980396867
8362,4.55400999635458
8363,5.06841205060482
8364,4.1858479380607605
8365,4.660069011151791
8366,4.9675810150802135
8367,5.02777099609375
8368,4.899939056485891
8369,5.127719836309552
8370,5.249583162367344
8371,4.704076098278165
8372,4.911406198516488
8373,4.959508078172803
8374,4.634140059351921
8375,5.704044830054045
8376,4.285025876015425
8377,5.333048058673739
8378,4.614441189914942
8379,4.501039860770106
8380,4.964645951986313
8381,5.431565921753645
8382,5.364104872569442
8383,6.089712958782911
8384,5.227179965004325
8385,4.927220055833459
8386,4.965267144143581
8387,5.123744020238519
8388,4.720398923382163
8389,4.623103886842728
8390,4.1264991741627455
8391,4.8753018490970135
8392,4.833718994632363
8393,4.677715944126248
8394,5.364957032725215
8395,5.4029431194067
8396,4.693849012255669
8397,4.8408410511910915
8398,4.373439121991396
8399,5.241992184892297
8400,4.29421104490757
8401,5.29686501249671
8402,5.699086934328079
8403,4.854430910199881
8404,5.0815308932214975
8405,4.7487730626016855
8406,4.189944127574563
8407,5.0043759401887655
8408,4.190474050119519
8409,3.5773860290646553
8410,4.149232991039753
8411,4.25310805439949
8412,4.8688119277358055
8413,4.684224957600236
8414,4.7500040382146835
8415,4.742872901260853
8416,4.785706987604499
8417,4.189282888546586
8418,4.279047949239612
8419,4.234560998156667
8420,4.564306000247598
8421,4.62104007601738
8422,4.869453143328428
8423,4.627150017768145
8424,4.620940890163183
8425,4.710624925792217
8426,4.774912027642131
8427,4.8496529925614595
8428,5.109634017571807
8429,4.547000164166093
8430,4.668351961299777
8431,4.465698031708598
8432,4.694902105256915
8433,4.772387910634279
8434,4.082042025402188
8435,4.532238002866507
8436,4.260319983586669
8437,4.605817841365933
8438,5.176192848011851
8439,4.646858898922801
8440,4.000358982011676
8441,4.4139300007373095
8442,6.084576016291976
8443,5.5786059238016605
8444,4.8951320350170135
8445,4.815903026610613
8446,4.740650067105889
8447,4.897464998066425
8448,5.34680881537497
8449,4.739828174933791
8450,4.287429852411151
8451,4.8685818910598755
8452,4.040800034999847
8453,5.063814111053944
8454,4.943114006891847
8455,4.68730996362865
8456,5.622913129627705
8457,5.120069021359086
8458,4.871356068179011
8459,5.525287007912993
8460,4.949403926730156
8461,5.757295060902834
8462,4.419737961143255
8463,5.384276155382395
8464,4.4583969283849
8465,4.391957074403763
8466,4.097245167940855
8467,4.329834133386612
8468,4.807549994438887
8469,4.693338880315423
8470,4.997825948521495
8471,5.275691859424114
8472,4.268022021278739
8473,5.086759105324745
8474,5.436743842437863
8475,5.964876152575016
8476,4.4542900286614895
8477,4.435932962223887
8478,3.5840258933603764
8479,3.8504849653691053
8480,4.113530041649938
8481,4.163513891398907
8482,4.624536028131843
8483,5.658936919644475
8484,4.846598953008652
8485,4.857915919274092
8486,4.510384984314442
8487,4.720350028946996
8488,5.030724918469787
8489,4.3128179386258125
8490,5.105837946757674
8491,4.857785999774933
8492,4.891014890745282
8493,4.488461883738637
8494,4.6870100777596235
8495,4.482412012293935
8496,4.86199208535254
8497,4.3061780743300915
8498,4.372708033770323
8499,3.6209209356456995
8500,4.297625971958041
8501,4.377415170893073
8502,4.093429073691368
8503,4.86118090339005
8504,4.183063982054591
8505,4.194631008431315
8506,4.056453006342053
8507,4.099067999050021
8508,4.314931109547615
8509,4.00824099779129
8510,3.754660952836275
8511,4.545867908746004
8512,4.8009410966187716
8513,4.669362911954522
8514,5.134260049089789
8515,4.468752071261406
8516,5.38516603410244
8517,4.822573158890009
8518,4.684505984187126
8519,4.77543193846941
8520,4.80746990069747
8521,4.931886913254857
8522,4.178816918283701
8523,4.029063042253256
8524,5.478746956214309
8525,5.109212826937437
8526,4.874059930443764
8527,4.681261023506522
8528,5.244955886155367
8529,4.69936802983284
8530,4.112207097932696
8531,4.857245134189725
8532,4.60704998113215
8533,5.0027440302073956
8534,4.67459112405777
8535,5.21620293147862
8536,5.4796680342406034
8537,5.161911947652698
8538,4.839307861402631
8539,5.018857074901462
8540,6.714551011100411
8541,5.527138942852616
8542,6.685407133772969
8543,5.34753012470901
8544,5.011666100472212
8545,4.8248958773911
8546,5.410955054685473
8547,4.890424897894263
8548,4.6666390262544155
8549,4.536172840744257
8550,4.1758231818675995
8551,4.5986471232026815
8552,4.185948055237532
8553,5.0688928458839655
8554,5.7530091144144535
8555,6.109973881393671
8556,5.008321022614837
8557,4.276013933122158
8558,4.161200951784849
8559,4.06648893840611
8560,4.471747204661369
8561,4.122301936149597
8562,4.334150115028024
8563,4.477004986256361
8564,4.702002042904496
8565,4.0773749351501465
8566,4.142282996326685
8567,5.457554943859577
8568,4.496464040130377
8569,4.54688910394907
8570,4.1123980190604925
8571,5.02608809620142
8572,4.516142886132002
8573,4.356323974207044
8574,5.368801997974515
8575,4.610545001924038
8576,5.2073809783905745
8577,4.772037034854293
8578,4.100761143490672
8579,4.330785013735294
8580,4.832568112760782
8581,4.356034100055695
8582,4.450544947758317
8583,5.341771990060806
8584,5.1280108746141195
8585,4.850013880059123
8586,5.226679146289825
8587,4.8642149195075035
8588,6.323063978925347
8589,6.448701955378056
8590,4.8965339083224535
8591,4.243934992700815
8592,4.575733095407486
8593,4.75485110655427
8594,4.950945032760501
8595,4.76749986410141
8596,4.590636119246483
8597,4.923264030367136
8598,4.760639974847436
8599,4.618295934051275
8600,4.539349116384983
8601,5.464636022225022
8602,4.3446761555969715
8603,4.640669794753194
8604,4.795463057234883
8605,4.892447963356972
8606,4.887930816039443
8607,4.535641986876726
8608,4.486889112740755
8609,4.681100836023688
8610,5.1542408764362335
8611,4.105457104742527
8612,6.071846932172775
8613,5.219267914071679
8614,4.324856912717223
8615,4.020038992166519
8616,4.958045901730657
8617,5.057756090536714
8618,4.780950956046581
8619,4.629964008927345
8620,4.821971990168095
8621,4.13594301789999
8622,5.068532191216946
8623,3.746198955923319
8624,4.188532009720802
8625,4.889553878456354
8626,4.318637074902654
8627,5.292376969009638
8628,6.040338892489672
8629,4.862512927502394
8630,5.187540082260966
8631,4.149132873862982
8632,4.51595289632678
8633,4.284325987100601
8634,4.133789800107479
8635,3.850876120850444
8636,4.679898964241147
8637,4.436704097315669
8638,4.566778894513845
8639,4.414451075717807
8640,3.978546941652894
8641,4.273449070751667
8642,4.9171750433743
8643,4.50952397659421
8644,4.7468990087509155
8645,5.276032956317067
8646,4.447459941729903
8647,4.548592027276754
8648,4.443534882739186
8649,4.007951123639941
8650,3.782683052122593
8651,4.1219620034098625
8652,4.276094026863575
8653,4.850884899497032
8654,4.655161174014211
8655,4.444656195119023
8656,4.393800161778927
8657,5.164434900507331
8658,4.448753083124757
8659,4.840160021558404
8660,4.9949821550399065
8661,5.605057114735246
8662,4.767139907926321
8663,4.412658046931028
8664,4.100700141862035
8665,4.694860894232988
8666,4.51251701451838
8667,4.381972132250667
8668,4.543143091723323
8669,5.23398001678288
8670,4.842682974413037
8671,4.730013897642493
8672,4.50743013061583
8673,5.20187197253108
8674,4.839648026973009
8675,5.46785001643002
8676,5.079759052023292
8677,4.224776057526469
8678,5.611155880615115
8679,5.2613308653235435
8680,4.214040003716946
8681,4.536203108727932
8682,5.316554103046656
8683,5.456523969769478
8684,4.482883960008621
8685,4.946328001096845
8686,4.615182057023048
8687,5.978817120194435
8688,5.0197988748550415
8689,4.390585003420711
8690,4.1550518944859505
8691,4.5619020238518715
8692,5.850595189258456
8693,4.34068008325994
8694,4.323654808104038
8695,4.320029867812991
8696,3.5252778325229883
8697,3.963744966313243
8698,4.456633934751153
8699,3.6244760267436504
8700,4.145207116380334
8701,4.224695963785052
8702,3.8054469041526318
8703,4.701141035184264
8704,4.729572916403413
8705,5.064725875854492
8706,4.6573549043387175
8707,3.946498967707157
8708,4.111996851861477
8709,4.817926092073321
8710,5.209713010117412
8711,4.827830009162426
8712,4.511045990511775
8713,4.2402599938213825
8714,4.406399093568325
8715,5.753819132223725
8716,4.73354896530509
8717,4.954550880938768
8718,4.862562986090779
8719,4.22208197414875
8720,4.45398990996182
8721,4.449072992429137
8722,5.0669400952756405
8723,4.873019177466631
8724,4.322192864492536
8725,4.570564953610301
8726,4.3427839409559965
8727,4.16055996902287
8728,5.693178856745362
8729,5.75533090159297
8730,4.855762934312224
8731,4.725486971437931
8732,4.963143961504102
8733,5.414451006799936
8734,4.865597002208233
8735,5.3857979364693165
8736,4.893007921054959
8737,4.862943897023797
8738,4.7454978339374065
8739,5.450555123388767
8740,5.696503911167383
8741,5.5274697951972485
8742,4.648291040211916
8743,4.710836103186011
8744,4.896504106000066
8745,4.525837954133749
8746,4.418516997247934
8747,4.403364146128297
8748,4.712768131867051
8749,5.03021408803761
8750,4.206359153613448
8751,4.5737100299447775
8752,4.998377058655024
8753,4.578026011586189
8754,5.043264012783766
8755,5.443714093416929
8756,5.84812113083899
8757,5.166559014469385
8758,4.816804081201553
8759,4.962533013895154
8760,4.482312127947807
8761,4.499238217249513
8762,3.743695095181465
8763,5.047701066359878
8764,5.154439946636558
8765,5.671025021001697
8766,4.349753959104419
8767,3.7190979346632957
8768,4.30921302177012
8769,4.3628530111163855
8770,4.484114935621619
8771,4.731134977191687
8772,4.5744499657303095
8773,4.744796082377434
8774,4.709593020379543
8775,4.851566860452294
8776,4.362002015113831
8777,4.4646060559898615
8778,3.6642150953412056
8779,4.744805861264467
8780,5.096434149891138
8781,5.049712955951691
8782,4.645186942070723
8783,4.2622319888323545
8784,4.732026951387525
8785,5.5007911287248135
8786,5.72773115709424
8787,4.985277075320482
8788,4.790934966877103
8789,4.876354010775685
8790,5.191144999116659
8791,4.8513771034777164
8792,4.8611711245030165
8793,4.9418320413678885
8794,5.023134173825383
8795,4.945156862959266
8796,5.0777350552380085
8797,4.751435946673155
8798,5.8345310389995575
8799,4.707130137830973
8800,4.972908180207014
8801,5.053268978372216
8802,4.874190082773566
8803,4.766940139234066
8804,4.823053954169154
8805,5.069873994216323
8806,5.0863290671259165
8807,4.936864133924246
8808,4.84384479932487
8809,4.660178907215595
8810,4.000689834356308
8811,4.996794043108821
8812,5.1848560106009245
8813,4.306368995457888
8814,5.0848370883613825
8815,5.021972116082907
8816,4.671225789934397
8817,4.748402163386345
8818,4.9408599734306335
8819,4.52631781809032
8820,4.258326953276992
8821,4.615521989762783
8822,4.172658082097769
8823,4.471706924960017
8824,5.2439451683312654
8825,4.698787117376924
8826,4.47160704061389
8827,5.162541987374425
8828,6.063854089006782
8829,5.076944129541516
8830,5.586459068581462
8831,5.908661056309938
8832,5.6066690012812614
8833,4.873788915574551
8834,5.767149152234197
8835,6.664755987003446
8836,5.9498329646885395
8837,6.9129979237914085
8838,5.098056048154831
8839,3.9745208341628313
8840,4.314440069720149
8841,4.529033089056611
8842,4.594090161845088
8843,4.120700992643833
8844,4.5231429394334555
8845,5.049712955951691
8846,4.162471974268556
8847,5.915973102673888
8848,6.0359330382198095
8849,5.629091989248991
8850,4.850836005061865
8851,5.240188911557198
8852,4.432117100805044
8853,4.907069029286504
8854,5.865807877853513
8855,6.787260062992573
8856,5.666349083185196
8857,5.623774137347937
8858,6.0485610738396645
8859,6.1023421585559845
8860,5.332357948645949
8861,6.429854081943631
8862,6.402452941983938
8863,5.925638135522604
8864,6.269522942602634
8865,5.226938985288143
8866,5.514751188457012
8867,5.890645086765289
8868,6.276402855291963
8869,5.792867857962847
8870,5.795252043753862
8871,5.141050089150667
8872,5.027129082009196
8873,5.236323922872543
8874,4.927048925310373
8875,4.496174165979028
8876,4.024736117571592
8877,5.7430630549788475
8878,4.804715979844332
8879,4.75897709839046
8880,5.414751125499606
8881,4.97788586653769
8882,4.577866056933999
8883,4.5650971587747335
8884,6.693438859656453
8885,5.528411129489541
8886,4.477726062759757
8887,5.617315182462335
8888,4.971836926415563
8889,6.4720469526946545
8890,6.2487320974469185
8891,6.450314074754715
8892,5.248360801488161
8893,5.88308391161263
8894,7.423684000968933
8895,6.213128101080656
8896,5.468010902404785
8897,6.100218975916505
8898,8.043073117733002
8899,6.420900113880634
8900,7.616262882947922
8901,5.393548868596554
8902,5.566929001361132
8903,5.178417079150677
8904,5.613720044493675
8905,5.806829081848264
8906,6.175002083182335
8907,6.195682100951672
8908,5.828791996464133
8909,6.124465027824044
8910,5.27049507945776
8911,5.635801935568452
8912,7.342141820117831
8913,6.685758009552956
8914,5.597654962912202
8915,4.664766136556864
8916,4.778967006132007
8917,5.690834950655699
8918,7.699578069150448
8919,10.124775115400553
8920,7.472207071259618
8921,5.68799115717411
8922,5.828731926158071
8923,6.0616410337388515
8924,5.521900951862335
8925,5.700790090486407
8926,5.396383116021752
8927,6.161640863865614
8928,5.952147068455815
8929,5.524004809558392
8930,4.611676093190908
8931,4.277105210348964
8932,4.074411001056433
8933,4.211285850033164
8934,4.312759032472968
8935,3.7329180631786585
8936,4.8221321776509285
8937,4.474700894206762
8938,4.782883916050196
8939,5.485276924446225
8940,6.111977156251669
8941,6.476914044469595
8942,5.005125887691975
8943,6.575512001290917
8944,6.1889521311968565
8945,5.993138998746872
8946,5.175221944227815
8947,5.780900828540325
8948,5.376434186473489
8949,5.094811087474227
8950,5.0050069112330675
8951,4.807960940524936
8952,5.149774020537734
8953,5.155563121661544
8954,5.355271976441145
8955,5.202131811529398
8956,4.930965136736631
8957,5.2887629717588425
8958,5.68087981082499
8959,4.315932979807258
8960,5.046159029006958
8961,5.071527091786265
8962,4.875242011621594
8963,5.258888006210327
8964,4.803895018994808
8965,4.835070809349418
8966,4.159047966822982
8967,4.987980937585235
8968,5.115923006087542
8969,5.46893198043108
8970,5.626098020002246
8971,5.305828060954809
8972,6.8685009609907866
8973,4.829852841794491
8974,5.242493003606796
8975,5.077535985037684
8976,5.053729983046651
8977,5.211286013945937
8978,5.8810110203921795
8979,5.08567807264626
8980,4.0141199715435505
8981,5.129904020577669
8982,5.938766989856958
8983,4.576975014060736
8984,5.126368021592498
8985,4.972228081896901
8986,5.135672865435481
8987,4.8587380442768335
8988,4.542854148894548
8989,4.830474033951759
8990,4.548432072624564
8991,4.859248176217079
8992,4.902662942185998
8993,5.164945963770151
8994,5.760558880865574
8995,5.474790930747986
8996,5.225747125223279
8997,5.328041035681963
8998,5.397514905780554
8999,5.084556061774492
9000,4.342183005064726
9001,4.354090895503759
9002,4.509764024987817
9003,4.054631106555462
9004,4.718908108770847
9005,3.760861000046134
9006,4.674161085858941
9007,4.9564538057893515
9008,4.746558843180537
9009,4.51609306037426
9010,4.570484859868884
9011,6.06784108094871
9012,6.001902045682073
9013,4.501841962337494
9014,5.171194905415177
9015,5.11973793618381
9016,6.095831980928779
9017,5.632176995277405
9018,5.339848808944225
9019,3.8273700047284365
9020,4.17284807190299
9021,4.054301185533404
9022,4.062633030116558
9023,4.95516206137836
9024,4.965707194060087
9025,4.0714971255511045
9026,4.768291022628546
9027,5.095511907711625
9028,5.024236161261797
9029,4.725046921521425
9030,4.467740887776017
9031,4.156122915446758
9032,4.591205157339573
9033,4.213098902255297
9034,4.548432072624564
9035,5.291296169161797
9036,4.52897185459733
9037,4.535592859610915
9038,5.885446909815073
9039,4.446018021553755
9040,4.382862942293286
9041,4.872927907854319
9042,4.524456104263663
9043,5.418597022071481
9044,4.87277889624238
9045,4.843875067308545
9046,5.463835084810853
9047,5.395201966166496
9048,5.401640897616744
9049,4.2692129500210285
9050,4.446438979357481
9051,4.821802023798227
9052,4.349023103713989
9053,4.513890016824007
9054,5.019468022510409
9055,4.343264037743211
9056,4.587759962305427
9057,5.3534191101789474
9058,5.534891039133072
9059,5.654090084135532
9060,5.440880078822374
9061,4.4807810336351395
9062,4.850704921409488
9063,5.49393892288208
9064,4.804054973646998
9065,4.503615200519562
9066,4.727108869701624
9067,4.929763963446021
9068,5.450665019452572
9069,4.9635739997029305
9070,4.897475009784102
9071,4.43650409579277
9072,5.365977995097637
9073,5.236543947830796
9074,4.07038489356637
9075,4.378556972369552
9076,4.341861931607127
9077,4.811005899682641
9078,4.369342932477593
9079,5.94660802744329
9080,5.069612991064787
9081,5.8648360427469015
9082,4.4051469303667545
9083,4.384415922686458
9084,5.3722981829196215
9085,5.390605190768838
9086,4.241640912368894
9087,4.44707996211946
9088,5.141441011801362
9089,4.680248908698559
9090,5.535932956263423
9091,4.661701153963804
9092,4.796314053237438
9093,5.245396867394447
9094,4.946237895637751
9095,4.822523100301623
9096,4.242714028805494
9097,5.45850582420826
9098,5.84481586702168
9099,5.773519165813923
9100,4.715873161330819
9101,4.144866019487381
9102,4.7894129529595375
9103,4.754501162096858
9104,5.125667899847031
9105,6.27510086633265
9106,4.219128051772714
9107,5.1440049428492785
9108,4.991637077182531
9109,4.790164064615965
9110,4.3594990856945515
9111,4.297695122659206
9112,4.717515083029866
9113,3.9990381337702274
9114,4.176403861492872
9115,4.360620165243745
9116,4.306138027459383
9117,4.181931959465146
9118,5.022974219173193
9119,5.002092104405165
9120,4.699417855590582
9121,4.317826125770807
9122,4.331757081672549
9123,4.159928997978568
9124,4.499428207054734
9125,4.426038125529885
9126,4.073709947988391
9127,5.011225817725062
9128,4.770705010741949
9129,4.717345116659999
9130,4.559708992019296
9131,4.613518947735429
9132,4.184985999017954
9133,4.423734964802861
9134,4.070715047419071
9135,5.134020000696182
9136,6.069832947105169
9137,4.878415958955884
9138,4.363004118204117
9139,4.277065163478255
9140,5.117855966091156
9141,4.236984997987747
9142,4.7965741250664
9143,4.627188900485635
9144,4.627760965377092
9145,4.679088015109301
9146,4.343353910371661
9147,3.855472896248102
9148,4.006569040939212
9149,4.590434953570366
9150,4.879118176177144
9151,4.393779905512929
9152,4.506499040871859
9153,4.4974349439144135
9154,4.9443060997873545
9155,4.409172805026174
9156,4.408692009747028
9157,4.554480779916048
9158,4.774711094796658
9159,4.480830859392881
9160,4.166639177128673
9161,4.338737111538649
9162,3.9125168696045876
9163,4.040258936583996
9164,4.082754021510482
9165,4.033629084005952
9166,3.9952420629560947
9167,3.90619901008904
9168,4.7350621316581964
9169,5.126629024744034
9170,4.317245911806822
9171,4.1141200345009565
9172,6.2634439673274755
9173,5.038307048380375
9174,4.781712079420686
9175,5.106839118525386
9176,4.433708963915706
9177,4.524955991655588
9178,4.826700082048774
9179,4.246237920597196
9180,4.841140937060118
9181,4.826558055356145
9182,4.087039967998862
9183,4.413669928908348
9184,6.618977058678865
9185,6.510464940220118
9186,5.360560026019812
9187,5.808511981740594
9188,4.904926056042314
9189,4.354320932179689
9190,4.777885973453522
9191,4.77741495706141
9192,5.236885044723749
9193,5.160209024325013
9194,4.561742069199681
9195,4.520781105384231
9196,4.881430882960558
9197,4.476453177630901
9198,4.409253131598234
9199,3.9487918838858604
9200,4.269593860954046
9201,4.6155930031090975
9202,4.658776801079512
9203,4.653298994526267
9204,4.334811819717288
9205,4.376393975690007
9206,4.300119122490287
9207,4.398657009005547
9208,4.430163884535432
9209,5.114289931952953
9210,3.779768943786621
9211,4.1670899372547865
9212,5.987970856949687
9213,5.2144210785627365
9214,4.852909129112959
9215,4.253498977050185
9216,5.447150208055973
9217,4.965606844052672
9218,4.876874154433608
9219,4.741010023280978
9220,4.9258871003985405
9221,4.875512095168233
9222,5.349203012883663
9223,6.644916022196412
9224,6.635252153500915
9225,5.557654891163111
9226,4.7689019702374935
9227,5.260128993541002
9228,4.902232903987169
9229,5.191005067899823
9230,4.4795789290219545
9231,4.446437815204263
9232,4.3206000700592995
9233,4.465698031708598
9234,5.124104907736182
9235,4.681000020354986
9236,4.539818968623877
9237,4.749102983623743
9238,4.316973965615034
9239,4.123003920540214
9240,3.9056779351085424
9241,4.421201068907976
9242,5.559368059039116
9243,4.355964018031955
9244,4.236393142491579
9245,4.862793022766709
9246,4.550563869997859
9247,4.456613911315799
9248,4.337945953011513
9249,4.9595090094953775
9250,5.3592578042298555
9251,5.255131982266903
9252,5.21927815862
9253,5.84255182184279
9254,5.08532696403563
9255,6.300860084593296
9256,5.518146092072129
9257,4.880210151895881
9258,5.527890985831618
9259,5.293628899380565
9260,5.426448071375489
9261,4.503293894231319
9262,4.6326881274580956
9263,4.451134940609336
