batch_idx,latency_ms
0,11.125348974019289
1,7.737459964118898
2,8.566525066271424
3,8.001293987035751
4,8.015555096790195
5,7.871179026551545
6,7.982405018992722
7,6.853903993032873
8,8.405755972489715
9,7.19614396803081
10,6.743449019268155
11,7.023095968179405
12,6.516600959002972
13,7.146220072172582
14,6.684351013973355
15,6.720605073496699
16,7.316412054933608
17,6.329581956379116
18,6.8470429396256804
19,6.498705013655126
20,6.850067991763353
21,6.199168041348457
22,7.0310080191120505
23,7.170255063101649
24,7.545243948698044
25,7.141191978007555
26,6.12944399472326
27,6.53675093781203
28,6.6524839494377375
29,7.56774703040719
30,7.718662964180112
31,7.917689043097198
32,7.18563690315932
33,7.993872044607997
34,7.855426054447889
35,8.145128027535975
36,7.38607591483742
37,7.957066991366446
38,8.066440932452679
39,7.177816005423665
40,8.322751964442432
41,7.354248897172511
42,7.137997075915337
43,7.691601989790797
44,7.14492704719305
45,6.6171810030937195
46,7.128573022782803
47,7.089575054123998
48,7.01346097048372
49,6.498272996395826
50,6.534017040394247
51,7.131336955353618
52,6.767153972759843
53,7.045097998343408
54,7.092159008607268
55,6.8917500320822
56,7.233139011077583
57,7.2105450090020895
58,6.920692976564169
59,6.4891400979831815
60,6.209342973306775
61,7.525895023718476
62,7.007552077993751
63,6.94588094484061
64,6.9991800701245666
65,6.985759944655001
66,6.466645980253816
67,6.883807945996523
68,7.315711001865566
69,7.37949600443244
70,7.618081988766789
71,7.310163113288581
72,6.884849979542196
73,6.917287944816053
74,6.869036005809903
75,6.45089300815016
76,6.7557370057329535
77,6.314650061540306
78,6.398904952220619
79,7.206699112430215
80,6.679734098725021
81,6.909916992299259
82,7.735898019745946
83,7.849227054975927
84,8.02002102136612
85,6.728647043928504
86,6.772942957468331
87,7.380357943475246
88,7.17470096424222
89,7.33804504852742
90,7.830037968233228
91,7.804460008628666
92,6.901884917169809
93,7.4541280046105385
94,7.3468879563733935
95,6.714785937219858
96,7.264785002917051
97,7.090436993166804
98,6.981793907471001
99,7.497712969779968
100,7.534567965194583
101,8.538363967090845
102,7.456762017682195
103,8.062715060077608
104,6.976346019655466
105,7.529219030402601
106,7.131927064619958
107,6.601818022318184
108,7.454958977177739
109,6.750329048372805
110,6.791761028580368
111,6.609468953683972
112,6.709648063406348
113,7.348089944571257
114,7.111608050763607
115,7.744750939309597
116,6.815787055529654
117,7.328270003199577
118,7.036465918645263
119,7.370613981038332
120,6.688097026199102
121,6.492814980447292
122,8.1055189948529
123,7.028242922388017
124,6.919241044670343
125,7.468560012057424
126,6.639424012973905
127,7.5389540288597345
128,7.07620510365814
129,6.772713037207723
130,7.0880630519241095
131,7.016016053967178
132,6.890548043884337
133,7.025177939794958
134,6.810960010625422
135,6.463452009484172
136,5.9616450453177094
137,7.280539022758603
138,7.771660923026502
139,6.474168039858341
140,6.359166000038385
141,6.97079801466316
142,7.403442985378206
143,6.516530993394554
144,6.639614002779126
145,7.511673960834742
146,8.67601903155446
147,6.925269961357117
148,6.529360078275204
149,6.600606953725219
150,6.075484096072614
151,6.5857539884746075
152,6.70906703453511
153,6.808856036514044
154,8.550701895728707
155,8.279858971945941
156,7.046891027130187
157,8.76025389879942
158,8.609799901023507
159,8.39266600087285
160,7.7670549508184195
161,7.16020108666271
162,8.302623056806624
163,7.2867380222305655
164,7.41578103043139
165,7.45019200257957
166,8.5736169712618
167,8.11876798979938
168,9.01849998626858
169,7.315431023016572
170,7.0063009625300765
171,8.41136509552598
172,6.565344054251909
173,7.288740947842598
174,6.7525230115279555
175,7.420588983222842
176,7.456021034158766
177,7.9533320385962725
178,7.636119029484689
179,7.7354570385068655
180,7.213999982923269
181,6.669359048828483
182,6.727725965902209
183,6.42588606569916
184,6.965439999476075
185,6.7377600353211164
186,6.850188015960157
187,7.554257987067103
188,7.094242027960718
189,8.152578957378864
190,7.028153049759567
191,7.292456924915314
192,6.735287024639547
193,6.438474985770881
194,6.88043306581676
195,8.166319108568132
196,7.022785022854805
197,7.439485983923078
198,7.231716066598892
199,7.380648981779814
200,6.90064299851656
201,7.643871009349823
202,6.83428393676877
203,6.845301017165184
204,8.974614087492228
205,8.031868957914412
206,7.7090279664844275
207,8.539255009964108
208,6.918661063537002
209,6.472756038419902
210,7.754595950245857
211,7.242613006383181
212,6.845140014775097
213,6.532744970172644
214,7.894063019193709
215,7.882035919465125
216,6.976897013373673
217,7.54370098002255
218,6.592415040358901
219,7.040751981548965
220,7.373427972197533
221,6.78685400635004
222,6.471314001828432
223,7.0650080451741815
224,6.632733973674476
225,6.718943011946976
226,7.1467600064352155
227,7.312446949072182
228,8.706734981387854
229,7.26410502102226
230,6.824228912591934
231,6.8534029414877295
232,8.03265010472387
233,7.618003059178591
234,7.578302989713848
235,7.061974029056728
236,7.058269111439586
237,6.776227965019643
238,7.239909027703106
239,7.212679018266499
240,6.753553985618055
241,6.160611053928733
242,5.936727044172585
243,6.766873993910849
244,6.93588494323194
245,6.760655087418854
246,7.386438082903624
247,7.341308984905481
248,6.730049033649266
249,7.109303958714008
250,7.242252002470195
251,7.837449084036052
252,7.224626955576241
253,7.642328971996903
254,6.823127972893417
255,7.822016952559352
256,7.670479943044484
257,7.368119899183512
258,7.260629907250404
259,7.858390919864178
260,7.647836930118501
261,6.901995046064258
262,6.9798920303583145
263,7.098098052665591
264,7.184816990047693
265,6.620486034080386
266,6.928185001015663
267,6.695447955280542
268,7.2713460540398955
269,7.684792042709887
270,7.211697055026889
271,6.520195980556309
272,8.453768095932901
273,7.707896991632879
274,8.629509946331382
275,6.703280028887093
276,7.5540769612416625
277,7.338064955547452
278,7.248901994898915
279,6.7160590551793575
280,7.18928303103894
281,7.367257960140705
282,7.073460961692035
283,6.689728936180472
284,6.5728649497032166
285,7.4844639748334885
286,8.749047992751002
287,7.676910026930273
288,7.746935007162392
289,7.309752982109785
290,7.0556639693677425
291,7.415881031192839
292,7.846402004361153
293,6.967053050175309
294,8.01639596465975
295,7.418255088850856
296,7.055173977278173
297,6.675328011624515
298,7.163024041801691
299,6.928574992343783
300,6.648326991125941
301,6.683920975774527
302,6.633654935285449
303,6.375571014359593
304,6.715186988003552
305,6.775065907277167
306,6.746163009665906
307,7.358485017903149
308,7.577663054689765
309,8.351234951987863
310,7.851600996218622
311,8.52238992229104
312,7.471002987585962
313,6.894113030284643
314,7.594477036036551
315,7.682809024117887
316,6.8024080246686935
317,7.236663950607181
318,8.167051011696458
319,6.907834089361131
320,6.832331069745123
321,7.410123012959957
322,6.922595901414752
323,7.026141043752432
324,6.756920018233359
325,6.899622036144137
326,6.7771500907838345
327,6.545523996464908
328,6.861704983748496
329,7.07454199437052
330,7.082744967192411
331,6.355670979246497
332,7.161661982536316
333,6.519385031424463
334,6.931539974175394
335,7.998709916137159
336,7.257235003635287
337,7.4071179842576385
338,6.772413034923375
339,6.994663970544934
340,7.136364001780748
341,7.179950014688075
342,6.462150020524859
343,7.692794082686305
344,6.908525014296174
345,6.57573901116848
346,7.31340900529176
347,6.013461039401591
348,6.825561984442174
349,6.78672397043556
350,7.19157699495554
351,7.30561709497124
352,7.199959014542401
353,7.0119190495461226
354,6.865170900709927
355,6.705372943542898
356,6.85902195982635
357,7.357003050856292
358,7.100340910255909
359,7.868165033869445
360,8.261871989816427
361,7.512305048294365
362,7.343224016949534
363,6.957869045436382
364,6.497972994111478
365,6.990296998992562
366,6.768536986783147
367,7.1809610817581415
368,7.037056959234178
369,8.520115981809795
370,7.807755959220231
371,6.763980025425553
372,8.353108074516058
373,7.675247965380549
374,8.778991992585361
375,7.955444976687431
376,7.535620010457933
377,7.102825096808374
378,8.109955000691116
379,7.475521066226065
380,7.747304975055158
381,7.563562016002834
382,7.571783964522183
383,7.882195990532637
384,6.479305098764598
385,7.56432197522372
386,7.39240599796176
387,7.771710981614888
388,7.548528956249356
389,7.2991380002349615
390,8.72411101590842
391,7.364835008047521
392,7.537623052485287
393,6.992259994149208
394,7.251395960338414
395,6.885921000503004
396,7.02056207228452
397,7.335581933148205
398,7.678703055717051
399,7.495700032450259
400,8.674566983245313
401,7.3060879949480295
402,7.233439013361931
403,6.999710923992097
404,6.516451016068459
405,6.6572410287335515
406,6.523401010781527
407,7.1949620032683015
408,7.243904983624816
409,6.827294011600316
410,6.7030590726062655
411,6.8947040708735585
412,7.079961011186242
413,8.073161006905138
414,7.642138050869107
415,7.926833000965416
416,7.54017592407763
417,7.9289659624919295
418,6.652132957242429
419,6.7205659579485655
420,7.312326924875379
421,7.003827020525932
422,6.94930600002408
423,6.716529023833573
424,7.210816023871303
425,6.562269059941173
426,6.352206924930215
427,6.969787064008415
428,8.65766208153218
429,7.8132039634510875
430,7.667856989428401
431,7.741014938801527
432,7.343253935687244
433,6.687195971608162
434,7.1602200623601675
435,6.6302199847996235
436,6.709387991577387
437,7.075625006109476
438,6.7753460025414824
439,6.454398040659726
440,7.742057088762522
441,7.784650893881917
442,8.11443303246051
443,7.46029696892947
444,6.895025027915835
445,6.964147905819118
446,6.942226085811853
447,6.801826064474881
448,7.243084022775292
449,7.447898969985545
450,7.870048051699996
451,7.798050995916128
452,6.931319017894566
453,8.697451907210052
454,7.593555958010256
455,7.050876971334219
456,6.924098008312285
457,7.663770928047597
458,7.370763923972845
459,7.125408039428294
460,6.960632978007197
461,6.881145061925054
462,6.578133092261851
463,6.844419986009598
464,6.954864016734064
465,6.635439000092447
466,6.814665044657886
467,6.884008063934743
468,7.084527984261513
469,7.918850984424353
470,7.542059989646077
471,6.336392951197922
472,6.390854017809033
473,6.694555981084704
474,6.678342004306614
475,6.46736694034189
476,6.818571011535823
477,7.432014914229512
478,6.9580290000885725
479,7.090465980581939
480,7.746824994683266
481,6.970237009227276
482,6.510052015073597
483,7.127081044018269
484,7.742527988739312
485,8.820313960313797
486,7.379867020063102
487,8.416672004386783
488,8.166390005499125
489,8.101693005301058
490,6.849988014437258
491,6.387969944626093
492,7.366408011876047
493,7.326257997192442
494,7.542168954387307
495,8.05597600992769
496,8.522461052052677
497,7.211517076939344
498,7.844129926525056
499,8.12205404508859
500,6.8126419791951776
501,7.652483996935189
502,6.839061970822513
503,7.743200054392219
504,7.319096941500902
505,7.524733082391322
506,6.6503999987617135
507,6.8345339968800545
508,8.1359549658373
509,6.472264998592436
510,7.390232989564538
511,7.036665920168161
512,6.758450996130705
513,6.63731200620532
514,6.865701056085527
515,7.253970019519329
516,8.261020993813872
517,8.38616699911654
518,7.854204974137247
519,7.837189012207091
520,7.305967039428651
521,7.594026974402368
522,7.777780992910266
523,7.406338001601398
524,7.158717955462635
525,7.587897940538824
526,6.828074925579131
527,7.136145024560392
528,6.570252007804811
529,7.199337938800454
530,6.6416478948667645
531,7.183185080066323
532,6.6505708964541554
533,6.889777956530452
534,7.126039010472596
535,6.925710942596197
536,6.7024079617112875
537,6.451323977671564
538,6.782086915336549
539,7.315541966818273
540,8.274530991911888
541,8.174481918103993
542,9.029306005686522
543,8.639193954877555
544,8.310294011607766
545,7.1591290179640055
546,7.530633010901511
547,7.237015059217811
548,6.513405940495431
549,7.133981911465526
550,6.867664051242173
551,8.839754038490355
552,8.8740149512887
553,7.820674916729331
554,7.548018009401858
555,8.44846002291888
556,7.800835068337619
557,7.679034024477005
558,9.251276031136513
559,8.088264032267034
560,7.314280024729669
561,7.245218032039702
562,7.822095998562872
563,7.131126942113042
564,6.862106034532189
565,7.042574929073453
566,7.0421339478343725
567,6.943766959011555
568,7.257435005158186
569,7.245678105391562
570,7.43160501588136
571,8.03711696062237
572,6.925250054337084
573,6.972661009058356
574,7.0483039598912
575,6.925791036337614
576,6.531903985887766
577,7.987162913195789
578,7.785171968862414
579,6.810409016907215
580,8.033592021092772
581,8.536231005564332
582,8.335783029906452
583,7.759504020214081
584,7.460167980752885
585,7.9218558967113495
586,8.228402002714574
587,7.680696086026728
588,7.4528370751068
589,7.964188931509852
590,7.136866101063788
591,7.038910058327019
592,7.860164041630924
593,7.9086050391197205
594,7.462690933607519
595,7.365636993199587
596,7.92826502583921
597,7.018309086561203
598,7.122013019397855
599,6.3963920110836625
600,7.945680990815163
601,8.31722398288548
602,7.817249977961183
603,7.071157917380333
604,7.1566549595445395
605,8.339166990481317
606,7.903237012214959
607,7.875336101278663
608,8.009386016055942
609,7.88908707909286
610,7.427269010804594
611,6.4579740865156054
612,7.178987958468497
613,7.202623062767088
614,7.948815007694066
615,7.400528993457556
616,7.1093139704316854
617,6.689799949526787
618,6.877508945763111
619,7.830027956515551
620,6.831740960478783
621,6.7523031029850245
622,8.191747940145433
623,8.24977399315685
624,7.250775001011789
625,7.107151905074716
626,7.076004985719919
627,7.064667996019125
628,7.623651064932346
629,7.634287001565099
630,8.249924052506685
631,7.461098954081535
632,7.016887073405087
633,7.180611020885408
634,7.902867975644767
635,7.224987028166652
636,6.849697092548013
637,6.077797967009246
638,7.258776924572885
639,6.949897040612996
640,6.5956690814346075
641,7.481197942979634
642,7.589439977891743
643,8.394169970415533
644,8.139189914800227
645,8.1487629795447
646,8.797370013780892
647,7.947342935949564
648,7.896498078480363
649,7.397654931992292
650,7.86520098336041
651,8.295522071421146
652,8.468849933706224
653,7.859522011131048
654,7.560727070085704
655,7.12404609657824
656,7.062916061840951
657,6.80734496563673
658,7.40836001932621
659,7.272738963365555
660,6.691912887617946
661,7.8334929421544075
662,6.577371968887746
663,7.58730701636523
664,7.318906951695681
665,7.8894770704209805
666,8.079290040768683
667,8.04537907242775
668,7.564503001049161
669,7.7009960077703
670,7.319297990761697
671,7.2957529919222
672,7.566215004771948
673,7.427058997564018
674,7.440518937073648
675,6.913442979566753
676,6.93456397857517
677,7.057618000544608
678,7.181732100434601
679,7.4686199659481645
680,7.317263982258737
681,7.611253065988421
682,7.084778044372797
683,6.5367319621145725
684,7.5499820522964
685,8.174211019650102
686,7.535259937867522
687,7.195682963356376
688,7.432486047036946
689,7.236944977194071
690,7.768717012368143
691,7.638173061423004
692,7.437994005158544
693,7.051168009638786
694,7.866282947361469
695,7.460877997800708
696,7.369452971033752
697,7.6571309473365545
698,7.074302993714809
699,7.622890057973564
700,7.2795579908415675
701,7.348109968006611
702,8.064767927862704
703,6.831250968389213
704,6.350754993036389
705,6.816258886829019
706,6.7887569312006235
707,6.5640819957479835
708,8.110747090540826
709,6.70425093267113
710,6.606896058656275
711,6.587406969629228
712,8.399476995691657
713,6.771662039682269
714,6.98922504670918
715,6.892562028951943
716,8.547939010895789
717,6.994112976826727
718,7.496951962821186
719,7.750379969365895
720,7.354829926043749
721,7.3576150462031364
722,8.078267914243042
723,7.893434027209878
724,8.010908029973507
725,6.978729972615838
726,7.532555027864873
727,8.514528977684677
728,7.934003951959312
729,7.434119004756212
730,7.550191949121654
731,6.931238924153149
732,6.531854975037277
733,6.573957041837275
734,6.8364780163392425
735,6.676199962384999
736,6.830959930084646
737,7.703100098297
738,7.744772010482848
739,7.906953920610249
740,7.7589519787579775
741,7.665663957595825
742,7.544182939454913
743,6.731230998411775
744,7.5142079731449485
745,9.690660983324051
746,7.587086991406977
747,7.659574039280415
748,7.434900035150349
749,8.088483940809965
750,8.314050966873765
751,7.232828997075558
752,7.493807002902031
753,7.649039034731686
754,7.017508032731712
755,8.522390970028937
756,7.626525009982288
757,6.746544037014246
758,6.921163992956281
759,7.413267041556537
760,7.98726303037256
761,6.9361269706860185
762,7.7631090534850955
763,7.727076066657901
764,7.558524026535451
765,7.982946000993252
766,7.712673977948725
767,7.289462955668569
768,7.502389955334365
769,7.579425000585616
770,7.4907029047608376
771,7.449743105098605
772,7.167520932853222
773,6.863457965664566
774,7.160922046750784
775,6.498073926195502
776,6.729969987645745
777,6.44890102557838
778,6.1482120072469115
779,8.062485023401678
780,6.807264988310635
781,6.666114088147879
782,7.1795700350776315
783,8.469452033750713
784,7.509461021982133
785,6.907113012857735
786,7.217506063170731
787,6.350183044560254
788,6.024367990903556
789,7.46041804086417
790,8.370663970708847
791,7.547117071226239
792,7.874415023252368
793,6.971649941988289
794,6.947062909603119
795,6.955174962058663
796,6.107401102781296
797,6.911489996127784
798,7.134782033972442
799,6.96445896755904
800,6.817479967139661
801,7.079420960508287
802,7.630471955053508
803,6.906562950462103
804,6.655086996033788
805,6.909898016601801
806,7.152138976380229
807,6.586096016690135
808,6.574096973054111
809,6.746754981577396
810,7.494708988815546
811,7.004249026067555
812,7.562060025520623
813,6.943757995031774
814,7.835877942852676
815,6.408140063285828
816,6.957890000194311
817,6.26358506269753
818,7.127781980670989
819,7.119450019672513
820,6.845921976491809
821,6.714917020872235
822,7.248673005960882
823,7.800725055858493
824,7.158398046158254
825,8.238868089392781
826,8.603120921179652
827,8.946532965637743
828,8.509702049195766
829,7.9001630656421185
830,6.583079928532243
831,7.731973077170551
832,7.781586959026754
833,6.61257398314774
834,7.0313779870048165
835,6.950428010895848
836,7.487347931601107
837,8.522260002791882
838,7.698712986893952
839,7.494908990338445
840,7.253678981214762
841,7.528009009547532
842,6.70137710403651
843,7.204135996289551
844,8.16662097349763
845,8.199809934012592
846,6.679303012788296
847,7.307991036213934
848,7.070066989399493
849,7.019501063041389
850,7.881786092184484
851,7.45253695640713
852,8.21636407636106
853,7.90896697435528
854,7.467499002814293
855,9.462191024795175
856,7.578965043649077
857,7.644331897608936
858,8.607276948168874
859,7.448410033248365
860,8.338127052411437
861,7.283404003828764
862,7.852171896956861
863,7.683800999075174
864,7.723559974692762
865,7.538773934356868
866,7.4248050805181265
867,7.145978976041079
868,7.008314016275108
869,8.288952987641096
870,7.007151958532631
871,6.866022013127804
872,6.096516037359834
873,6.657691090367734
874,7.306689047254622
875,8.843560004606843
876,7.883177953772247
877,6.361861014738679
878,6.898390012793243
879,6.0228860238566995
880,6.585253984667361
881,6.580656976439059
882,7.816017954610288
883,7.766154012642801
884,7.147421012632549
885,8.05009703617543
886,6.966591929085553
887,6.949656060896814
888,7.3114060796797276
889,7.127983029931784
890,6.850628997199237
891,7.815468008629978
892,7.177055929787457
893,8.431514957919717
894,7.858782075345516
895,6.580476998351514
896,7.06701201852411
897,7.2887520072981715
898,6.9675929844379425
899,7.010077009908855
900,6.855927989818156
901,6.871931022033095
902,7.958160014823079
903,8.106239954940975
904,7.5558100361377
905,6.983866915106773
906,7.060411968268454
907,7.274070056155324
908,8.310665027238429
909,7.262091967277229
910,8.466638042591512
911,7.629460073076189
912,7.409001933410764
913,8.959983009845018
914,7.739754975773394
915,6.969245965592563
916,7.369272061623633
917,6.961314007639885
918,8.140871999785304
919,7.770891068503261
920,7.887735031545162
921,9.058238938450813
922,6.927053909748793
923,8.20649997331202
924,7.471514050848782
925,8.116735960356891
926,7.147331954911351
927,7.788317045196891
928,7.672052946873009
929,7.6678680488839746
930,6.641076994128525
931,7.446537958458066
932,8.003656985238194
933,6.735548027791083
934,7.115334039554
935,6.992390030063689
936,6.952782045118511
937,7.693997002206743
938,7.633895962499082
939,7.421680958941579
940,7.328220992349088
941,7.25111598148942
942,7.663530996069312
943,8.171618916094303
944,7.58021604269743
945,8.535439963452518
946,9.053342044353485
947,8.100142003968358
948,7.347729988396168
949,8.368291077204049
950,7.904078927822411
951,7.644182071089745
952,7.121021975763142
953,6.922725937329233
954,7.475631078705192
955,8.018721011467278
956,7.5541379628703
957,6.9707989459857345
958,7.18863308429718
959,8.507718914188445
960,7.905632024630904
961,9.423443931154907
962,8.808566955849528
963,8.920143940486014
964,7.82694504596293
965,7.384705008007586
966,7.63143296353519
967,8.267660974524915
968,7.923188037239015
969,7.212228956632316
970,6.7714209435507655
971,7.217627018690109
972,6.7799839889630675
973,6.982675986364484
974,9.105760953389108
975,8.503983030095696
976,11.085851001553237
977,7.73444608785212
978,6.9244090700522065
979,7.195433019660413
980,9.202355053275824
981,8.11607507057488
982,8.80759593565017
983,8.446407038718462
984,9.050969034433365
985,8.13916907645762
986,8.288533077575266
987,8.257586043328047
988,8.22722096927464
989,7.269183988682926
990,7.9687959514558315
991,8.521730080246925
992,10.724271996878088
993,10.2487129624933
994,12.561701005324721
995,8.514920016750693
996,8.208342012949288
997,9.360720054246485
998,7.233769982121885
999,8.695358992554247
1000,7.89775000885129
1001,7.270575035363436
1002,7.5859049102291465
1003,6.980443024076521
1004,7.012951071374118
1005,6.9389709969982505
1006,6.36243203189224
1007,7.6574020786210895
1008,6.842237082310021
1009,7.755186990834773
1010,8.124207030050457
1011,6.973361945711076
1012,6.438015028834343
1013,7.677301065996289
1014,9.087993064895272
1015,7.067922968417406
1016,8.078078972175717
1017,9.203325025737286
1018,6.403062958270311
1019,6.988624925725162
1020,8.355070953257382
1021,7.3472189251333475
1022,6.981925922445953
1023,7.444303948432207
1024,7.395130000077188
1025,7.141052046790719
1026,7.10863305721432
1027,7.1707459865137935
1028,6.535800057463348
1029,7.034803973510861
1030,6.946152076125145
1031,6.949556991457939
1032,6.7300290102139115
1033,7.003045990131795
1034,6.672943942248821
1035,7.069144980050623
1036,6.504914024844766
1037,6.08440802898258
1038,6.470592925325036
1039,6.670130998827517
1040,7.24490697029978
1041,7.625423953868449
1042,9.436542983166873
1043,7.757409941405058
1044,6.738521973602474
1045,6.163996993564069
1046,7.398927002213895
1047,7.376061985269189
1048,7.6687580440193415
1049,7.646235055290163
1050,6.49338704533875
1051,6.9590110797435045
1052,7.523531909100711
1053,8.067402988672256
1054,7.6292300364002585
1055,6.573596969246864
1056,6.979831960052252
1057,7.563161081634462
1058,7.7765899477526546
1059,7.5203870655968785
1060,7.601479068398476
1061,7.171407924033701
1062,7.7237909426912665
1063,7.737289997749031
1064,6.675487966276705
1065,7.495761034078896
1066,7.745353039354086
1067,7.3125280905514956
1068,7.291847025044262
1069,6.994263036176562
1070,7.072741049341857
1071,7.279918994754553
1072,7.350604981184006
1073,7.131458027288318
1074,7.018359028734267
1075,7.627357030287385
1076,7.564843981526792
1077,7.419346948154271
1078,7.1161550004035234
1079,7.590572000481188
1080,7.537662982940674
1081,7.04021193087101
1082,7.582720019854605
1083,8.582039969041944
1084,7.379167014732957
1085,7.771081989631057
1086,9.035574970766902
1087,7.502441061660647
1088,6.970508024096489
1089,6.826795055530965
1090,5.927923950366676
1091,6.627245922572911
1092,6.547688040882349
1093,6.626556045375764
1094,6.703219027258456
1095,6.820564973168075
1096,6.318927044048905
1097,6.842316943220794
1098,6.292528007179499
1099,7.88076501339674
1100,6.552195060066879
1101,6.874985992908478
1102,6.3575649401173
1103,6.772513035684824
1104,6.450853077694774
1105,6.509260972961783
1106,7.23809702321887
1107,8.028464973904192
1108,8.655790006741881
1109,7.832181989215314
1110,6.610851967707276
1111,7.099851034581661
1112,7.329532993026078
1113,8.530793944373727
1114,7.247110013850033
1115,6.885561975650489
1116,6.926742964424193
1117,7.876477902755141
1118,7.340418989770114
1119,6.509791011922061
1120,7.673304993659258
1121,7.585714920423925
1122,7.042685989290476
1123,7.219539023935795
1124,6.604311987757683
1125,7.040000986307859
1126,7.067473023198545
1127,6.947682937607169
1128,6.893512909300625
1129,7.6792140025645494
1130,7.198658073320985
1131,7.672042935155332
1132,7.467858958989382
1133,7.280040066689253
1134,6.896508042700589
1135,6.431755959056318
1136,7.4160119984298944
1137,6.805833079852164
1138,7.591383997350931
1139,7.28557794354856
1140,7.131427992135286
1141,8.062115055508912
1142,6.60079694353044
1143,6.995465024374425
1144,6.52609602548182
1145,6.962726009078324
1146,6.419806974008679
1147,7.304294966161251
1148,7.498634979128838
1149,7.097958005033433
1150,7.8202050644904375
1151,6.668668007478118
1152,7.303024060092866
1153,7.620637072250247
1154,7.185759022831917
1155,7.018740987405181
1156,6.39380794018507
1157,7.004339015111327
1158,7.8151869820430875
1159,7.405015989206731
1160,8.418706944212317
1161,7.813965901732445
1162,7.552835973910987
1163,7.54893000703305
1164,8.464223938062787
1165,7.673526066355407
1166,7.039580959826708
1167,7.236595032736659
1168,9.236144949682057
1169,7.757049985229969
1170,7.275642943568528
1171,7.809318951331079
1172,7.269784924574196
1173,7.923849043436348
1174,7.9672629944980145
1175,7.919993018731475
1176,7.7388829085975885
1177,7.916247006505728
1178,7.301120087504387
1179,7.707276032306254
1180,7.693425985053182
1181,7.844531093724072
1182,7.1691140765324235
1183,7.7913609566167
1184,7.454690057784319
1185,7.972141029313207
1186,7.620285963639617
1187,7.319928961805999
1188,7.199409999884665
1189,7.362482021562755
1190,9.535470977425575
1191,7.331134984269738
1192,8.16943496465683
1193,8.23409203439951
1194,7.479958003386855
1195,6.568167940713465
1196,7.444004062563181
1197,7.9737629275768995
1198,7.899923017248511
1199,8.304556016810238
1200,7.861046004109085
1201,8.160652010701597
1202,7.370103034190834
1203,7.682278985157609
1204,7.109525031410158
1205,7.04935600515455
1206,6.825092015787959
1207,7.470453041605651
1208,8.337715989910066
1209,7.155615021474659
1210,8.631594013422728
1211,8.658402948640287
1212,7.478084997273982
1213,7.659895927645266
1214,8.015205035917461
1215,7.435790961608291
1216,7.311186054721475
1217,6.846764008514583
1218,6.778843002393842
1219,7.58170906919986
1220,6.907824077643454
1221,8.059391053393483
1222,7.356284069828689
1223,7.758482010103762
1224,8.511945023201406
1225,8.017078042030334
1226,7.634637993760407
1227,8.499137009494007
1228,7.948034908622503
1229,7.498165010474622
1230,7.623390993103385
1231,7.347629987634718
1232,8.784981910139322
1233,8.261242066510022
1234,8.176394971087575
1235,7.477134000509977
1236,7.244265987537801
1237,6.568840006366372
1238,6.9680450251325965
1239,6.452286033891141
1240,6.682798964902759
1241,6.046030903235078
1242,5.84783498197794
1243,6.419326993636787
1244,8.233189932070673
1245,7.464815047569573
1246,6.932480959221721
1247,7.962808012962341
1248,7.613896974362433
1249,7.376002031378448
1250,7.823128951713443
1251,8.056176011450589
1252,7.831361028365791
1253,8.301752037368715
1254,7.416342035867274
1255,6.450533983297646
1256,7.581389043480158
1257,7.18136306386441
1258,7.144708069972694
1259,6.569540943019092
1260,7.019320968538523
1261,6.773505010642111
1262,6.751793087460101
1263,6.8290079943835735
1264,6.352136959321797
1265,6.7735250340774655
1266,6.635218975134194
1267,6.980712991207838
1268,6.506045931018889
1269,6.507067009806633
1270,5.777479964308441
1271,6.866844021715224
1272,6.671912968158722
1273,6.924759945832193
1274,6.319148000329733
1275,6.574357976205647
1276,6.69120205566287
1277,7.469151052646339
1278,8.066862006671727
1279,7.0855600060895085
1280,7.115114014595747
1281,7.153070066124201
1282,7.2310869581997395
1283,7.311897003091872
1284,6.78479194175452
1285,6.582149071618915
1286,6.848776945844293
1287,6.615118007175624
1288,6.293689017184079
1289,7.514028926379979
1290,7.884229999035597
1291,10.66349190659821
1292,7.269614026881754
1293,7.071709027513862
1294,7.47140496969223
1295,7.866653962992132
1296,7.366569014266133
1297,7.013021036982536
1298,7.446697913110256
1299,8.275573956780136
1300,7.13007606100291
1301,7.7637400245293975
1302,6.981463986448944
1303,7.22165300976485
1304,8.334720972925425
1305,7.267810986377299
1306,7.007633917964995
1307,7.342232041992247
1308,7.58455297909677
1309,6.685554049909115
1310,6.559325964190066
1311,6.846604053862393
1312,7.25725491065532
1313,6.874865968711674
1314,6.937869940884411
1315,7.151327910833061
1316,7.171557983383536
1317,6.363332970067859
1318,6.601287983357906
1319,6.525544915348291
1320,6.54207996558398
1321,6.547937984578311
1322,6.898120976984501
1323,6.529271020554006
1324,6.913403049111366
1325,7.498475024476647
1326,9.44899208843708
1327,9.300030069425702
1328,7.780696032568812
1329,6.543562049046159
1330,6.503292010165751
1331,6.7876160610467196
1332,8.288232958875597
1333,6.700756028294563
1334,7.600898039527237
1335,6.732222973369062
1336,7.30268401093781
1337,6.76200701855123
1338,7.144697941839695
1339,6.6386229591444135
1340,7.319398922845721
1341,6.7487870110198855
1342,6.772794062271714
1343,6.537602981552482
1344,6.927713984623551
1345,7.552715949714184
1346,6.534337997436523
1347,6.427398999221623
1348,5.805531982332468
1349,6.591552984900773
1350,8.648428018204868
1351,7.929075974971056
1352,8.767887018620968
1353,7.353158085606992
1354,7.135394029319286
1355,7.082475931383669
1356,6.42197101842612
1357,6.73401600215584
1358,7.5922549003735185
1359,7.416512933559716
1360,6.961495033465326
1361,7.374710985459387
1362,6.538624060340226
1363,6.932171061635017
1364,6.732663954608142
1365,6.561389076523483
1366,6.881886045448482
1367,7.544753956608474
1368,7.130916928872466
1369,6.611183052882552
1370,6.8279660772532225
1371,6.429522065445781
1372,6.258487002924085
1373,7.517432910390198
1374,6.166559993289411
1375,6.888826028443873
1376,7.3837339878082275
1377,6.503312033601105
1378,6.475470960140228
1379,7.048503961414099
1380,7.3612399864941835
1381,6.864850991405547
1382,6.8952260771766305
1383,6.920794956386089
1384,6.909717922098935
1385,6.765132071450353
1386,7.5099419336766005
1387,8.437845972366631
1388,7.554848911240697
1389,8.983038016594946
1390,7.683840929530561
1391,7.556071039289236
1392,7.153069949708879
1393,7.326098042540252
1394,7.033433066681027
1395,7.17398093547672
1396,7.179750013165176
1397,7.647718070074916
1398,6.919322069734335
1399,7.572636008262634
1400,7.1654689963907
1401,7.09301105234772
1402,6.637803046032786
1403,6.670170929282904
1404,6.911639939062297
1405,7.022346020676196
1406,7.659325026907027
1407,7.0302479434758425
1408,6.998399971053004
1409,6.944859982468188
1410,7.064728997647762
1411,7.124566938728094
1412,6.865322007797658
1413,7.259218022227287
1414,7.09067692514509
1415,7.175843929871917
1416,6.650341092608869
1417,6.385255954228342
1418,6.918571074493229
1419,6.675628945231438
1420,6.888555944897234
1421,7.529390975832939
1422,6.998699973337352
1423,7.4540190398693085
1424,7.09415297023952
1425,7.533036055974662
1426,7.150928024202585
1427,6.8329740315675735
1428,7.181723020039499
1429,8.593106060288846
1430,6.755777983926237
1431,6.317624938674271
1432,7.986222044564784
1433,8.397905970923603
1434,8.657962898723781
1435,9.104299009777606
1436,7.836909964680672
1437,7.401159964501858
1438,6.835005944594741
1439,5.828725988976657
1440,6.461750017479062
1441,7.930178893730044
1442,7.903728983364999
1443,7.396823959425092
1444,6.738643045537174
1445,6.898942054249346
1446,6.752023007720709
1447,7.040092023089528
1448,7.691954029724002
1449,8.340910892002285
1450,7.256132899783552
1451,6.428040098398924
1452,7.904389989562333
1453,7.574507966637611
1454,7.54825898911804
1455,8.070247946307063
1456,6.661738036200404
1457,7.252527982927859
1458,7.936589070595801
1459,8.290975936688483
1460,8.34368506912142
1461,8.084589033387601
1462,8.292509010061622
1463,7.964038988575339
1464,7.691111997701228
1465,7.1988890413194895
1466,8.031400036998093
1467,7.998200017027557
1468,7.367550046183169
1469,7.2197699919342995
1470,8.235543966293335
1471,6.890007993206382
1472,7.6345279812812805
1473,7.8630580101162195
1474,7.33961898367852
1475,6.87958300113678
1476,7.955095963552594
1477,7.9528120113536716
1478,7.666366058401763
1479,7.397795096039772
1480,7.455811952240765
1481,7.462242036126554
1482,7.540468010120094
1483,6.898381048813462
1484,7.890959968790412
1485,7.141462992876768
1486,6.010106997564435
1487,6.773644941858947
1488,7.069875951856375
1489,7.285458035767078
1490,7.442773086950183
1491,6.548078963533044
1492,7.1650780737400055
1493,8.500949945300817
1494,7.0355149218812585
1495,6.715619005262852
1496,7.510073017328978
1497,6.8608049768954515
1498,6.630641990341246
1499,6.904189940541983
1500,6.843228009529412
1501,7.2109970496967435
1502,6.787916994653642
1503,7.797932019457221
1504,7.897079922258854
1505,8.158288896083832
1506,6.963978987187147
1507,6.860565044917166
1508,7.020292920060456
1509,6.412695976905525
1510,6.8279660772532225
1511,6.774996989406645
1512,6.519205053336918
1513,7.445635972544551
1514,7.128293975256383
1515,7.122634910047054
1516,6.996086915023625
1517,7.231206982396543
1518,6.435641087591648
1519,6.847825017757714
1520,6.6030200105160475
1521,7.636590977199376
1522,7.5009389547631145
1523,6.987383007071912
1524,6.619415013119578
1525,6.9693069672212005
1526,6.346869049593806
1527,6.409403053112328
1528,7.039031013846397
1529,6.831992068327963
1530,6.421810947358608
1531,7.204907946288586
1532,7.0284949615597725
1533,7.088094018399715
1534,7.460067979991436
1535,7.263805950060487
1536,6.476962938904762
1537,6.982175982557237
1538,6.567136966623366
1539,7.424073992297053
1540,6.2287329928949475
1541,6.809668964706361
1542,6.767306011170149
1543,6.7930640652775764
1544,6.960703991353512
1545,6.149695022031665
1546,6.456261966377497
1547,6.682289065793157
1548,7.464564987458289
1549,6.493758060969412
1550,6.4700531074777246
1551,5.851450958289206
1552,6.78102602250874
1553,6.55222509521991
1554,7.007073028944433
1555,7.166360970586538
1556,6.508650025352836
1557,6.702780025079846
1558,7.187211071141064
1559,6.924038985744119
1560,6.5452250419184566
1561,6.626025075092912
1562,6.829148042015731
1563,5.83840103354305
1564,5.820735008455813
1565,7.330204010941088
1566,7.843639934435487
1567,7.77769205160439
1568,7.716660969890654
1569,6.162453908473253
1570,7.244577049277723
1571,8.046120987273753
1572,7.311888039112091
1573,7.7553680166602135
1574,6.96151505690068
1575,6.7332040052860975
1576,6.327029084786773
1577,6.8711909698322415
1578,6.034633959643543
1579,7.221092004328966
1580,7.174853002652526
1581,7.111769053153694
1582,7.339779054746032
1583,6.936197052709758
1584,6.972210947424173
1585,7.093161926604807
1586,7.268242072314024
1587,7.373068016022444
1588,7.881286088377237
1589,6.253059022128582
1590,7.078769034706056
1591,9.094182983972132
1592,8.625915041193366
1593,8.993914001621306
1594,7.820806000381708
1595,7.1216539945453405
1596,7.750140968710184
1597,7.495931000448763
1598,7.025420083664358
1599,6.81537704076618
1600,7.46200093999505
1601,7.095555076375604
1602,7.316083996556699
1603,7.277315948158503
1604,7.791221956722438
1605,7.634178036823869
1606,7.0524809416383505
1607,7.961596013046801
1608,7.229274022392929
1609,6.912012002430856
1610,7.019101059995592
1611,6.822898983955383
1612,6.725282990373671
1613,8.176986942999065
1614,7.195865036919713
1615,6.788556929677725
1616,7.137997890822589
1617,7.038639974780381
1618,7.895497023127973
1619,7.013913011178374
1620,7.349233026616275
1621,7.454400067217648
1622,8.03512497805059
1623,7.122465060092509
1624,7.018700009211898
1625,6.937558995559812
1626,8.658714941702783
1627,7.6076979748904705
1628,7.805512985214591
1629,8.38461599778384
1630,8.087544003501534
1631,8.2630350952968
1632,8.29103693831712
1633,7.668038015253842
1634,7.153360988013446
1635,6.963317980989814
1636,8.229173952713609
1637,7.995355990715325
1638,7.362862932495773
1639,7.591555011458695
1640,8.290335070341825
1641,7.305918028578162
1642,8.924289955757558
1643,8.583913091570139
1644,7.763730944134295
1645,8.017459069378674
1646,7.1406320203095675
1647,7.166460040025413
1648,6.919802981428802
1649,7.22725095693022
1650,6.9921009708195925
1651,7.057038019411266
1652,6.932783056981862
1653,7.832193048670888
1654,7.098510046489537
1655,7.460579043254256
1656,7.212139084003866
1657,7.214642944745719
1658,6.93752896040678
1659,7.184816990047693
1660,7.238338002935052
1661,7.778413011692464
1662,7.510883966460824
1663,8.422642014920712
1664,8.117016986943781
1665,8.435941999778152
1666,7.95674801338464
1667,8.455842966213822
1668,8.774688001722097
1669,7.641309057362378
1670,8.114162017591298
1671,8.56194004882127
1672,7.065459969453514
1673,7.334921043366194
1674,7.173670921474695
1675,7.262194063514471
1676,7.13231903500855
1677,8.387851063162088
1678,6.882668007165194
1679,7.329153013415635
1680,8.948727045208216
1681,8.240150986239314
1682,7.675318978726864
1683,7.32325401622802
1684,7.598425028845668
1685,7.160402019508183
1686,7.862086989916861
1687,7.176375947892666
1688,7.181502995081246
1689,8.40588693972677
1690,7.773635908961296
1691,7.165439077652991
1692,7.621277938596904
1693,8.376833982765675
1694,7.13061704300344
1695,8.367641014046967
1696,8.06525000371039
1697,7.84446089528501
1698,6.7638399777933955
1699,7.340659969486296
1700,7.65454804059118
1701,7.689630961976945
1702,10.072270990349352
1703,7.841316983103752
1704,7.230345974676311
1705,7.401771959848702
1706,7.920283009298146
1707,8.383003994822502
1708,7.0298470091074705
1709,7.589742075651884
1710,7.354730973020196
1711,7.2466901037842035
1712,7.590132066980004
1713,6.215383065864444
1714,7.30310392100364
1715,6.608579074963927
1716,6.885632057674229
1717,6.523051997646689
1718,6.867774995043874
1719,6.856769090518355
1720,7.22923397552222
1721,6.715378956869245
1722,7.214673096314073
1723,7.189634954556823
1724,7.2632350493222475
1725,7.248262991197407
1726,7.118568988516927
1727,6.963007035665214
1728,7.87504599429667
1729,7.830461021512747
1730,7.85715994425118
1731,6.966582965105772
1732,6.839602952823043
1733,7.496402016840875
1734,6.8787820637226105
1735,7.180562010034919
1736,7.478976040147245
1737,7.109686033800244
1738,7.0644790539518
1739,6.981794955208898
1740,7.674508029595017
1741,7.221332984045148
1742,7.244296954013407
1743,6.8487770622596145
1744,7.011619978584349
1745,7.496723090298474
1746,7.253631018102169
1747,7.534798933193088
1748,7.928976905532181
1749,7.049456005915999
1750,7.108203950338066
1751,7.126900949515402
1752,7.354020024649799
1753,7.391305989585817
1754,7.254191092215478
1755,7.844842039048672
1756,7.466437062248588
1757,7.093181018717587
1758,6.932151038199663
1759,7.539435988292098
1760,7.723760907538235
1761,7.1856200229376554
1762,6.715349038131535
1763,7.4946400709450245
1764,7.182685076259077
1765,6.445926963351667
1766,8.95441509783268
1767,7.869167951866984
1768,7.827866007573903
1769,7.717441068962216
1770,7.427860051393509
1771,7.701728958636522
1772,7.589680957607925
1773,7.654649089090526
1774,8.190987049601972
1775,7.9662519274279475
1776,7.456513005308807
1777,7.404405041597784
1778,7.495591067709029
1779,7.852782960981131
1780,7.3809209279716015
1781,7.378766895271838
1782,7.7962790383026
1783,8.228003047406673
1784,7.793245022185147
1785,8.135915035381913
1786,7.530913921073079
1787,7.195154088549316
1788,7.686956087127328
1789,7.513558026403189
1790,7.853614981286228
1791,7.286138948984444
1792,7.401071023195982
1793,7.457233965396881
1794,7.657401962205768
1795,7.2444669203832746
1796,8.566908072680235
1797,8.612144971266389
1798,7.747627096250653
1799,7.175212958827615
1800,7.342893979512155
1801,8.081414038315415
1802,7.164728012867272
1803,7.039621938019991
1804,7.2257890133187175
1805,6.592505029402673
1806,7.216825964860618
1807,7.001083926297724
1808,6.847254931926727
1809,7.030798005871475
1810,7.447590003721416
1811,7.221832987852395
1812,8.465736988000572
1813,7.354940986260772
1814,7.479907013475895
1815,8.411074988543987
1816,7.319167954847217
1817,6.778663024306297
1818,6.945510976947844
1819,7.479386986233294
1820,6.713594892062247
1821,6.403854000382125
1822,7.109105004929006
1823,7.381460978649557
1824,7.045421050861478
1825,7.371295941993594
1826,8.402823004871607
1827,7.408721023239195
1828,8.011239930056036
1829,7.459767046384513
1830,7.279649958945811
1831,7.087041973136365
1832,7.307070889510214
1833,7.251186994835734
1834,7.390804006718099
1835,6.879954016767442
1836,7.532224990427494
1837,6.843278999440372
1838,7.318828022107482
1839,7.332287961617112
1840,7.689040037803352
1841,7.585666025988758
1842,7.447208976373076
1843,7.875557988882065
1844,7.86284904461354
1845,6.929847993887961
1846,7.452957914210856
1847,6.850859965197742
1848,6.857811007648706
1849,6.8261639680713415
1850,6.848606979474425
1851,8.36034002713859
1852,6.89288298599422
1853,6.948716007173061
1854,7.047011982649565
1855,7.941576070152223
1856,6.333117955364287
1857,8.42168100643903
1858,7.416864042170346
1859,7.051830063574016
1860,6.70986098702997
1861,6.992812035605311
1862,7.440399029292166
1863,7.430243073031306
1864,6.936767953447998
1865,6.865011062473059
1866,7.135363994166255
1867,8.761368109844625
1868,9.548511006869376
1869,7.197226979769766
1870,8.105630986392498
1871,7.434750907123089
1872,7.437453954480588
1873,7.648869999684393
1874,7.215745048597455
1875,7.082436000928283
1876,7.363233948126435
1877,7.826964952982962
1878,7.290845969691873
1879,7.744872942566872
1880,7.403142983093858
1881,7.403174065984786
1882,8.08705308008939
1883,7.324817008338869
1884,8.510082960128784
1885,7.600036915391684
1886,7.7351880026981235
1887,8.123776991851628
1888,8.563573006540537
1889,8.149255067110062
1890,8.92968790140003
1891,7.791172014549375
1892,7.89285299833864
1893,7.048254017718136
1894,6.797570968046784
1895,8.203886914998293
1896,8.3348429761827
1897,7.74514302611351
1898,8.252138970419765
1899,7.368571939878166
1900,6.9348549004644156
1901,7.773375022225082
1902,8.702690014615655
1903,7.088694954290986
1904,7.2691841050982475
1905,7.3018219554796815
1906,7.131718914024532
1907,6.801396957598627
1908,7.021324010565877
1909,7.3380060493946075
1910,6.910930038429797
1911,7.160662091337144
1912,7.547568064182997
1913,7.753035053610802
1914,7.6084190513938665
1915,7.001275080256164
1916,6.782147916965187
1917,7.414070074446499
1918,7.320480071939528
1919,6.6608169581741095
1920,7.133911945857108
1921,7.63436802662909
1922,7.037909002974629
1923,7.063216995447874
1924,8.171999012120068
1925,7.292017922736704
1926,7.137177046388388
1927,7.555220043286681
1928,7.5789750553667545
1929,6.834175088442862
1930,6.895737024024129
1931,7.182124070823193
1932,6.925040972419083
1933,7.038070005364716
1934,6.435992079786956
1935,8.037228020839393
1936,7.423413917422295
1937,7.966061937622726
1938,8.578975917771459
1939,8.218718925490975
1940,7.076226989738643
1941,7.757020997814834
1942,7.627767976373434
1943,7.660447037778795
1944,7.161943940445781
1945,7.18299497384578
1946,6.840024027042091
1947,7.448751945048571
1948,7.731091929599643
1949,7.370525039732456
1950,7.9839390236884356
1951,6.940735038369894
1952,7.169174961745739
1953,6.182122975587845
1954,7.062276010401547
1955,6.456453003920615
1956,6.168472929857671
1957,6.811861996538937
1958,6.71025097835809
1959,6.993022048845887
1960,7.537803961895406
1961,7.350665051490068
1962,6.659375037997961
1963,7.476722938008606
1964,6.188123021274805
1965,6.947073037736118
1966,6.872703088447452
1967,7.983168005011976
1968,8.341111009940505
1969,7.413448998704553
1970,7.328392006456852
1971,6.675628945231438
1972,6.419707089662552
1973,6.696589989587665
1974,8.04522994440049
1975,7.777241989970207
1976,8.344707079231739
1977,7.887755986303091
1978,8.66154907271266
1979,7.654789020307362
1980,6.601648987270892
1981,7.789470022544265
1982,8.514620014466345
1983,7.4996770126745105
1984,7.433608989231288
1985,7.15111696626991
1986,7.184797897934914
1987,7.356493966653943
1988,7.852993905544281
1989,7.4928669491782784
1990,7.745663984678686
1991,7.296013995073736
1992,6.854546023532748
1993,6.114674033597112
1994,6.022565998136997
1995,7.108825026080012
1996,6.762329023331404
1997,6.366118090227246
1998,6.817510002292693
1999,7.992501952685416
2000,7.558675948530436
2001,7.170907920226455
2002,6.5036730375140905
2003,6.659895996563137
2004,6.70200795866549
2005,8.437275071628392
2006,7.507610018365085
2007,6.7592739360406995
2008,8.440179051831365
2009,8.890239987522364
2010,8.470995002426207
2011,7.547819055616856
2012,7.933393935672939
2013,7.644433062523603
2014,7.275403011590242
2015,7.511815056204796
2016,6.934545002877712
2017,7.1603209944441915
2018,7.72918900474906
2019,8.115755976177752
2020,7.856979966163635
2021,7.511975942179561
2022,6.9393019657582045
2023,7.323484984226525
2024,7.530953967943788
2025,7.753566023893654
2026,8.424705942161381
2027,7.691232953220606
2028,6.9765569642186165
2029,6.9438290083780885
2030,5.958850961178541
2031,6.716610048897564
2032,6.488239974714816
2033,6.777070928364992
2034,6.916568032465875
2035,7.206941023468971
2036,7.0873829536139965
2037,7.750721066258848
2038,7.354340050369501
2039,7.037547999061644
2040,7.1322290459647775
2041,7.787936949171126
2042,7.490603951737285
2043,7.484645000658929
2044,7.298988988623023
2045,7.634498993866146
2046,7.91653897613287
2047,7.799144019372761
2048,7.856169017031789
2049,8.128594025038183
2050,7.254401920363307
2051,7.194282952696085
2052,6.674728007055819
2053,6.213039974682033
2054,6.685955100692809
2055,7.524685002863407
2056,6.792783970013261
2057,6.901726010255516
2058,6.490903906524181
2059,7.569061010144651
2060,7.819564081728458
2061,7.21208902541548
2062,8.4649269701913
2063,7.52039800863713
2064,7.804171997122467
2065,8.008394972421229
2066,7.177807972766459
2067,7.4862579349428415
2068,7.30729999486357
2069,7.940173032693565
2070,8.23773699812591
2071,8.161133038811386
2072,7.892303052358329
2073,7.909827982075512
2074,7.7142269583418965
2075,7.647988968528807
2076,7.222985033877194
2077,7.099030073732138
2078,6.964650005102158
2079,7.653957000002265
2080,7.72406195756048
2081,7.42589810397476
2082,6.66720699518919
2083,6.693586008623242
2084,8.05360300000757
2085,7.670262013562024
2086,7.96798593364656
2087,7.545616012066603
2088,7.186940987594426
2089,7.038970943540335
2090,6.772163906134665
2091,7.291697082109749
2092,7.258028024807572
2093,8.034494938328862
2094,6.639133905991912
2095,6.842818926088512
2096,7.168254000134766
2097,7.590282009914517
2098,7.160963024944067
2099,7.60168896522373
2100,8.300260989926755
2101,6.959822960197926
2102,6.834676023572683
2103,6.728747976012528
2104,5.751321907155216
2105,6.6899810917675495
2106,7.524213986471295
2107,7.058089948259294
2108,6.518955924548209
2109,5.722487927414477
2110,6.355733028613031
2111,6.681517930701375
2112,6.931080017238855
2113,7.354940986260772
2114,7.804441964253783
2115,7.678714930079877
2116,7.640687050297856
2117,8.5106740007177
2118,7.545586093328893
2119,7.674707914702594
2120,7.561059086583555
2121,7.258127094246447
2122,7.232649950310588
2123,7.264938089065254
2124,7.28317501489073
2125,6.303725065663457
2126,7.605234975926578
2127,7.026533014141023
2128,6.642380030825734
2129,6.723830942064524
2130,6.40972307883203
2131,8.455732022412121
2132,7.00717291329056
2133,6.842658040113747
2134,6.872652913443744
2135,7.283865939825773
2136,8.499196963384748
2137,7.13412300683558
2138,6.932041957043111
2139,7.859523990191519
2140,7.1094760205596685
2141,7.2124790167436
2142,6.228212034329772
2143,5.991169949993491
2144,6.7209870321676135
2145,7.566416985355318
2146,7.7132959850132465
2147,7.5279789743945
2148,7.872332935221493
2149,7.89014995098114
2150,7.705984986387193
2151,7.55617197137326
2152,7.026092032901943
2153,7.20124295912683
2154,6.922077038325369
2155,7.72251992020756
2156,8.235173067077994
2157,7.193861994892359
2158,7.369753904640675
2159,6.663801032118499
2160,7.597372983582318
2161,7.3762229876592755
2162,7.045531063340604
2163,7.760817068628967
2164,7.540168007835746
2165,7.066802936606109
2166,7.185710011981428
2167,7.529141032136977
2168,7.266540080308914
2169,7.223075022920966
2170,6.3761030323803425
2171,7.708597928285599
2172,7.196625927463174
2173,6.934734992682934
2174,7.782608969137073
2175,7.462903042323887
2176,8.15239001531154
2177,7.168723968788981
2178,8.939563063904643
2179,7.520247949287295
2180,6.916708895005286
2181,6.674938020296395
2182,6.898822030052543
2183,7.038529962301254
2184,6.887355004437268
2185,7.511434960179031
2186,7.870030007325113
2187,7.0616950979456306
2188,7.746675051748753
2189,7.156466017477214
2190,6.810119957663119
2191,7.1717590326443315
2192,6.8444309290498495
2193,8.019751985557377
2194,8.564543910324574
2195,8.12670192681253
2196,8.182585006579757
2197,7.782339002005756
2198,7.91981304064393
2199,8.185468963347375
2200,7.6096419943496585
2201,7.594119058921933
2202,7.864111103117466
2203,6.860043969936669
2204,7.4875300051644444
2205,7.603561971336603
2206,7.283544982783496
2207,6.510223029181361
2208,7.5601080898195505
2209,6.8837389117106795
2210,6.83674996253103
2211,6.979142082855105
2212,7.033803034573793
2213,6.569201010279357
2214,6.8857219303026795
2215,8.196786977350712
2216,6.645153975114226
2217,6.775488029234111
2218,7.077637943439186
2219,6.870870012789965
2220,6.718833930790424
2221,7.980474038049579
2222,7.7225599670782685
2223,7.079622009769082
2224,6.432726979255676
2225,6.511064944788814
2226,6.036416976712644
2227,5.9929919661954045
2228,7.17472389806062
2229,7.250225986354053
2230,7.865933934226632
2231,7.074224064126611
2232,6.63395703304559
2233,7.472748053260148
2234,6.696049007587135
2235,6.625614943914115
2236,7.824801956303418
2237,6.992532056756318
2238,6.355952005833387
2239,6.373348995111883
2240,6.871081073768437
2241,6.878972984850407
2242,6.618404993787408
2243,7.126149954274297
2244,6.463514058850706
2245,7.501570973545313
2246,8.413119008764625
2247,7.415822008624673
2248,7.403495023027062
2249,7.220381055958569
2250,7.007634034380317
2251,6.843278999440372
2252,7.03419407363981
2253,6.36005902197212
2254,7.078128983266652
2255,7.138069020584226
2256,6.758884061127901
2257,6.653356016613543
2258,7.131399004720151
2259,6.646907073445618
2260,6.585313938558102
2261,6.722087971866131
2262,7.033152971416712
2263,8.196895942091942
2264,7.080603041686118
2265,6.878211046569049
2266,6.6363809164613485
2267,6.462041055783629
2268,6.654007011093199
2269,6.76924898289144
2270,6.152831017971039
2271,7.062476011924446
2272,6.869959062896669
2273,7.038159994408488
2274,7.93182197958231
2275,7.627389044500887
2276,8.260350907221437
2277,8.406228967942297
2278,8.38368502445519
2279,8.447440108284354
2280,8.129446068778634
2281,7.72006600163877
2282,6.909528048709035
2283,7.746135001070797
2284,6.533497013151646
2285,6.606415961869061
2286,6.986121996305883
2287,7.194562931545079
2288,6.7470259964466095
2289,6.579546025022864
2290,5.996377090923488
2291,6.359138060361147
2292,7.082746014930308
2293,6.569491000846028
2294,6.617822917178273
2295,7.547458983026445
2296,7.53545097541064
2297,7.639285991899669
2298,7.642730954103172
2299,7.754537975415587
2300,7.275633979588747
2301,7.274031057022512
2302,7.168564945459366
2303,7.439967943355441
2304,7.693807012401521
2305,6.922828033566475
2306,7.89275299757719
2307,7.249715039506555
2308,8.42448603361845
2309,8.294041967019439
2310,7.745543960481882
2311,6.495091016404331
2312,6.287861033342779
2313,7.6143580954521894
2314,6.648669950664043
2315,6.905782967805862
2316,7.402323069982231
2317,7.1668209275230765
2318,8.179110009223223
2319,7.854215917177498
2320,8.838162990286946
2321,7.331838016398251
2322,7.10115407127887
2323,8.82859795819968
2324,8.046573027968407
2325,7.513678981922567
2326,7.427760981954634
2327,7.089616032317281
2328,8.947925991378725
2329,8.141323924064636
2330,8.097056997939944
2331,7.7471560798585415
2332,7.750991964712739
2333,7.849688990972936
2334,7.7753879595547915
2335,6.990439025685191
2336,6.9081459660083055
2337,7.180431974120438
2338,6.772183929570019
2339,6.2728989869356155
2340,6.999712088145316
2341,7.521881023421884
2342,6.8397740833461285
2343,6.509992992505431
2344,6.080162012949586
2345,6.988435983657837
2346,7.115065003745258
2347,6.911781034432352
2348,6.668729009106755
2349,6.252438994124532
2350,6.6939969547092915
2351,6.651984062045813
2352,6.616411032155156
2353,6.997439078986645
2354,6.193692097440362
2355,6.911200936883688
2356,6.359979044646025
2357,6.847816053777933
2358,6.864380091428757
2359,7.929928950034082
2360,8.014644961804152
2361,6.662599975243211
2362,6.973142037168145
2363,6.629350013099611
2364,6.26946403644979
2365,7.097017019987106
2366,7.126732030883431
2367,6.346208043396473
2368,6.954735028557479
2369,7.179730921052396
2370,6.86365005094558
2371,6.750521017238498
2372,7.113291998393834
2373,8.304186048917472
2374,6.62544509395957
2375,6.689979927614331
2376,7.218378013931215
2377,6.762780016288161
2378,6.610932992771268
2379,6.639906903728843
2380,7.354571018368006
2381,7.4526380049064755
2382,6.663842010311782
2383,6.58924097660929
2384,6.813333951868117
2385,7.052370929159224
2386,6.828306941315532
2387,7.103356998413801
2388,6.743710953742266
2389,6.696229916997254
2390,6.263344897888601
2391,6.962345913052559
2392,6.963728927075863
2393,5.964318988844752
2394,6.350785959511995
2395,7.110707927495241
2396,7.252519018948078
2397,7.617843919433653
2398,7.334450958296657
2399,6.566748023033142
2400,6.217577029019594
2401,6.851490936242044
2402,7.401561946608126
2403,8.035727078095078
2404,7.301031961105764
2405,6.819874048233032
2406,7.9801640240475535
2407,7.263735984452069
2408,7.038590032607317
2409,5.993762984871864
2410,7.224857923574746
2411,8.48438497632742
2412,7.437293999828398
2413,7.088514976203442
2414,7.279099081642926
2415,8.49956797901541
2416,6.372927920892835
2417,7.504986017011106
2418,6.982597056776285
2419,7.487489958293736
2420,7.097037974745035
2421,7.090537925250828
2422,7.986754062585533
2423,7.017538999207318
2424,8.575951913371682
2425,7.1132819866761565
2426,7.7128049451857805
2427,7.618203992024064
2428,7.036017021164298
2429,7.49961705878377
2430,6.888928008265793
2431,7.081695017404854
2432,7.503714063204825
2433,5.98370807711035
2434,6.610072101466358
2435,8.484304999001324
2436,6.956599070690572
2437,6.996688083745539
2438,7.24521791562438
2439,6.276614964008331
2440,6.534278974868357
2441,7.5293120462447405
2442,7.7206570422276855
2443,7.416344014927745
2444,7.434200029820204
2445,7.012753048911691
2446,7.004078943282366
2447,7.177677936851978
2448,8.230107021518052
2449,7.250025984831154
2450,7.0675540482625365
2451,7.079391041770577
2452,6.66114897467196
2453,6.853364058770239
2454,7.484244997613132
2455,7.786775007843971
2456,6.934855016879737
2457,6.912983953952789
2458,6.335671991109848
2459,6.871402030810714
2460,6.490924046374857
2461,6.645134068094194
2462,6.5144801046699286
2463,6.79710996337235
2464,6.953903939574957
2465,7.274812902323902
2466,6.759574986062944
2467,6.654897937551141
2468,6.466677994467318
2469,6.996368058025837
2470,6.579607026651502
2471,7.511725998483598
2472,8.101484971120954
2473,7.806105073541403
2474,7.661147974431515
2475,7.678524008952081
2476,7.108444930054247
2477,6.34209206327796
2478,6.516702938824892
2479,6.885592010803521
2480,6.850579986348748
2481,6.943439017049968
2482,6.627456983551383
2483,6.388371926732361
2484,6.600116961635649
2485,6.9317909656092525
2486,6.762409000657499
2487,6.360929924994707
2488,7.666677003726363
2489,6.795658031478524
2490,6.61529996432364
2491,6.2902349745854735
2492,6.977129029110074
2493,6.637842976488173
2494,6.956137949600816
2495,7.193872006610036
2496,6.4021419966593385
2497,7.703921990469098
2498,6.8535549798980355
2499,6.198317976668477
2500,7.128284894861281
2501,6.659886101260781
2502,8.460470009595156
2503,6.351907039061189
2504,6.703641964122653
2505,6.793044041842222
2506,6.8234800128266215
2507,6.678694044239819
2508,6.745293969288468
2509,6.764111923985183
2510,6.3038349617272615
2511,6.7217579344287515
2512,6.695960066281259
2513,6.4818409737199545
2514,6.628889939747751
2515,6.854085950180888
2516,6.723101017996669
2517,6.949797971174121
2518,6.725743995048106
2519,6.930899922735989
2520,6.841787020675838
2521,7.045320002362132
2522,6.909719086252153
2523,6.826374097727239
2524,6.791773019358516
2525,6.4073699759319425
2526,6.403955048881471
2527,6.827435921877623
2528,6.454068934544921
2529,6.342572974972427
2530,7.3119980515912175
2531,8.118791040033102
2532,7.0174389984458685
2533,6.962557090446353
2534,7.709981058724225
2535,6.691633025184274
2536,7.09229102358222
2537,6.6626499174162745
2538,6.658153957687318
2539,7.08634196780622
2540,6.256464985199273
2541,6.728749023750424
2542,7.922547985799611
2543,6.746815983206034
2544,7.009507971815765
2545,6.643351982347667
2546,6.320890970528126
2547,6.588299060240388
2548,8.133181952871382
2549,7.6423510909080505
2550,7.29724601842463
2551,7.020493037998676
2552,7.748718955554068
2553,6.754857953637838
2554,7.163968053646386
2555,6.969107082113624
2556,6.651634001173079
2557,7.571103982627392
2558,7.757582934573293
2559,7.084749988280237
2560,7.071919972077012
2561,6.249554920941591
2562,6.6318640019744635
2563,6.8714519729837775
2564,6.393910036422312
2565,9.219181025400758
2566,7.062986958771944
2567,7.108074030838907
2568,7.481751032173634
2569,6.586236995644867
2570,6.466298014856875
2571,5.997508997097611
2572,6.743110017850995
2573,7.277667056769133
2574,6.333980010822415
2575,7.136175991035998
2576,6.7174420692026615
2577,6.4418320544064045
2578,6.89850200433284
2579,6.994515075348318
2580,6.04596093762666
2581,7.253911928273737
2582,7.881237077526748
2583,7.533677970059216
2584,7.66096799634397
2585,7.3429340263828635
2586,7.0095270639285445
2587,7.178478990681469
2588,6.9365480449050665
2589,6.527699064463377
2590,6.929378025233746
2591,7.409231970086694
2592,7.157688029110432
2593,7.324337027966976
2594,7.140622939914465
2595,7.291868096217513
2596,6.848498014733195
2597,8.00339796114713
2598,7.170667988248169
2599,6.812253966927528
2600,6.367439986206591
2601,7.553547970019281
2602,6.732083973474801
2603,7.097728899680078
2604,6.401851074770093
2605,7.141023990698159
2606,6.980282953009009
2607,7.083737989887595
2608,6.937179947271943
2609,6.855218089185655
2610,6.130516994744539
2611,6.420370074920356
2612,6.746444967575371
2613,6.8925629602745175
2614,6.713086040690541
2615,7.160461973398924
2616,6.514919921755791
2617,6.331035983748734
2618,6.36539701372385
2619,6.246690056286752
2620,6.006642943248153
2621,6.4776650397107005
2622,6.902166991494596
2623,6.612065015360713
2624,6.453377893194556
2625,6.843969924375415
2626,7.699745940044522
2627,6.239249021746218
2628,6.812043022364378
2629,7.786304922774434
2630,7.772363955155015
2631,7.188884075731039
2632,7.051639957353473
2633,6.697022006846964
2634,6.852091988548636
2635,6.707767955958843
2636,6.77714089397341
2637,6.525916047394276
2638,6.5847840160131454
2639,6.5755099058151245
2640,6.7210879642516375
2641,6.550272926688194
2642,6.9031179882586
2643,6.590081960894167
2644,7.561750011518598
2645,8.0198630457744
2646,7.13664700742811
2647,7.718703942373395
2648,7.363705080933869
2649,6.85296393930912
2650,7.106311968527734
2651,6.85741996858269
2652,6.957208970561624
2653,7.26535904686898
2654,7.897239993326366
2655,7.87442596629262
2656,6.989567074924707
2657,6.485766964033246
2658,6.7069659708067775
2659,6.538265035487711
2660,6.576952990144491
2661,6.69968593865633
2662,6.5307230688631535
2663,6.662781001068652
2664,6.8105809623375535
2665,7.329623913392425
2666,7.502341992221773
2667,6.784040946513414
2668,6.373228970915079
2669,7.077789050526917
2670,6.597343017347157
2671,6.8372199311852455
2672,7.217957987450063
2673,6.729540065862238
2674,7.282182923518121
2675,7.048845989629626
2676,7.771312957629561
2677,7.3549519293010235
2678,7.127722958102822
2679,6.774506997317076
2680,5.901777069084346
2681,6.881717010401189
2682,6.913683959282935
2683,7.324345991946757
2684,8.034665021114051
2685,6.990317953750491
2686,6.708658998832107
2687,6.662289961241186
2688,6.765533937141299
2689,7.192810997366905
2690,7.138579967431724
2691,7.033923990093172
2692,6.682359031401575
2693,6.668539019301534
2694,7.026351988315582
2695,6.810471066273749
2696,6.745374063029885
2697,7.116055930964649
2698,6.968966918066144
2699,6.742398953065276
2700,6.631533964537084
2701,6.564964074641466
2702,6.798572954721749
2703,6.960853934288025
2704,7.050527958199382
2705,6.681148079223931
2706,6.667968002147973
2707,7.465285947546363
2708,7.4188580038025975
2709,6.320519954897463
2710,6.583952927030623
2711,7.020324002951384
2712,6.486808997578919
2713,7.080573937855661
2714,6.40644901432097
2715,6.411045091226697
2716,6.752094021067023
2717,6.022186018526554
2718,6.130588008090854
2719,6.415712065063417
2720,7.024169084616005
2721,7.016457966528833
2722,6.73285499215126
2723,6.925561930984259
2724,6.596942082978785
2725,7.190097006969154
2726,6.531315040774643
2727,7.003057980909944
2728,5.816268036141992
2729,7.1712390054017305
2730,6.969616981223226
2731,6.165659986436367
2732,6.697481963783503
2733,7.468180963769555
2734,7.45165697298944
2735,6.889839074574411
2736,6.130286958068609
2737,6.858812994323671
2738,6.50132994633168
2739,6.68478396255523
2740,7.387590943835676
2741,7.377325091511011
2742,6.675779935903847
2743,6.595951039344072
2744,6.313369958661497
2745,6.641749991104007
2746,6.705213920213282
2747,7.522491971030831
2748,7.296815048903227
2749,7.037408999167383
2750,7.659345981664956
2751,7.042867015115917
2752,8.200092008337379
2753,7.519637001678348
2754,8.13984195701778
2755,8.397566038183868
2756,8.036267012357712
2757,8.42951308004558
2758,6.95731898304075
2759,8.67774395737797
2760,7.42467597592622
2761,7.6474379748106
2762,7.903899997472763
2763,7.812715019099414
2764,7.264186977408826
2765,7.111590006388724
2766,7.097237976267934
2767,7.185089052654803
2768,6.830511032603681
2769,6.794046028517187
2770,7.194462930783629
2771,6.912722950801253
2772,8.421742008067667
2773,8.601209032349288
2774,7.543212966993451
2775,8.692906936630607
2776,9.329335065558553
2777,9.077410097233951
2778,8.17875994835049
2779,7.021846016868949
2780,6.975567084737122
2781,6.700547062791884
2782,7.118570036254823
2783,7.645093952305615
2784,7.3735699988901615
2785,7.300770957954228
2786,7.057448965497315
2787,7.539296988397837
2788,8.342754910700023
2789,7.990328944288194
2790,7.0519400760531425
2791,6.888367002829909
2792,6.8791130324825644
2793,8.057929924689233
2794,6.895948085002601
2795,7.023487938567996
2796,6.944000022485852
2797,7.449042983353138
2798,6.924391025677323
2799,6.995556992478669
2800,7.451115059666336
2801,9.109116974286735
2802,7.148674922063947
2803,7.030638982541859
2804,6.64772791787982
2805,6.721458048559725
2806,6.930580013431609
2807,7.149666082113981
2808,7.413950050249696
2809,6.576722022145987
2810,6.441510980948806
2811,6.927425041794777
2812,7.925252080895007
2813,7.340350071899593
2814,7.365978904999793
2815,6.595821003429592
2816,7.626065984368324
2817,7.20645091496408
2818,6.954725948162377
2819,7.574409944936633
2820,7.444474962539971
2821,7.1977979969233274
2822,6.984640960581601
2823,6.787355989217758
2824,7.211487973108888
2825,7.2743629571050406
2826,6.93994399625808
2827,6.759544950909913
2828,6.5553009044379
2829,6.621188018471003
2830,6.179269985295832
2831,6.424344959668815
2832,6.89849304035306
2833,6.468371022492647
2834,6.509511964395642
2835,6.309352931566536
2836,6.384535925462842
2837,6.545015028677881
2838,6.7953490652143955
2839,6.856259074993432
2840,6.292658974416554
2841,6.129525019787252
2842,6.7463250597938895
2843,6.484864978119731
2844,6.869439035654068
2845,6.6343380603939295
2846,7.353580091148615
2847,6.262563983909786
2848,6.582100992091
2849,5.785853019915521
2850,6.68715697247535
2851,6.707758060656488
2852,6.235843989998102
2853,6.527830031700432
2854,7.13456398807466
2855,6.074894103221595
2856,6.351066054776311
2857,6.297206040471792
2858,6.793215055949986
2859,6.173802074044943
2860,5.916459020227194
2861,6.632225005887449
2862,6.4874590607360005
2863,6.454520043917
2864,6.385607994161546
2865,6.349874078296125
2866,6.500099087134004
2867,6.7685890244320035
2868,6.50771998334676
2869,6.835909094661474
2870,6.838824017904699
2871,7.665293989703059
2872,6.8714419612661
2873,7.4028130620718
2874,7.4079809710383415
2875,6.596370949409902
2876,6.729930988512933
2877,6.463614059612155
2878,6.960044032894075
2879,7.238399004563689
2880,7.243375992402434
2881,8.365348097868264
2882,7.1553250309079885
2883,8.12030304223299
2884,6.7097010323777795
2885,6.619526073336601
2886,6.272559054195881
2887,6.4736990025267005
2888,6.315383012406528
2889,6.114152958616614
2890,6.354901939630508
2891,6.6919439705088735
2892,6.479116971604526
2893,6.284536910243332
2894,6.655319011770189
2895,7.349513936787844
2896,6.793695967644453
2897,6.790832034312189
2898,6.614358979277313
2899,6.317355087958276
2900,6.611083983443677
2901,6.197487004101276
2902,7.006021915003657
2903,6.682730047032237
2904,6.771553074941039
2905,6.539977039210498
2906,6.400428945198655
2907,6.1207819962874055
2908,6.27060595434159
2909,6.628489005379379
2910,6.744191981852055
2911,6.16098300088197
2912,6.481400108896196
2913,6.978980964049697
2914,7.422492955811322
2915,6.558976019732654
2916,6.896219099871814
2917,6.672434974461794
2918,6.302765104919672
2919,7.036246941424906
2920,6.864552036859095
2921,7.254122057929635
2922,7.458907901309431
2923,6.467779981903732
2924,7.649601087905467
2925,7.4666389264166355
2926,7.526667905040085
2927,9.150667930953205
2928,7.22317595500499
2929,7.562051061540842
2930,6.931120995432138
2931,6.662660976871848
2932,5.999722983688116
2933,6.304376991465688
2934,6.565185962244868
2935,6.580117973499
2936,6.376784993335605
2937,6.692614988423884
2938,6.381241022609174
2939,6.9849209394305944
2940,6.981946993619204
2941,7.661459967494011
2942,6.2533109448850155
2943,6.776590016670525
2944,6.297496031038463
2945,7.130517973564565
2946,6.3134299125522375
2947,6.181573960930109
2948,6.746334955096245
2949,6.9551459746435285
2950,6.611905060708523
2951,6.541329086758196
2952,6.6532359924167395
2953,6.936818943358958
2954,5.658934009261429
2955,6.339048035442829
2956,5.81530702766031
2957,6.053973105736077
2958,6.533648003824055
2959,6.376003031618893
2960,6.808978971093893
2961,7.418958004564047
2962,6.6116550005972385
2963,6.372167961671948
2964,6.8483270006254315
2965,6.829508929513395
2966,6.6800269996747375
2967,6.828257930465043
2968,6.6547279711812735
2969,7.233901997096837
2970,8.160723024047911
2971,7.106061093509197
2972,8.151529938913882
2973,7.192560937255621
2974,7.349224062636495
2975,7.298397948034108
2976,7.054124027490616
2977,7.239039987325668
2978,6.49489089846611
2979,6.6761510679498315
2980,5.8091290993615985
2981,6.646305904723704
2982,5.994373932480812
2983,6.7782619735226035
2984,7.197828032076359
2985,6.389232934452593
2986,6.3920170068740845
2987,6.6841020015999675
2988,6.871421937830746
2989,6.5028819954022765
2990,6.48313295096159
2991,7.080844021402299
2992,6.670512026175857
2993,6.49836496450007
2994,6.215124041773379
2995,6.57836499158293
2996,6.36111106723547
2997,6.8187430733814836
2998,6.434219889342785
2999,6.851881975308061
3000,6.8032699637115
3001,6.654458935372531
3002,6.471695960499346
3003,6.6172630758956075
3004,7.5938289519399405
3005,6.901556975208223
3006,6.5650149481371045
3007,8.411317015998065
3008,8.649843046441674
3009,7.217406993731856
3010,7.13491509668529
3011,7.458015927113593
3012,6.992442067712545
3013,7.1767669869586825
3014,6.978770950809121
3015,7.316845003515482
3016,6.883509922772646
3017,6.973715033382177
3018,7.096035988070071
3019,7.303516031242907
3020,7.811643066816032
3021,7.450364995747805
3022,7.101705064997077
3023,7.022307021543384
3024,7.5549009488895535
3025,7.029396947473288
3026,7.188524003140628
3027,7.251168019138277
3028,6.378677091561258
3029,6.586607079952955
3030,6.44328398630023
3031,7.0070140063762665
3032,5.974754923954606
3033,6.500238087028265
3034,6.534519023261964
3035,6.692174938507378
3036,7.184338057413697
3037,8.665104978717864
3038,8.653749013319612
3039,7.671233965083957
3040,7.711344049312174
3041,8.230737992562354
3042,7.613096968270838
3043,7.021915982477367
3044,7.936678943224251
3045,6.7632399732246995
3046,7.1447090012952685
3047,6.835949025116861
3048,6.380049977451563
3049,7.120221969671547
3050,6.58924097660929
3051,6.60826894454658
3052,6.34186202660203
3053,7.102846982888877
3054,6.810610997490585
3055,6.1688750283792615
3056,6.34981389157474
3057,6.337226019240916
3058,5.7312819408252835
3059,6.470674066804349
3060,6.537963985465467
3061,6.711152964271605
3062,6.513628060929477
3063,7.254812982864678
3064,7.50701897777617
3065,7.595840957947075
3066,7.370825973339379
3067,8.540709968656301
3068,6.339289015159011
3069,7.035946939140558
3070,6.782999960705638
3071,6.857611006125808
3072,7.310517015866935
3073,6.660807994194329
3074,6.880756001919508
3075,6.629610899835825
3076,5.809259018860757
3077,7.4696040246635675
3078,8.078732062131166
3079,7.85561790689826
3080,7.762910099700093
3081,6.743000005371869
3082,7.030348060652614
3083,6.58578600268811
3084,6.2392400577664375
3085,6.918361992575228
3086,6.557703949511051
3087,6.856839987449348
3088,6.0214350232854486
3089,7.2541419649496675
3090,6.995455943979323
3091,6.978581077419221
3092,6.832574028521776
3093,6.51012291200459
3094,7.233401061967015
3095,6.6711329855024815
3096,6.901766988448799
3097,8.310787030495703
3098,6.842658971436322
3099,6.700636935420334
3100,7.450764998793602
3101,7.927727070637047
3102,7.5513150077313185
3103,6.8912910064682364
3104,6.4900340512394905
3105,6.624623900279403
3106,6.901777000166476
3107,6.695068906992674
3108,7.100914022885263
3109,6.870982004329562
3110,7.0042399456724524
3111,7.849278976209462
3112,6.9376700557768345
3113,6.554319057613611
3114,6.803381023928523
3115,7.610704051330686
3116,8.113121963106096
3117,6.585414987057447
3118,7.087342906743288
3119,7.145349984057248
3120,7.45706504676491
3121,7.426960044540465
3122,7.395813008770347
3123,7.091049919836223
3124,6.630333024077117
3125,6.682320032268763
3126,6.888556992635131
3127,7.261883933097124
3128,6.646296009421349
3129,6.811753031797707
3130,7.474030018784106
3131,7.137787993997335
3132,6.96541101206094
3133,7.6192960841581225
3134,7.581230020150542
3135,7.212609983980656
3136,7.675359956920147
3137,7.340029929764569
3138,6.914074998348951
3139,7.159230997785926
3140,6.6019800724461675
3141,7.013403926976025
3142,6.628600065596402
3143,6.613378063775599
3144,6.7648530239239335
3145,6.3821119256317616
3146,6.701419013552368
3147,6.332318065688014
3148,6.258749053813517
3149,6.897349958308041
3150,7.588040083646774
3151,8.246331010013819
3152,7.125830976292491
3153,7.05125997774303
3154,6.562751019373536
3155,6.332900025881827
3156,6.9745759246870875
3157,7.210406940430403
3158,7.490133983083069
3159,6.943700020201504
3160,6.7418989492580295
3161,6.18368701543659
3162,6.099451100453734
3163,7.32023105956614
3164,7.3323879623785615
3165,6.565495976246893
3166,7.129326928406954
3167,6.823800969868898
3168,6.915488047525287
3169,6.782479002140462
3170,6.809509010054171
3171,6.688748952001333
3172,6.613197037950158
3173,6.771853077225387
3174,6.733946967869997
3175,7.404146017506719
3176,6.3526988960802555
3177,7.925271987915039
3178,7.863431004807353
3179,6.805132958106697
3180,6.963268970139325
3181,6.940894993022084
3182,6.230667000636458
3183,7.1706370217725635
3184,7.113653002306819
3185,8.833996951580048
3186,7.637112983502448
3187,7.58685905020684
3188,7.9125340562313795
3189,7.8863740200176835
3190,7.855397998355329
3191,7.531516021117568
3192,7.513699936680496
3193,7.548380992375314
3194,7.075074943713844
3195,7.24779290612787
3196,5.959773086942732
3197,6.652967073023319
3198,5.715879029594362
3199,6.811782950535417
3200,6.764461984857917
3201,7.563213002867997
3202,7.098200032487512
3203,6.705244071781635
3204,6.350716110318899
3205,8.419679012149572
3206,8.32634000107646
3207,7.0601829793304205
3208,7.1633170591667295
3209,7.861447986215353
3210,6.893024081364274
3211,6.1995500000193715
3212,6.797662004828453
3213,6.824170937761664
3214,7.627849001437426
3215,7.23020697478205
3216,7.502833032049239
3217,7.553849020041525
3218,5.87852206081152
3219,7.708830060437322
3220,6.699786055833101
3221,7.994765997864306
3222,7.1725110756233335
3223,6.575410952791572
3224,6.881757057271898
3225,6.500868941657245
3226,7.168174022808671
3227,6.99651800096035
3228,6.9176709512248635
3229,7.026623003184795
3230,7.3817119700834155
3231,6.727276020683348
3232,7.575221010483801
3233,7.003118051216006
3234,6.182665005326271
3235,6.658824975602329
3236,7.464565918780863
3237,7.089446997269988
3238,6.900224951095879
3239,7.06456892658025
3240,7.525867084041238
3241,8.389965980313718
3242,7.440640009008348
3243,8.343675988726318
3244,8.379990002140403
3245,7.759484928101301
3246,7.338087074458599
3247,7.991280988790095
3248,7.985932985320687
3249,7.389192935079336
3250,7.352489046752453
3251,7.127312943339348
3252,7.496814010664821
3253,7.5625020544976
3254,8.030088967643678
3255,7.551455986686051
3256,7.115455926395953
3257,7.550464011728764
3258,7.291177054867148
3259,7.328822975978255
3260,7.235675002448261
3261,7.120062015019357
3262,6.9821670185774565
3263,6.588099058717489
3264,6.701098987832665
3265,6.636681966483593
3266,8.460460929200053
3267,7.091399980708957
3268,7.234654040075839
3269,6.555100088007748
3270,6.76342099905014
3271,6.871121935546398
3272,6.0475439531728625
3273,6.4565540524199605
3274,9.283096995204687
3275,8.573008002713323
3276,7.935237023048103
3277,7.027304964140058
3278,8.216946967877448
3279,7.288092980161309
3280,7.263456005603075
3281,6.807215977460146
3282,6.9492378970608115
3283,6.285247975029051
3284,6.380899925716221
3285,6.514569977298379
3286,6.731153000146151
3287,6.84394093696028
3288,7.359119015745819
3289,7.796030025929213
3290,7.519036997109652
3291,7.894687005318701
3292,7.621939992532134
3293,6.999452947638929
3294,7.5523159466683865
3295,6.856479914858937
3296,7.181824999861419
3297,7.726115989498794
3298,7.1126309921965
3299,6.884632050059736
3300,6.891011027619243
3301,7.5041549280285835
3302,7.120572961866856
3303,5.852694041095674
3304,6.7887380719184875
3305,6.87447702512145
3306,6.637252983637154
3307,6.914295954629779
3308,6.716962088830769
3309,7.689880905672908
3310,8.07195098605007
3311,6.769910920411348
3312,7.004310027696192
3313,7.221514009870589
3314,7.042938028462231
3315,7.201603963039815
3316,7.320811972022057
3317,7.295303046703339
3318,7.307391962967813
3319,6.6728160018101335
3320,6.7261249059811234
3321,6.861526984721422
3322,7.171579054556787
3323,6.393259973265231
3324,6.646565976552665
3325,6.4139500027522445
3326,6.784272030927241
3327,5.906082922592759
3328,6.859984947368503
3329,6.762940087355673
3330,6.793496082536876
3331,6.923911045305431
3332,7.081764983013272
3333,6.067444104701281
3334,6.733326008543372
3335,6.729310029186308
3336,6.878963089548051
3337,7.555510965175927
3338,8.263376075774431
3339,7.250806898809969
3340,6.828548037447035
3341,7.126112002879381
3342,6.962246960029006
3343,6.9995729718357325
3344,7.29333097115159
3345,6.918763043358922
3346,7.3360539972782135
3347,8.47317895386368
3348,7.481701904907823
3349,8.37698602117598
3350,7.073844084516168
3351,6.9433789467439055
3352,7.258789031766355
3353,6.924901972524822
3354,6.769731058739126
3355,7.700328016653657
3356,7.104519987478852
3357,6.547319004312158
3358,6.540257949382067
3359,6.84269901830703
3360,7.621470023877919
3361,7.250968017615378
3362,6.925973924808204
3363,7.25765700917691
3364,6.11128902528435
3365,6.762890028767288
3366,7.694178028032184
3367,6.052901968359947
3368,8.14595096744597
3369,7.658194983378053
3370,5.960273905657232
3371,6.75477902404964
3372,5.860544973984361
3373,6.785883917473257
3374,8.235014043748379
3375,7.641880074515939
3376,6.871661986224353
3377,7.731795078143477
3378,6.856839987449348
3379,6.627769093029201
3380,6.715690018609166
3381,6.341221975162625
3382,7.738593965768814
3383,7.269334979355335
3384,7.780557032674551
3385,7.4494139989838
3386,7.237597950734198
3387,8.289364981465042
3388,7.5723869958892465
3389,7.803261047229171
3390,7.030459004454315
3391,7.502623018808663
3392,8.531766012310982
3393,7.413960061967373
3394,7.219571038149297
3395,6.864211056381464
3396,8.502393029630184
3397,8.330196025781333
3398,8.131049107760191
3399,7.202256005257368
3400,7.4533800361678
3401,7.4638850055634975
3402,9.193031932227314
3403,7.543644052930176
3404,7.724172901362181
3405,7.217217003926635
3406,7.313431007787585
3407,7.221935084089637
3408,6.584173068404198
3409,6.632545962929726
3410,6.21907995082438
3411,6.992611917667091
3412,6.1872119549661875
3413,7.019632961601019
3414,6.795198074541986
3415,7.910831016488373
3416,7.787417969666421
3417,7.802348933182657
3418,7.679566042497754
3419,7.465458009392023
3420,7.090918952599168
3421,7.657314068637788
3422,7.927355938591063
3423,8.554250933229923
3424,8.043328998610377
3425,7.712385035119951
3426,7.138810004107654
3427,6.824001087807119
3428,6.239179987460375
3429,7.058070041239262
3430,7.8531859908252954
3431,6.674107979051769
3432,6.608601077459753
3433,6.893996032886207
3434,6.272479076869786
3435,7.123177056200802
3436,7.356174057349563
3437,7.352028973400593
3438,6.964129977859557
3439,7.3662190698087215
3440,8.326150011271238
3441,6.875266903080046
3442,7.102406001649797
3443,6.733215996064246
3444,7.582060992717743
3445,6.467649945989251
3446,6.274972925893962
3447,6.925383000634611
3448,6.741277989931405
3449,6.570743978954852
3450,6.868847995065153
3451,7.343926001340151
3452,7.1872929111123085
3453,6.557353073731065
3454,7.044921047054231
3455,7.145010051317513
3456,6.60464505199343
3457,6.819354020990431
3458,6.921967025846243
3459,7.630573934875429
3460,6.348132039420307
3461,7.205670000985265
3462,7.71461904514581
3463,7.325347978621721
3464,6.947996909730136
3465,7.18647101894021
3466,6.468181032687426
3467,6.4507449278607965
3468,7.37146707251668
3469,7.610303000546992
3470,6.1450289795175195
3471,6.61037303507328
3472,6.237406982108951
3473,6.382422987371683
3474,6.1295670457184315
3475,6.6330969566479325
3476,6.444895989261568
3477,6.622662069275975
3478,6.686807028017938
3479,6.726986961439252
3480,6.938321981579065
3481,6.5950300777330995
3482,6.581600056961179
3483,6.796139990910888
3484,5.872864043340087
3485,6.826956057921052
3486,6.7408670438453555
3487,6.39491097535938
3488,6.980875041335821
3489,6.755529087968171
3490,6.806885940022767
3491,6.33482204284519
3492,6.902127992361784
3493,8.00218794029206
3494,7.2246880736202
3495,7.375032990239561
3496,7.964171003550291
3497,6.981757003813982
3498,7.06121395342052
3499,7.325618993490934
3500,7.669131038710475
3501,6.7272980231791735
3502,6.142575992271304
3503,6.4991769613698125
3504,7.235695025883615
3505,6.4156720181927085
3506,6.684644031338394
3507,7.028667023405433
3508,6.68766803573817
3509,7.074184017255902
3510,6.786175072193146
3511,6.926393951289356
3512,6.9117320235818624
3513,8.869220037013292
3514,7.349163992330432
3515,6.479457952082157
3516,7.153552025556564
3517,7.1611140156164765
3518,7.729541044682264
3519,7.868318003602326
3520,7.4592080200091
3521,7.5076299253851175
3522,8.046524017117918
3523,8.05546692572534
3524,7.9659640323370695
3525,8.156848954968154
3526,7.3375459760427475
3527,7.457425934262574
3528,7.116007036529481
3529,7.115726009942591
3530,7.541150902397931
3531,7.830391987226903
3532,7.419499917887151
3533,7.292479043826461
3534,7.101795985363424
3535,7.342783967033029
3536,7.369605009444058
3537,7.471797056496143
3538,7.377697038464248
3539,6.718084099702537
3540,8.150799083523452
3541,7.913915906101465
3542,7.8761090990155935
3543,9.172301040962338
3544,9.778165025636554
3545,7.49438104685396
3546,6.790059967897832
3547,6.422533071599901
3548,7.385157980024815
3549,6.78292999509722
3550,7.8908519353717566
3551,7.549473084509373
3552,7.094654021784663
3553,7.93338508810848
3554,7.123498013243079
3555,7.61116505600512
3556,7.007525069639087
3557,6.888346979394555
3558,6.867215968668461
3559,7.108666002750397
3560,6.605084985494614
3561,7.050588959828019
3562,6.7767309956252575
3563,7.069666986353695
3564,7.525427034124732
3565,6.68898003641516
3566,7.6818999368697405
3567,7.721800007857382
3568,7.138569955714047
3569,8.643193054012954
3570,8.051530923694372
3571,6.729579996317625
3572,7.022456964477897
3573,7.228494971059263
3574,8.73645197134465
3575,7.89846305269748
3576,7.594940951094031
3577,8.2254100125283
3578,7.178249070420861
3579,7.113332045264542
3580,7.296074996702373
3581,7.187883951701224
3582,6.753135938197374
3583,6.915748002938926
3584,7.464485941454768
3585,6.974015035666525
3586,7.5206400360912085
3587,8.146823034621775
3588,8.650464005768299
3589,7.987014949321747
3590,7.941085961647332
3591,7.906384998932481
3592,7.526337984018028
3593,7.344026933424175
3594,6.783662014640868
3595,6.890760967507958
3596,7.246972061693668
3597,6.7044340539723635
3598,7.230236893519759
3599,6.930710049346089
3600,6.826715893112123
3601,7.518296013586223
3602,7.641579955816269
3603,7.7209179289639
3604,7.172271027229726
3605,7.472008001059294
3606,6.850761012174189
3607,6.909749004989862
3608,8.02408007439226
3609,6.810671999119222
3610,6.707887980155647
3611,5.917890928685665
3612,7.196297054179013
3613,7.661839947104454
3614,7.538817008025944
3615,6.471856962889433
3616,6.956879049539566
3617,7.306281011551619
3618,7.77905504219234
3619,7.696732063777745
3620,8.53425997775048
3621,8.194264024496078
3622,8.151240064762533
3623,7.03945301938802
3624,7.814226904883981
3625,7.551005110144615
3626,7.038320996798575
3627,7.069247076287866
3628,7.710863021202385
3629,7.890781969763339
3630,7.929238956421614
3631,7.152201025746763
3632,7.014455972239375
3633,7.517235004343092
3634,8.512026979587972
3635,7.555922027677298
3636,6.4007899491116405
3637,7.337045972235501
3638,7.626336999237537
3639,7.238639052957296
3640,7.070388994179666
3641,8.49775702226907
3642,7.137559005059302
3643,6.449984037317336
3644,7.883681100793183
3645,7.612185901962221
3646,7.951080915518105
3647,7.5019620126113296
3648,7.181323948316276
3649,7.236746954731643
3650,8.15920194145292
3651,7.817702949978411
3652,8.249836973845959
3653,7.4727790197357535
3654,8.349656010977924
3655,8.223687997087836
3656,7.28309596888721
3657,8.907707990147173
3658,9.46075189858675
3659,7.271679001860321
3660,8.51464201696217
3661,8.889260003343225
3662,7.615792099386454
3663,8.453270071186125
3664,7.885935017839074
3665,8.166342973709106
3666,6.8944370141252875
3667,7.951111067086458
3668,7.8440320212394
3669,8.194495108909905
3670,9.073224035091698
3671,8.554911008104682
3672,9.06048493925482
3673,7.4563740054145455
3674,9.267513058148324
3675,9.031211957335472
3676,8.520320057868958
3677,8.831984945572913
3678,7.953083957545459
3679,8.14826600253582
3680,9.165831957943738
3681,8.65482003428042
3682,8.445938932709396
3683,8.260342990979552
3684,7.632807013578713
3685,9.011221001856029
3686,9.51783696655184
3687,9.488332085311413
3688,9.053974994458258
3689,7.815290009602904
3690,8.33234004676342
3691,8.544045966118574
3692,8.047495037317276
3693,8.27587500680238
3694,7.761007989756763
3695,9.441373054869473
3696,7.468201918527484
3697,7.517935009673238
3698,7.801768952049315
3699,8.260922972112894
3700,7.962599047459662
3701,7.529732887633145
3702,10.300614056177437
3703,8.61683301627636
3704,9.61256807204336
3705,8.668371010571718
3706,8.43765598256141
3707,9.057109942659736
3708,6.953904987312853
3709,9.132862905971706
3710,9.973897016607225
3711,9.120855014771223
3712,8.913996978662908
3713,8.062558015808463
3714,9.356225957162678
3715,8.069157018326223
3716,7.198369014076889
3717,7.2729409439489245
3718,6.721968995407224
3719,7.184508955106139
3720,7.489001960493624
3721,6.858492968603969
3722,8.027305011637509
3723,7.832614937797189
3724,6.216115900315344
3725,7.372117950581014
3726,8.503205026499927
3727,7.459528977051377
3728,7.527750916779041
3729,7.401973009109497
3730,8.656973019242287
3731,7.585456012748182
3732,7.3447179747745395
3733,8.551576058380306
3734,7.668250007554889
3735,7.360490970313549
3736,7.331799017265439
3737,7.79030192643404
3738,7.92016601189971
3739,8.229766972362995
3740,7.597905001603067
3741,7.577985059469938
3742,7.230837945826352
3743,7.2867609560489655
3744,7.047154009342194
3745,8.070088922977448
3746,6.936218007467687
3747,6.555800908245146
3748,6.27577502746135
3749,6.885673967190087
3750,7.058111019432545
3751,6.8390939850360155
3752,6.917241029441357
3753,6.839403999038041
3754,8.33731796592474
3755,7.827456924133003
3756,7.485848036594689
3757,7.229084963910282
3758,7.539256941527128
3759,7.781388005241752
3760,7.736161001957953
3761,7.837241981178522
3762,8.092781994491816
3763,6.553248036652803
3764,7.363316020928323
3765,7.52907304558903
3766,7.256445940583944
3767,7.150258054025471
3768,7.429933990351856
3769,7.661861018277705
3770,6.867617019452155
3771,7.330466061830521
3772,7.056098082102835
3773,6.9722330663353205
3774,7.309074979275465
3775,7.54979404155165
3776,7.915418012998998
3777,7.883019978180528
3778,7.649421924725175
3779,6.359118968248367
3780,6.794698070734739
3781,7.1814339607954025
3782,9.076007991097867
3783,7.940937066450715
3784,7.670131977647543
3785,7.571024936623871
3786,7.104911026544869
3787,6.524245021864772
3788,7.799695944413543
3789,7.893556030467153
3790,7.554510026238859
3791,8.164640050381422
3792,7.50400498509407
3793,7.664815057069063
3794,6.960765924304724
3795,7.223336957395077
3796,9.949590894393623
3797,7.996218977496028
3798,6.759115029126406
3799,7.30845401994884
3800,6.809890968725085
3801,6.748779909685254
3802,7.6981340534985065
3803,7.627759943716228
3804,7.108186022378504
3805,7.343395962379873
3806,7.209756993688643
3807,7.448291988112032
3808,7.3224540101364255
3809,7.728568976745009
3810,7.837802986614406
3811,7.456735009327531
3812,7.18543108087033
3813,6.960715050809085
3814,6.7058749264106154
3815,7.870701025240123
3816,6.945693050511181
3817,7.453069090843201
3818,7.339259027503431
3819,7.5852860463783145
3820,7.272440008819103
3821,7.5396590400487185
3822,6.609783042222261
3823,7.790522067807615
3824,6.756271002814174
3825,7.012943970039487
3826,7.6814088970422745
3827,7.087314035743475
3828,7.46915303170681
3829,6.992092006839812
3830,6.9852020824328065
3831,6.622571963816881
3832,7.126131909899414
3833,7.859555073082447
3834,7.263295934535563
3835,6.941867992281914
3836,7.232910953462124
3837,8.872575941495597
3838,7.00613297522068
3839,8.39992007240653
3840,7.3586179642006755
3841,7.895809016190469
3842,8.422715007327497
3843,7.61951704043895
3844,8.028638083487749
3845,7.379119051620364
3846,7.3178180027753115
3847,7.660167990252376
3848,7.42665003053844
3849,7.83661101013422
3850,7.098191068507731
3851,6.819174042902887
3852,7.916119997389615
3853,7.512817974202335
3854,7.4408609652891755
3855,7.927255937829614
3856,7.343475939705968
3857,8.326590992510319
3858,8.115516975522041
3859,7.596213021315634
3860,7.109035970643163
3861,7.836381089873612
3862,6.126752006821334
3863,7.069437066093087
3864,7.853306015022099
3865,7.392799947410822
3866,7.034324924461544
3867,10.222878074273467
3868,8.95217398647219
3869,8.56497697532177
3870,8.78703803755343
3871,8.395293960347772
3872,7.820917991921306
3873,7.543554995208979
3874,7.904681959189475
3875,7.326441002078354
3876,7.444947026669979
3877,7.415572996251285
3878,6.9177920231595635
3879,8.236657013185322
3880,7.735289982520044
3881,8.095697034150362
3882,7.6601579785346985
3883,8.111189934425056
3884,7.469855016097426
3885,7.31190899387002
3886,7.69735302310437
3887,7.918252958916128
3888,7.936310023069382
3889,7.814978947862983
3890,7.793006021529436
3891,7.284507970325649
3892,7.385158096440136
3893,7.230606977827847
3894,7.701419061049819
3895,8.972394978627563
3896,8.517526905052364
3897,7.97092099674046
3898,8.181274984963238
3899,8.089297916740179
3900,8.280492969788611
3901,7.17117905151099
3902,6.921377032995224
3903,8.2339639775455
3904,7.380370981991291
3905,7.989568985067308
3906,7.809680071659386
3907,8.83184396661818
3908,8.035236969590187
3909,8.157109026797116
3910,9.14679397828877
3911,10.588562930934131
3912,7.500439998693764
3913,8.131049922667444
3914,8.305239956825972
3915,7.300211931578815
3916,7.789941970258951
3917,7.8983730636537075
3918,8.5382069228217
3919,8.596954052336514
3920,7.161904941312969
3921,6.932654068805277
3922,7.715128944255412
3923,7.420420995913446
3924,6.952294032089412
3925,7.607640000060201
3926,6.676021032035351
3927,6.7684289533644915
3928,7.2003829991444945
3929,7.199440966360271
3930,7.063108030706644
3931,8.398268022574484
3932,8.305119001306593
3933,7.561260950751603
3934,8.34876496810466
3935,7.63954792637378
3936,7.6340289087966084
3937,7.992402999661863
3938,7.276556105352938
3939,7.546077948063612
3940,7.59140495210886
3941,7.254081894643605
3942,7.081956951878965
3943,7.389524020254612
3944,6.966263055801392
3945,7.0735730696469545
3946,7.4737099930644035
3947,6.331027019768953
3948,7.288333959877491
3949,6.2653489876538515
3950,6.499578012153506
3951,7.282956037670374
3952,6.179220043122768
3953,6.79914397187531
3954,7.268234039656818
3955,6.382363964803517
3956,7.462293026037514
3957,7.674830034375191
3958,6.337025901302695
3959,6.897471030242741
3960,7.721678935922682
3961,8.075235993601382
3962,6.789510021917522
3963,6.889899959787726
3964,6.668520043604076
3965,7.659357041120529
3966,7.763491943478584
3967,6.8636409705504775
3968,7.102407049387693
3969,7.434180937707424
3970,7.136506959795952
3971,7.285980973392725
3972,7.550704991444945
3973,6.959963939152658
3974,6.893935962580144
3975,7.057069917209446
3976,9.087495971471071
3977,7.703682989813387
3978,7.38894403912127
3979,6.750932894647121
3980,6.2049179105088115
3981,6.884941947646439
3982,6.667749024927616
3983,6.968826986849308
3984,7.060714066028595
3985,6.963709951378405
3986,6.862308015115559
3987,7.803031010553241
3988,8.409785921685398
3989,7.245240034535527
3990,7.057980983518064
3991,7.606216939166188
3992,6.884341011755168
3993,6.957820965908468
3994,7.190437987446785
3995,7.503654924221337
3996,7.195265963673592
3997,8.623595000244677
3998,6.840365938842297
3999,7.115085027180612
4000,7.072141044773161
4001,8.101164945401251
4002,8.488102001138031
4003,6.951411021873355
4004,7.070749066770077
4005,7.487219991162419
4006,5.983868963085115
4007,7.714248960837722
4008,7.167734089307487
4009,6.919253966771066
4010,6.70741789508611
4011,6.789440056309104
4012,6.255483953282237
4013,7.105030003003776
4014,6.7485690815374255
4015,8.193572983145714
4016,8.11733992304653
4017,7.852985057979822
4018,6.818923982791603
4019,6.904872949235141
4020,6.67362695094198
4021,6.90996996127069
4022,6.865272996947169
4023,7.02960800845176
4024,6.9461140083149076
4025,6.815188913606107
4026,7.283026003278792
4027,7.094435044564307
4028,6.943029002286494
4029,6.49562303442508
4030,7.1822250029072165
4031,6.652615964412689
4032,6.7589550744742155
4033,6.388442008756101
4034,6.338989012874663
4035,6.752345012500882
4036,7.937451940961182
4037,7.390244980342686
4038,7.465057075023651
4039,7.691886043176055
4040,7.312931003980339
4041,7.419989909976721
4042,6.9071060279384255
4043,7.157398969866335
4044,6.847437005490065
4045,5.965652992017567
4046,7.943380973301828
4047,6.746244966052473
4048,6.87136291526258
4049,7.9262349754571915
4050,6.538175977766514
4051,7.4027149239555
4052,6.712986039929092
4053,6.888197036460042
4054,6.741168908774853
4055,7.326661027036607
4056,7.235564989969134
4057,7.716702995821834
4058,7.325800019316375
4059,7.328202947974205
4060,7.678485941141844
4061,7.02546292450279
4062,6.809749989770353
4063,8.42654099687934
4064,7.972143008373678
4065,7.730633020401001
4066,7.110278937034309
4067,7.369764964096248
4068,7.070448948070407
4069,6.565787014551461
4070,6.339709972962737
4071,7.37495394423604
4072,7.077179034240544
4073,6.646436988376081
4074,6.6042449325323105
4075,6.346940062940121
4076,6.821007002145052
4077,6.491306005045772
4078,7.1596920024603605
4079,7.180343032814562
4080,6.677021970972419
4081,6.657363031990826
4082,6.395422969944775
4083,6.468120962381363
4084,6.622030981816351
4085,7.579167024232447
4086,7.571506081148982
4087,8.48852307535708
4088,7.717953994870186
4089,7.0394930662587285
4090,7.270426955074072
4091,7.798823993653059
4092,6.982287974096835
4093,6.605025031603873
4094,7.633719011209905
4095,7.033074041828513
4096,7.3527899803593755
4097,6.914196070283651
4098,7.310776971280575
4099,6.71558000613004
4100,7.062718039378524
4101,6.790412007831037
4102,6.749120075255632
4103,6.600489025004208
4104,6.095275981351733
4105,7.140284054912627
4106,6.074854987673461
4107,6.723411963321269
4108,6.377215962857008
4109,7.216055993922055
4110,7.010880042798817
4111,7.075215922668576
4112,6.563063012436032
4113,6.965543027035892
4114,6.898532970808446
4115,6.892073899507523
4116,7.21664703451097
4117,6.400490994565189
4118,7.092411979101598
4119,7.024671067483723
4120,6.738904980011284
4121,6.6078288946300745
4122,8.178771007806063
4123,7.253592018969357
4124,7.657704991288483
4125,7.517424994148314
4126,9.160965913906693
4127,8.203507983125746
4128,7.1005739737302065
4129,7.631756016053259
4130,8.898633997887373
4131,7.722411071881652
4132,7.262164959684014
4133,7.123657967895269
4134,7.452758960425854
4135,7.3680420173332095
4136,7.792174932546914
4137,6.310065975412726
4138,6.609681993722916
4139,6.75584003329277
4140,6.6547689493745565
4141,5.660927970893681
4142,6.73491891939193
4143,6.714337971061468
4144,6.593708996661007
4145,6.709091016091406
4146,6.886615068651736
4147,7.068305974826217
4148,6.763722049072385
4149,6.993644987232983
4150,7.1681649424135685
4151,7.973865023814142
4152,7.100474089384079
4153,7.205480011180043
4154,7.039953023195267
4155,7.106242002919316
4156,7.28804396931082
4157,6.515601999126375
4158,6.848206976428628
4159,7.054456043988466
4160,7.4582870583981276
4161,7.825043983757496
4162,7.481641951017082
4163,6.866335053928196
4164,6.867006071843207
4165,7.126722950488329
4166,7.413660059683025
4167,7.351557957008481
4168,7.460399996489286
4169,6.9992729695513844
4170,8.030590950511396
4171,6.644334993325174
4172,7.207683986052871
4173,8.015537983737886
4174,8.143429062329233
4175,7.355353911407292
4176,6.957832025364041
4177,6.493689026683569
4178,6.689700996503234
4179,6.665876018814743
4180,6.998352007940412
4181,6.892794044688344
4182,7.388472906313837
4183,6.754368077963591
4184,6.427460932172835
4185,6.693968083709478
4186,6.950190057978034
4187,7.700227899476886
4188,7.6636329758912325
4189,6.8972010631114244
4190,7.156877894885838
4191,7.0518809370696545
4192,6.205930025316775
4193,7.239111000671983
4194,6.723091937601566
4195,7.446220028214157
4196,7.4375460390001535
4197,6.6111639607697725
4198,7.691775099374354
4199,7.268114015460014
4200,6.919084000401199
4201,7.17803998850286
4202,7.721139001660049
4203,8.085251902230084
4204,6.859323941171169
4205,7.406721008010209
4206,7.661490002647042
4207,7.619958953000605
4208,7.8739969758316875
4209,7.105580996721983
4210,8.189857937395573
4211,7.294352981261909
4212,7.062406977638602
4213,7.367452024482191
4214,7.208775030449033
4215,7.060134084895253
4216,6.487139966338873
4217,6.622210959903896
4218,6.988427019678056
4219,6.778133916668594
4220,6.3279420137405396
4221,6.895869038999081
4222,6.870741955935955
4223,7.261504069902003
4224,6.574570084922016
4225,6.725896033458412
4226,6.522933021187782
4227,6.607309100218117
4228,6.518165930174291
4229,6.909738993272185
4230,6.554710096679628
4231,6.683873012661934
4232,6.417486001737416
4233,6.777371978387237
4234,6.924050976522267
4235,7.110678940080106
4236,7.887067040428519
4237,8.13715998083353
4238,8.728671004064381
4239,7.734538987278938
4240,7.076428038999438
4241,7.084309938363731
4242,7.894137059338391
4243,7.711033918894827
4244,7.727368967607617
4245,7.566999993287027
4246,6.7002479918301105
4247,7.125311065465212
4248,7.433890947140753
4249,6.420810939744115
4250,6.5387460635975
4251,7.767908973619342
4252,7.0985209895297885
4253,8.509934996254742
4254,9.977221954613924
4255,9.497517021372914
4256,8.899195003323257
4257,10.433171992190182
4258,9.060806012712419
4259,9.568943991325796
4260,12.472842005081475
4261,11.04678597766906
4262,9.294043993577361
4263,9.236659039743245
4264,8.654110017232597
4265,7.5153030920773745
4266,8.941928972490132
4267,9.634642046876252
4268,6.93648005835712
4269,6.714749033562839
4270,6.038090912625194
4271,8.183858939446509
4272,7.19035801012069
4273,10.242196964100003
4274,8.893626974895597
4275,10.381344007328153
4276,10.036100051365793
4277,9.138811961747706
4278,10.297650005668402
4279,9.4454389763996
4280,9.340142016299069
4281,8.33376299124211
4282,8.027596049942076
4283,7.542293053120375
4284,7.3179989121854305
4285,7.991892984136939
4286,7.380982046015561
4287,6.74630596768111
4288,7.8652939992025495
4289,8.500630967319012
4290,8.18631297443062
4291,7.74088897742331
4292,7.294854032807052
4293,7.353511988185346
4294,7.684724987484515
4295,7.831434020772576
4296,6.5217610681429505
4297,8.18849599454552
4298,8.336976985447109
4299,7.806446054019034
4300,8.361874031834304
4301,8.771925000473857
4302,8.521161042153835
4303,8.099853992462158
4304,8.159092045389116
4305,7.4642159743234515
4306,7.711815997026861
4307,6.684252992272377
4308,7.043880061246455
4309,7.743441965430975
4310,8.101896033622324
4311,7.03494600020349
4312,8.27524601481855
4313,7.588912034407258
4314,7.526219007559121
4315,7.224408909678459
4316,7.355935056693852
4317,7.121335016563535
4318,7.371557992883027
4319,7.224408909678459
4320,7.727427990175784
4321,7.328904001042247
4322,7.1598830400034785
4323,8.610595017671585
4324,7.9583319602534175
4325,7.792996941134334
4326,9.36504895798862
4327,9.411208098754287
4328,9.68344509601593
4329,8.552529034204781
4330,8.809351944364607
4331,10.60586899984628
4332,9.830844006501138
4333,10.310859070159495
4334,9.438219014555216
4335,9.41630604211241
4336,7.91892409324646
4337,8.042088011279702
4338,9.46334598120302
4339,8.314413018524647
4340,8.048888063058257
4341,8.596073952503502
4342,9.34166507795453
4343,9.954549022950232
4344,8.918344043195248
4345,8.935079094953835
4346,9.105923003517091
4347,8.768950938247144
4348,9.109197999350727
4349,8.874128106981516
4350,9.074196103028953
4351,8.839045069180429
4352,8.171339984983206
4353,8.204309036955237
4354,8.050869917497039
4355,8.645977941341698
4356,8.527240948751569
4357,9.256517980247736
4358,9.681090014055371
4359,8.569223922677338
4360,13.15481890924275
4361,13.14592594280839
4362,12.286804965697229
4363,10.866026976145804
4364,9.511988959275186
4365,8.734039030969143
4366,7.870022091083229
4367,8.486349950544536
4368,7.518016966059804
4369,6.733817979693413
4370,7.076158071868122
4371,7.41302000824362
4372,7.193302037194371
4373,7.933054934255779
4374,7.548392051830888
4375,8.255835971795022
4376,7.443365058861673
4377,7.650483981706202
4378,6.836761021986604
4379,7.121134898625314
4380,7.578416960313916
4381,8.579339017160237
4382,6.626417976804078
4383,6.893235957249999
4384,8.126434055157006
4385,8.629122050479054
4386,9.925044025294483
4387,10.344239068217576
4388,8.997181081213057
4389,11.681232019327581
4390,10.066185030154884
4391,9.954908979125321
4392,8.63986904732883
4393,9.60525800473988
4394,10.202568024396896
4395,10.52253507077694
4396,9.826217079535127
4397,8.316447027027607
4398,9.346052072942257
4399,9.664486045949161
4400,9.491208009421825
4401,9.126113960519433
4402,9.939105017110705
4403,8.663963992148638
4404,8.959635975770652
4405,7.801329018548131
4406,8.3490249235183
4407,7.707449025474489
4408,8.047646027989686
4409,8.556254906579852
4410,8.103789063170552
4411,7.92671600356698
4412,7.666649064049125
4413,7.830702932551503
4414,8.2970280200243
4415,8.070028969086707
4416,7.591616013087332
4417,7.590725086629391
4418,8.01565800793469
4419,8.185952086932957
4420,7.588671986013651
4421,9.252232033759356
4422,7.774338941089809
4423,7.616554037667811
4424,8.480200893245637
4425,8.355223922990263
4426,8.410366019234061
4427,7.867988082580268
4428,7.619066978804767
4429,7.625897997058928
4430,8.682251907885075
4431,8.424647967331111
4432,8.53498198557645
4433,7.761860033497214
4434,7.655942928977311
4435,7.284168037585914
4436,8.593810023739934
4437,7.388073019683361
4438,7.285350002348423
4439,7.046323036774993
4440,6.883620982989669
4441,7.354652974754572
4442,7.889200001955032
4443,7.563693914562464
4444,7.203347980976105
4445,7.637935108505189
4446,8.427051943726838
4447,7.129937992431223
4448,7.533218944445252
4449,7.31129792984575
4450,7.333271089009941
4451,7.661591051146388
4452,8.166863000951707
4453,7.992353988811374
4454,7.827167049981654
4455,7.684084004722536
4456,7.136818021535873
4457,7.633239030838013
4458,7.70647800527513
4459,8.024750975891948
4460,7.565616979263723
4461,7.380943046882749
4462,7.999163004569709
4463,7.077840040437877
4464,7.765164948068559
4465,8.29213997349143
4466,7.62353406753391
4467,8.235957007855177
4468,6.965102045796812
4469,7.579557946883142
4470,7.265149964950979
4471,6.304737995378673
4472,7.39598402287811
4473,7.596123032271862
4474,7.929170038551092
4475,7.018993026576936
4476,7.285088999196887
4477,8.700920036062598
4478,9.179993998259306
4479,8.375585079193115
4480,10.051803081296384
4481,10.48169401474297
4482,9.378349990583956
4483,9.680059039965272
4484,10.30579290818423
4485,11.710155988112092
4486,9.942559991031885
4487,12.061118963174522
4488,10.868491022847593
4489,10.83911710884422
4490,9.515994926914573
4491,9.29499592166394
4492,9.018232929520309
4493,8.22607206646353
4494,7.69222597591579
4495,8.113823947496712
4496,8.005012990906835
4497,10.973307071253657
4498,9.209076990373433
4499,7.3594399727880955
4500,7.627749931998551
4501,7.966374978423119
4502,7.201235042884946
4503,8.650664938613772
4504,8.915189071558416
4505,7.765074959024787
4506,8.2778490614146
4507,8.484857971780002
4508,8.739777957089245
4509,7.236867095343769
4510,6.764873978681862
4511,6.01128104608506
4512,6.728149019181728
4513,6.91552902571857
4514,7.513299002312124
4515,6.687258020974696
4516,7.570925983600318
4517,8.135707001201808
4518,8.229597005993128
4519,9.081917931325734
4520,8.1137849483639
4521,7.152542006224394
4522,7.335414062254131
4523,7.160854991525412
4524,6.816090899519622
4525,7.495934027247131
4526,8.215417037717998
4527,8.076329017058015
4528,10.074767982587218
4529,7.770363008603454
4530,7.3445679154247046
4531,7.894006907008588
4532,7.556343916803598
4533,7.868358981795609
4534,8.950682007707655
4535,7.175496080890298
4536,6.776760914362967
4537,6.892845034599304
4538,6.762580014765263
4539,7.254303083755076
4540,7.4934110743924975
4541,6.9496199721470475
4542,6.419839919544756
4543,7.650444051250815
4544,7.250176975503564
4545,7.554800948128104
4546,7.433871040120721
4547,7.32481898739934
4548,7.765174959786236
4549,7.144330069422722
4550,7.5849470449611545
4551,8.661551983095706
4552,7.854748982936144
4553,6.968477973714471
4554,7.1241200203076005
4555,7.519127917475998
4556,7.236858014948666
4557,6.998141063377261
4558,6.767557933926582
4559,7.045091944746673
4560,7.500972016714513
4561,6.836840999312699
4562,6.267271935939789
4563,6.917151040397584
4564,6.797201931476593
4565,7.650443934835494
4566,6.60761003382504
4567,6.823691073805094
4568,7.301614037714899
4569,7.0173300337046385
4570,6.6504329442977905
4571,6.6729780519381166
4572,7.264768937602639
4573,7.129027042537928
4574,7.724103983491659
4575,7.568220957182348
4576,6.742330035194755
4577,6.838182918727398
4578,6.569582968950272
4579,7.125181029550731
4580,7.051931926980615
4581,7.2586809983477
4582,6.4289829460904
4583,6.978673045523465
4584,7.0129630621522665
4585,6.7559899762272835
4586,6.878322921693325
4587,6.86293002218008
4588,6.404437008313835
4589,6.662982050329447
4590,7.3683030204847455
4591,7.010800996795297
4592,6.945373024791479
4593,7.052592933177948
4594,7.139653083868325
4595,7.443325011990964
4596,7.644886034540832
4597,6.475943955592811
4598,6.754338042810559
4599,6.991852889768779
4600,7.407831959426403
4601,8.284369017928839
4602,7.547410088591278
4603,7.467941963113844
4604,6.947045098058879
4605,7.1951550198718905
4606,7.229766924865544
4607,7.197589031420648
4608,7.253042072989047
4609,8.220894960686564
4610,7.3768270667642355
4611,8.486761013045907
4612,7.92694604024291
4613,7.6380759710446
4614,7.475913967937231
4615,7.147905067540705
4616,7.186141912825406
4617,7.586589083075523
4618,7.57127592805773
4619,7.459669024683535
4620,7.485798909328878
4621,8.484176942147315
4622,7.660318980924785
4623,6.639176979660988
4624,7.935299072414637
4625,7.1921710623428226
4626,7.3740920051932335
4627,7.5470199808478355
4628,7.705766940489411
4629,7.574039977043867
4630,7.41778698284179
4631,7.150328019633889
4632,7.675261003896594
4633,7.113283965736628
4634,7.188264979049563
4635,7.114614942111075
4636,6.945673958398402
4637,8.000956964679062
4638,7.748399977572262
4639,6.562652997672558
4640,7.5538200326263905
4641,7.522213039919734
4642,7.748670992441475
4643,7.78157904278487
4644,7.51212693285197
4645,7.752056000754237
4646,8.226704085245728
4647,7.612326997332275
4648,8.055798010900617
4649,7.394731976091862
4650,7.64199101831764
4651,7.939776056446135
4652,6.943690008483827
4653,8.141184924170375
4654,7.772476994432509
4655,7.592507055960596
4656,7.269756053574383
4657,7.020956021733582
4658,6.845794967375696
4659,7.5853170128539205
4660,6.605496979318559
4661,8.168736938387156
4662,8.538627997040749
4663,7.57683499250561
4664,7.389715989120305
4665,7.835689932107925
4666,7.066022953949869
4667,8.110549999400973
4668,8.007536991499364
4669,7.298939977772534
4670,7.54587899427861
4671,6.861708010546863
4672,7.534020929597318
4673,7.490015006624162
4674,7.218120037578046
4675,7.551335962489247
4676,8.140755002386868
4677,7.91155407205224
4678,7.502774009481072
4679,7.2938730008900166
4680,6.932685035280883
4681,7.542073028162122
4682,7.0362979313358665
4683,6.9129649782553315
4684,7.425028015859425
4685,7.007837062701583
4686,7.55116599611938
4687,7.0471749641001225
4688,7.589253014884889
4689,7.207443006336689
4690,7.056889007799327
4691,7.342174998484552
4692,7.820697966963053
4693,7.886736071668565
4694,7.594621041789651
4695,7.265230058692396
4696,6.485668011009693
4697,7.1851699613034725
4698,7.687218952924013
4699,7.330816937610507
4700,7.28162401355803
4701,7.6959519647061825
4702,8.631526958197355
4703,7.745865965262055
4704,7.477035978808999
4705,6.9769700057804585
4706,6.861138041131198
4707,7.02976796310395
4708,6.20804401114583
4709,7.04148702789098
4710,7.026794017292559
4711,6.970499991439283
4712,6.9689779775217175
4713,7.316236034967005
4714,7.4130300199612975
4715,7.018362055532634
4716,7.362034055404365
4717,7.203648099675775
4718,6.502232979983091
4719,6.8870659451931715
4720,6.498045986518264
4721,7.224027998745441
4722,6.602753070183098
4723,7.480019936338067
4724,6.383726024068892
4725,7.360221003182232
4726,6.858453969471157
4727,7.241514977067709
4728,8.089198032394052
4729,7.713568047620356
4730,7.172120967879891
4731,7.832786068320274
4732,6.697683944366872
4733,6.414853036403656
4734,7.5500039383769035
4735,6.7654449958354235
4736,6.71348802279681
4737,7.175977109000087
4738,5.919193034060299
4739,7.700828951783478
4740,7.215406047180295
4741,6.907796952873468
4742,7.025402970612049
4743,6.76929100882262
4744,7.211268995888531
4745,8.061917964369059
4746,8.183819940313697
4747,6.934566074050963
4748,7.361382944509387
4749,6.749170017428696
4750,6.789190927520394
4751,6.964641041122377
4752,5.905203055590391
4753,8.038182044401765
4754,7.239982020109892
4755,6.57144607976079
4756,6.679787999019027
4757,5.874086986295879
4758,6.815039087086916
4759,6.119412020780146
4760,6.7916440311819315
4761,6.352419033646584
4762,7.769472082145512
4763,7.939524948596954
4764,7.698156055994332
4765,7.888668915256858
4766,7.409674930386245
4767,7.8972820192575455
4768,8.08832689654082
4769,8.374184020794928
4770,7.973987027071416
4771,8.678836980834603
4772,7.45286897290498
4773,7.534781936556101
4774,7.084559998475015
4775,7.301022997125983
4776,6.863842019811273
4777,7.114105043001473
4778,6.632307078689337
4779,7.103438954800367
4780,6.9937960943207145
4781,7.203368004411459
4782,7.1692169876769185
4783,7.677445071749389
4784,7.929580053314567
4785,7.460520952008665
4786,7.683202973566949
4787,7.674750057049096
4788,7.187303970567882
4789,7.892835070379078
4790,7.218560087494552
4791,6.5997380297631025
4792,6.792375002987683
4793,6.7726559937000275
4794,6.620779051445425
4795,6.4661180367693305
4796,7.3459300911054015
4797,6.628541043028235
4798,6.9709219969809055
4799,7.004270912148058
4800,7.095887907780707
4801,6.768368999473751
4802,7.233322947286069
4803,8.852025028318167
4804,7.619327981956303
4805,7.944172015413642
4806,7.5340899638831615
4807,6.941027007997036
4808,6.656261975876987
4809,7.744363974779844
4810,6.952845025807619
4811,6.559246918186545
4812,6.257307017222047
4813,6.808770005591214
4814,6.983028957620263
4815,6.065160967409611
4816,6.574950995855033
4817,7.602742989547551
4818,7.4330499628558755
4819,6.665405933745205
4820,6.462642922997475
4821,6.845393916592002
4822,6.652846932411194
4823,6.746627041138709
4824,7.1297690737992525
4825,7.4237859807908535
4826,7.0618269965052605
4827,6.8358799908310175
4828,7.41510302759707
4829,7.201764965429902
4830,6.828579003922641
4831,6.607820047065616
4832,6.975898984819651
4833,6.710382993333042
4834,6.996810087002814
4835,7.109367987141013
4836,6.722870981320739
4837,6.512858904898167
4838,6.573649006895721
4839,6.971101043745875
4840,7.550795911811292
4841,7.093984982930124
4842,7.028837921097875
4843,6.246380973607302
4844,6.825424963608384
4845,6.800466915592551
4846,6.820928072556853
4847,6.56230200547725
4848,6.775771034881473
4849,6.70277199242264
4850,6.524004973471165
4851,7.329014944843948
4852,7.163378060795367
4853,6.893535959534347
4854,7.363387034274638
4855,7.335605099797249
4856,6.557095097377896
4857,7.256677956320345
4858,8.000435889698565
4859,6.917761988006532
4860,7.100314018316567
4861,7.393260952085257
4862,7.812755997292697
4863,8.379832026548684
4864,7.401213049888611
4865,8.011052035726607
4866,7.475433056242764
4867,8.078822982497513
4868,7.604745915159583
4869,7.997541921213269
4870,7.706588017754257
4871,8.96355090662837
4872,8.423898019827902
4873,7.603934966027737
4874,8.77065397799015
4875,8.12133599538356
4876,7.974155945703387
4877,7.850551977753639
4878,8.098613005131483
4879,7.567460066638887
4880,8.128417073749006
4881,7.743301917798817
4882,7.432630052790046
4883,6.473390036262572
4884,6.6384959500283
4885,6.769021041691303
4886,7.303897989913821
4887,7.1188409347087145
4888,7.0539049338549376
4889,7.73456902243197
4890,6.955127930268645
4891,7.008647080510855
4892,6.93234393838793
4893,8.701410959474742
4894,7.695592008531094
4895,8.810815052129328
4896,7.423565955832601
4897,6.961678038351238
4898,6.70485501177609
4899,8.541933028027415
4900,7.715150946751237
4901,8.38742300402373
4902,7.092452025972307
4903,7.364267949014902
4904,7.307604071684182
4905,7.415183004923165
4906,7.294484064914286
4907,7.192141027189791
4908,7.533048978075385
4909,7.061777054332197
4910,6.904662004671991
4911,6.719997036270797
4912,6.7299120128154755
4913,6.89151301048696
4914,7.479438907466829
4915,7.390826940536499
4916,7.21190997865051
4917,8.058291976340115
4918,9.547902969643474
4919,6.914727040566504
4920,7.588571985252202
4921,7.361002964898944
4922,6.92035595420748
4923,7.1421569446101785
4924,7.050348911434412
4925,6.063748965971172
4926,7.471637916751206
4927,7.135345949791372
4928,6.971481954678893
4929,7.49552296474576
4930,7.226562011055648
4931,6.781118921935558
4932,7.578166900202632
4933,6.9375819293782115
4934,6.47490203846246
4935,6.929709925316274
4936,6.856630905531347
4937,7.135166088119149
4938,8.546970901079476
4939,8.152482914738357
4940,8.378088939934969
4941,11.640883050858974
4942,8.021316956728697
4943,8.693009032867849
4944,8.391950046643615
4945,7.483705994673073
4946,8.124289917759597
4947,8.637816063128412
4948,8.21164099033922
4949,7.410296006128192
4950,7.818054989911616
4951,7.969078957103193
4952,7.763443049043417
4953,7.551537011750042
4954,7.377377012744546
4955,7.2087160078808665
4956,7.5380970956757665
4957,7.283126935362816
4958,7.599117932841182
4959,7.203537970781326
4960,6.580309011042118
4961,6.187584018334746
4962,7.382364943623543
4963,7.204800029285252
4964,7.491337019018829
4965,10.0828199647367
4966,8.526950958184898
4967,8.583314949646592
4968,8.99962498806417
4969,9.429626050405204
4970,10.516365990042686
4971,10.12928003910929
4972,8.335825987160206
4973,7.060684962198138
4974,8.097179932519794
4975,7.317497977055609
4976,8.159743039868772
4977,8.77116504125297
4978,8.124480955302715
4979,10.439832927659154
4980,9.632348082959652
4981,9.184330934658647
4982,8.881599991582334
4983,9.334534988738596
4984,8.768000057898462
4985,8.726527914404869
4986,8.340151980519295
4987,9.649985004216433
4988,8.15633893944323
4989,9.117261040955782
4990,10.025465046055615
4991,9.234155062586069
4992,8.57955904211849
4993,7.144149974919856
4994,9.715311927720904
4995,10.305511998012662
4996,9.260414983145893
4997,9.013636037707329
4998,8.696073084138334
4999,7.99421698320657
5000,9.554382064379752
5001,9.05933405738324
5002,7.589304004795849
5003,7.448173011653125
5004,8.323538000695407
5005,8.55845701880753
5006,8.32194508984685
5007,8.813768974505365
5008,8.669002912938595
5009,8.369916933588684
5010,9.49648697860539
5011,8.426581043750048
5012,8.683403953909874
5013,8.815701003186405
5014,8.511448046192527
5015,8.609915035776794
5016,8.204189944081008
5017,7.781058899126947
5018,8.385420078411698
5019,7.731154910288751
5020,6.811164086684585
5021,7.765075075440109
5022,7.711895974352956
5023,8.588331984356046
5024,10.38990798406303
5025,8.346181944943964
5026,9.060326032340527
5027,9.224661043845117
5028,7.458577980287373
5029,8.25308298226446
5030,8.02968896459788
5031,7.478688028641045
5032,7.506790920160711
5033,8.88539501465857
5034,8.72446596622467
5035,8.311840938404202
5036,8.0586529802531
5037,7.487101014703512
5038,7.684875978156924
5039,6.951953982934356
5040,7.958072936162353
5041,8.337349048815668
5042,7.444918039254844
5043,8.067745948210359
5044,7.814278011210263
5045,8.0285380827263
5046,8.585217990912497
5047,7.533140014857054
5048,8.088436909019947
5049,8.273924002423882
5050,8.270067977719009
5051,8.374824887141585
5052,7.149518001824617
5053,8.466199971735477
5054,8.244849974289536
5055,7.784424000419676
5056,7.50987499486655
5057,9.92487499024719
5058,9.829722926951945
5059,7.442323956638575
5060,7.722381968051195
5061,7.85057304892689
5062,7.946054916828871
5063,7.537587080150843
5064,7.810774026438594
5065,6.980155012570322
5066,7.669433020055294
5067,8.215536014176905
5068,8.177199983038008
5069,8.702752995304763
5070,7.922069053165615
5071,7.930652005597949
5072,7.402815972454846
5073,6.984601030126214
5074,6.6471489844843745
5075,7.206473033875227
5076,7.964321994222701
5077,8.382595959119499
5078,7.91897508315742
5079,8.30757396761328
5080,7.454182021319866
5081,8.290868951007724
5082,8.491658023558557
5083,7.863532053306699
5084,8.63379007205367
5085,7.906906888820231
5086,7.739666965790093
5087,8.700178936123848
5088,8.265722077339888
5089,7.904613041318953
5090,7.6325779082253575
5091,7.343166042119265
5092,7.767328992486
5093,6.904933019541204
5094,7.915919995866716
5095,8.03617003839463
5096,7.70410499535501
5097,8.649914059787989
5098,8.494663052260876
5099,7.505528046749532
5100,7.384757976979017
5101,7.228135014884174
5102,7.711575948633254
5103,8.493972010910511
5104,7.323736906982958
5105,6.9380030035972595
5106,7.608020910993218
5107,7.28657201398164
5108,7.517496007494628
5109,6.955167977139354
5110,6.340772029943764
5111,6.87369704246521
5112,6.603654008358717
5113,5.989698925986886
5114,7.027515908703208
5115,6.239561946131289
5116,7.0255930768325925
5117,6.8216490326449275
5118,7.3995309649035335
5119,8.156267926096916
5120,7.415773929096758
5121,7.947096950374544
5122,7.352591026574373
5123,7.875318988226354
5124,7.687430013902485
5125,8.208766928873956
5126,8.193203015252948
5127,7.99797207582742
5128,7.776121026836336
5129,7.520511047914624
5130,7.139883004128933
5131,6.954517099075019
5132,6.882018991746008
5133,6.8867659429088235
5134,8.139153011143208
5135,7.800888968631625
5136,7.393090985715389
5137,8.12040502205491
5138,7.372670923359692
5139,6.938733044080436
5140,7.667709956876934
5141,8.023881004191935
5142,7.720138994045556
5143,8.548434008844197
5144,7.4416029965505
5145,7.1198539808392525
5146,7.059894036501646
5147,7.323267054744065
5148,7.05648900475353
5149,7.155516999773681
5150,6.986113963648677
5151,7.67508102580905
5152,7.771556032821536
5153,7.32747302390635
5154,7.426340016536415
5155,7.112603052519262
5156,7.394583080895245
5157,8.010281017050147
5158,7.946234894916415
5159,7.942119031213224
5160,7.766557042486966
5161,7.75853602681309
5162,7.313421927392483
5163,6.811633938923478
5164,6.7599170142784715
5165,6.8534460151568055
5166,7.275945972651243
5167,6.626517977565527
5168,7.429535035043955
5169,7.0577210281044245
5170,6.681059952825308
5171,5.841147969476879
5172,7.002859027124941
5173,9.187747025862336
5174,6.914256955496967
5175,6.744664045982063
5176,6.7701119696721435
5177,7.392580038867891
5178,9.161947993561625
5179,8.167064981535077
5180,9.55994101241231
5181,8.271010010503232
5182,8.469745982438326
5183,7.615261944010854
5184,6.990941008552909
5185,6.553139071911573
5186,7.81289697624743
5187,7.657404989004135
5188,7.776972954161465
5189,7.15275201946497
5190,7.483294932171702
5191,8.21852101944387
5192,7.854809053242207
5193,8.498257957398891
5194,8.356997976079583
5195,7.966505945660174
5196,8.114877040497959
5197,7.638647104613483
5198,8.058662991970778
5199,8.246754063293338
5200,8.051282027736306
5201,7.083278964273632
5202,7.181856082752347
5203,10.472010937519372
5204,9.526251000352204
5205,8.708211942575872
5206,8.889161050319672
5207,8.767809951677918
5208,8.582032984122634
5209,8.85817501693964
5210,7.956931018270552
5211,7.883251993916929
5212,9.652209002524614
5213,9.840758983045816
5214,7.459620013833046
5215,9.09808196593076
5216,6.595801911316812
5217,7.661851937882602
5218,8.598236949183047
5219,8.740970981307328
5220,7.942951051518321
5221,8.61814699601382
5222,7.790923933498561
5223,7.42587901186198
5224,6.983289960771799
5225,7.122726994566619
5226,7.846958003938198
5227,7.740629022009671
5228,7.79851502738893
5229,6.267873919568956
5230,7.312980946153402
5231,9.246774017810822
5232,7.8298019943758845
5233,7.252811919897795
5234,8.336566970683634
5235,7.24038400221616
5236,7.890512002632022
5237,6.304698064923286
5238,6.894216989167035
5239,7.22197606228292
5240,7.888710009865463
5241,7.52547790762037
5242,9.136889944784343
5243,7.498738006688654
5244,7.884924067184329
5245,7.094827014952898
5246,7.42564897518605
5247,8.173644891940057
5248,7.161134970374405
5249,8.082589018158615
5250,7.56727100815624
5251,7.786917965859175
5252,7.82023707870394
5253,7.589392946101725
5254,7.677634945139289
5255,7.000705925747752
5256,7.663122960366309
5257,6.8022600607946515
5258,6.701609934680164
5259,7.5067810248583555
5260,8.576774969696999
5261,8.570255944505334
5262,8.362596039660275
5263,6.765276077203453
5264,6.636893027462065
5265,8.766948012635112
5266,7.217318983748555
5267,8.28563200775534
5268,7.11143109947443
5269,6.528082070872188
5270,7.622853969223797
5271,7.051241002045572
5272,8.609774988144636
5273,7.280373014509678
5274,6.770112086087465
5275,7.008868968114257
5276,8.796153008006513
5277,8.533230982720852
5278,8.750625071115792
5279,7.705155992880464
5280,7.578077027574182
5281,7.209597039036453
5282,7.932965992949903
5283,6.791012943722308
5284,8.155858027748764
5285,7.558548008091748
5286,7.734610000625253
5287,7.558587938547134
5288,7.5189280323684216
5289,7.3723699897527695
5290,7.981498027220368
5291,7.911573979072273
5292,7.313161971978843
5293,7.863120990805328
5294,7.274794043041766
5295,8.041497087106109
5296,7.703993935137987
5297,7.291830028407276
5298,7.916201022453606
5299,7.059424067847431
5300,6.356445956043899
5301,7.036039023660123
5302,6.593580008484423
5303,6.692595896311104
5304,5.8693899773061275
5305,7.017171010375023
5306,6.88738701865077
5307,8.343116962350905
5308,7.257377961650491
5309,7.165612070821226
5310,6.957491976208985
5311,6.850451929494739
5312,6.7114048870280385
5313,6.699476973153651
5314,7.615181966684759
5315,7.0988929364830256
5316,6.7240039352327585
5317,7.005463005043566
5318,7.368694990873337
5319,7.436726009473205
5320,7.847078028135002
5321,7.360162097029388
5322,7.037681061774492
5323,6.604534923098981
5324,7.05555803142488
5325,6.2772780656814575
5326,5.969729041680694
5327,6.775850895792246
5328,6.873145932331681
5329,6.878023035824299
5330,7.005354040302336
5331,6.788589991629124
5332,6.7839029943570495
5333,7.350407890044153
5334,7.5385780073702335
5335,7.948588929139078
5336,7.430917001329362
5337,7.308255066163838
5338,6.851803977042437
5339,6.315365084446967
5340,7.399150053970516
5341,6.251059006899595
5342,6.124020088464022
5343,6.829230929724872
5344,7.216778001748025
5345,7.095206994563341
5346,6.87071296852082
5347,7.793987984769046
5348,7.157920976169407
5349,7.39257107488811
5350,7.1507589891552925
5351,7.106314064003527
5352,6.631975993514061
5353,6.839015055447817
5354,6.903771078214049
5355,6.578427040949464
5356,7.458518026396632
5357,6.632177042774856
5358,6.62986293900758
5359,6.897993036545813
5360,6.679476937279105
5361,6.72589591704309
5362,7.389325997792184
5363,8.051521959714592
5364,7.462934940122068
5365,8.136199088767171
5366,7.12697405833751
5367,6.681779981590807
5368,7.9199670581147075
5369,6.768669933080673
5370,7.736842962913215
5371,7.437807973474264
5372,8.12401995062828
5373,7.55747698713094
5374,6.853466969914734
5375,6.91996596287936
5376,8.209889056161046
5377,8.377026999369264
5378,7.6575459679588675
5379,7.725466042757034
5380,7.031171000562608
5381,6.748049054294825
5382,7.052842993289232
5383,6.637225043959916
5384,6.545576965436339
5385,7.4064109940081835
5386,6.624864996410906
5387,6.748860934749246
5388,6.794659071601927
5389,7.158139953389764
5390,6.8957299226894975
5391,6.751565029844642
5392,6.57296902500093
5393,6.866466021165252
5394,6.927817012183368
5395,6.433089030906558
5396,6.827317061834037
5397,6.776030990295112
5398,6.225701072253287
5399,7.0582120679318905
5400,6.597405066713691
5401,6.612728000618517
5402,6.22907595243305
5403,6.88921008259058
5404,7.561172009445727
5405,7.763041998259723
5406,7.403816911391914
5407,7.810192997567356
5408,7.342145079746842
5409,7.331919041462243
5410,6.838273955509067
5411,6.898324005305767
5412,7.866176078096032
5413,8.059585001319647
5414,7.366260979324579
5415,7.4086639797315
5416,7.189807947725058
5417,7.119543035514653
5418,6.718354998156428
5419,6.767829065211117
5420,6.977590965107083
5421,6.527410936541855
5422,7.0758480578660965
5423,7.1968690026551485
5424,7.339771022088826
5425,7.151080062612891
5426,6.821549031883478
5427,7.02141597867012
5428,7.501802989281714
5429,6.761529017239809
5430,7.326222024857998
5431,7.001037010923028
5432,7.224418921396136
5433,7.480461965315044
5434,6.757674040272832
5435,7.113675004802644
5436,7.032654015347362
5437,7.08040501922369
5438,7.276086951605976
5439,7.752447039820254
5440,8.9516049483791
5441,7.007906096987426
5442,7.820369093678892
5443,7.564165978692472
5444,7.968289079144597
5445,8.400082006119192
5446,8.259673020802438
5447,7.99622992053628
5448,7.217568927444518
5449,7.803853019140661
5450,7.694750092923641
5451,6.892864941619337
5452,7.525437977164984
5453,6.942459964193404
5454,6.989820045419037
5455,7.213342934846878
5456,7.654380984604359
5457,6.9098209496587515
5458,7.007165928371251
5459,7.0084379985928535
5460,7.195826969109476
5461,6.771774962544441
5462,6.3187399646267295
5463,7.349306019023061
5464,8.98586492985487
5465,8.197961025871336
5466,7.982369977980852
5467,7.1946949465200305
5468,6.844243034720421
5469,6.917842081747949
5470,7.27700802963227
5471,6.986535037867725
5472,7.18002300709486
5473,7.3144539492204785
5474,8.695653057657182
5475,7.789212046191096
5476,6.826676893979311
5477,7.119182962924242
5478,6.513500004075468
5479,8.45950108487159
5480,7.751796045340598
5481,7.398138055577874
5482,7.2970070177689195
5483,8.560882066376507
5484,8.381073945201933
5485,7.466240087524056
5486,7.54549796693027
5487,7.38701201044023
5488,7.46784289367497
5489,7.320243050344288
5490,7.475013029761612
5491,8.036079001612961
5492,7.23443494644016
5493,7.392088999040425
5494,7.391978986561298
5495,7.281605037860572
5496,7.043760037049651
5497,6.851673941127956
5498,6.462533958256245
5499,8.030542056076229
5500,7.510125986300409
5501,7.449154043570161
5502,7.46582995634526
5503,7.526269997470081
5504,7.190859061665833
5505,7.090238970704377
5506,7.25845096167177
5507,6.862860987894237
5508,7.4085339438170195
5509,6.988227949477732
5510,8.2877540262416
5511,9.78832202963531
5512,8.129469002597034
5513,7.685375981964171
5514,7.296176045201719
5515,7.67001393251121
5516,7.232461008243263
5517,7.405419019050896
5518,7.384498021565378
5519,7.307353080250323
5520,6.8537769839167595
5521,7.859596982598305
5522,7.152642006985843
5523,6.02924800477922
5524,6.833006045781076
5525,6.439079064875841
5526,6.36366696562618
5527,6.291999015957117
5528,6.587289972230792
5529,6.499658920802176
5530,6.612757919356227
5531,6.989528890699148
5532,6.79877505172044
5533,6.023108027875423
5534,5.970520083792508
5535,7.501112995669246
5536,7.43740692269057
5537,6.807458004914224
5538,7.751555065624416
5539,8.58108198735863
5540,8.104701992124319
5541,7.620679913088679
5542,7.03421700745821
5543,7.129768026061356
5544,7.151971105486155
5545,7.037961971946061
5546,6.5931889694184065
5547,7.6658379985019565
5548,6.774139008484781
5549,7.738276035524905
5550,6.992885028012097
5551,6.589503027498722
5552,7.102548028342426
5553,7.065473007969558
5554,8.651076001115143
5555,8.25896195601672
5556,7.279001991264522
5557,7.770183030515909
5558,7.564807077869773
5559,7.1899889735504985
5560,7.279852987267077
5561,7.152111968025565
5562,7.42175302002579
5563,7.0734950713813305
5564,7.345700985752046
5565,7.766547962091863
5566,7.478057988919318
5567,7.770924945361912
5568,7.2208549827337265
5569,7.342174998484552
5570,7.316487026400864
5571,6.779446033760905
5572,6.801889976486564
5573,6.810201914049685
5574,6.7267779959365726
5575,7.423036033287644
5576,6.988106993958354
5577,7.365030003711581
5578,7.724785013124347
5579,7.059433963149786
5580,7.410536985844374
5581,6.068957038223743
5582,6.840848014689982
5583,7.269866997376084
5584,7.397989043965936
5585,6.629051989875734
5586,7.3302279924973845
5587,6.588742020539939
5588,6.767007987946272
5589,6.724684964865446
5590,6.734388996846974
5591,7.7365729957818985
5592,7.571105961687863
5593,7.357418071478605
5594,7.085441960953176
5595,6.7173539428040385
5596,7.650024024769664
5597,7.775912061333656
5598,7.33284093439579
5599,7.023760001175106
5600,6.98326004203409
5601,6.764224031940103
5602,8.167625986970961
5603,7.23396404646337
5604,6.909420946612954
5605,6.6763319773599505
5606,7.102507981471717
5607,7.22464092541486
5608,6.999694975093007
5609,6.344027002342045
5610,6.585997994989157
5611,6.79617200512439
5612,8.480962947942317
5613,7.502714986912906
5614,8.238101028837264
5615,7.628342020325363
5616,8.169407956302166
5617,7.119953981600702
5618,7.423686911351979
5619,8.489005034789443
5620,7.635532063432038
5621,7.197560044005513
5622,7.48204393312335
5623,7.335865986533463
5624,7.716152933426201
5625,7.11043004412204
5626,7.046434096992016
5627,7.101877010427415
5628,6.558527005836368
5629,7.538057048805058
5630,8.29177105333656
5631,7.2519510285928845
5632,7.503897068090737
5633,6.853417027741671
5634,6.0210260562598705
5635,6.925112917087972
5636,6.869700970128179
5637,7.366551086306572
5638,7.035599090158939
5639,7.053775014355779
5640,7.073045009747148
5641,6.737002986483276
5642,6.476784939877689
5643,6.442664074711502
5644,7.619569078087807
5645,7.181055028922856
5646,6.131261005066335
5647,6.433251081034541
5648,7.5112379854545
5649,7.205562083981931
5650,6.1463030287995934
5651,7.100554998032749
5652,6.924782996065915
5653,7.201124913990498
5654,6.681350059807301
5655,6.6405999241396785
5656,6.468632956966758
5657,6.468723062425852
5658,7.966835983097553
5659,7.566549931652844
5660,7.543946034274995
5661,7.303157937712967
5662,7.023680955171585
5663,6.243587005883455
5664,7.213843986392021
5665,6.918634055182338
5666,7.718887063674629
5667,7.691285922192037
5668,7.281935075297952
5669,6.894647958688438
5670,6.049768999218941
5671,7.688410929404199
5672,7.262776023708284
5673,7.019944954663515
5674,6.607330054976046
5675,8.034617989324033
5676,6.818815018050373
5677,7.068266975693405
5678,7.491847965866327
5679,7.676583947613835
5680,6.931833922863007
5681,7.024512044154108
5682,6.882930058054626
5683,6.486108992248774
5684,6.794688990339637
5685,6.745356018655002
5686,6.791233900003135
5687,6.598816951736808
5688,6.131830974482
5689,5.979715031571686
5690,7.4233070481568575
5691,8.473180932924151
5692,6.776141934096813
5693,7.1270649787038565
5694,7.9474670346826315
5695,8.495885063894093
5696,7.847058004699647
5697,8.92557599581778
5698,6.481782998889685
5699,7.283368031494319
5700,7.536013959906995
5701,6.557125016115606
5702,6.7801479017362
5703,6.745755905285478
5704,8.063250104896724
5705,8.381195017136633
5706,8.22256796527654
5707,7.6771549647673965
5708,7.949910941533744
5709,7.533319992944598
5710,8.455625036731362
5711,7.442685076966882
5712,6.738255033269525
5713,7.6099339639768
5714,7.574913091957569
5715,6.951513001695275
5716,7.605056976899505
5717,6.808870937675238
5718,6.642922991886735
5719,7.101697032339871
5720,7.763123023323715
5721,7.259781938046217
5722,7.511578034609556
5723,7.247283007018268
5724,6.86786905862391
5725,7.055187015794218
5726,7.227535010315478
5727,6.892774952575564
5728,6.448423024266958
5729,6.620108964852989
5730,7.219193037599325
5731,7.977252011187375
5732,7.854940020479262
5733,7.999815978109837
5734,7.706918986514211
5735,7.0605359505862
5736,7.331839995458722
5737,7.247724919579923
5738,7.043028948828578
5739,7.2554569924250245
5740,6.273421924561262
5741,5.9890380362048745
5742,6.988617940805852
5743,6.785665987990797
5744,7.3385200230404735
5745,7.229367038235068
5746,6.2847191002219915
5747,7.227954920381308
5748,7.904452970251441
5749,6.9862250238657
5750,8.009771001525223
5751,8.018072927370667
5752,7.26210605353117
5753,6.665286957286298
5754,6.698115961626172
5755,6.992974900640547
5756,6.79110293276608
5757,7.153613958507776
5758,9.383148048073053
5759,7.358831004239619
5760,6.827037897892296
5761,6.546710035763681
5762,6.688250927254558
5763,6.837082910351455
5764,6.896601989865303
5765,7.377368048764765
5766,7.242916966788471
5767,6.969931069761515
5768,6.825705990195274
5769,8.893097983673215
5770,7.994477986358106
5771,7.334262947551906
5772,7.708831923082471
5773,7.3487149784341455
5774,6.999935023486614
5775,7.5085030402988195
5776,7.235675933770835
5777,8.263429044745862
5778,7.292050984688103
5779,6.8214189959689975
5780,6.867859046906233
5781,7.212141994386911
5782,7.616995018906891
5783,7.037431001663208
5784,7.348524988628924
5785,6.952593917958438
5786,7.246633991599083
5787,7.0735340705141425
5788,6.341453990899026
5789,7.148946984671056
5790,6.708691013045609
5791,6.983962026424706
5792,7.32202606741339
5793,6.776332040317357
5794,8.461555000394583
5795,7.4335719691589475
5796,7.947487058117986
5797,7.301985984668136
5798,6.916090031154454
5799,6.916921003721654
5800,7.019012933596969
5801,7.319731987081468
5802,7.225061068311334
5803,6.606288021430373
5804,7.042579003609717
5805,8.48773296456784
5806,7.432981044985354
5807,7.052883971482515
5808,7.402976043522358
5809,7.525168010033667
5810,6.9850829895585775
5811,6.509825005196035
5812,6.6242850152775645
5813,6.409574998542666
5814,7.276747957803309
5815,8.551558014005423
5816,9.429206023924053
5817,7.788951974362135
5818,6.273081060498953
5819,6.723102065734565
5820,7.793157012201846
5821,7.997801993042231
5822,7.668691920116544
5823,7.859156001359224
5824,8.427112945355475
5825,7.337177987210453
5826,7.248235051520169
5827,8.002929971553385
5828,7.1380819426849484
5829,8.149047964252532
5830,7.062328048050404
5831,7.66941299661994
5832,6.9368809927254915
5833,6.518366979435086
5834,7.032093009911478
5835,6.446070037782192
5836,6.627280032262206
5837,6.124870968051255
5838,6.55532197561115
5839,6.9028709549456835
5840,6.9939770037308335
5841,6.722672027535737
5842,6.702531944029033
5843,7.204600027762353
5844,6.777042988687754
5845,6.897122017107904
5846,6.187284016050398
5847,6.7603979259729385
5848,6.818043999373913
5849,7.030581007711589
5850,6.764213903807104
5851,7.704125018790364
5852,6.48675998672843
5853,6.764724967069924
5854,6.65940809994936
5855,6.947737070731819
5856,6.598326959647238
5857,6.954287993721664
5858,8.48811399191618
5859,8.920768974348903
5860,8.648123010061681
5861,8.465348975732923
5862,8.27782100532204
5863,6.554802064783871
5864,7.317249081097543
5865,6.7865169839933515
5866,6.9035920314490795
5867,8.15467699430883
5868,7.321384968236089
5869,6.37796800583601
5870,7.3171480325981975
5871,8.146303938701749
5872,9.344220045022666
5873,7.502804975956678
5874,7.550625945441425
5875,7.757724961265922
5876,7.73994904011488
5877,7.4684739811345935
5878,6.797043024562299
5879,6.725915940478444
5880,6.663893931545317
5881,7.127505028620362
5882,8.106654975563288
5883,7.6701840152964
5884,6.7783050471916795
5885,7.799687911756337
5886,7.797363912686706
5887,8.36548104416579
5888,7.643645047210157
5889,7.152282982133329
5890,7.073163986206055
5891,7.203368004411459
5892,6.773437024094164
5893,6.902621011249721
5894,7.690494996495545
5895,6.956389988772571
5896,6.729681976139545
5897,7.703183917328715
5898,6.584936054423451
5899,6.509163998998702
5900,6.8852039985358715
5901,7.380121969617903
5902,7.2617760160937905
5903,7.403647992759943
5904,7.077160989865661
5905,7.745016016997397
5906,7.534511969424784
5907,8.107395959086716
5908,7.384718977846205
5909,6.9403869565576315
5910,7.451619021594524
5911,7.205061032436788
5912,6.730954046361148
5913,7.614492089487612
5914,7.116129039786756
5915,6.943791056983173
5916,6.886244984343648
5917,6.773267989046872
5918,6.55416096560657
5919,8.220794959925115
5920,9.286573971621692
5921,8.411089074797928
5922,6.898593972437084
5923,7.688170997425914
5924,6.840819027274847
5925,7.408364093862474
5926,7.1951859863474965
5927,6.873687030747533
5928,5.897091934457421
5929,6.607730989344418
5930,6.743993959389627
5931,7.300502969883382
5932,7.218219921924174
5933,6.293432088568807
5934,6.534882006235421
5935,7.412150036543608
5936,6.6727080848068
5937,6.490024970844388
5938,7.131600985303521
5939,6.768419989384711
5940,6.734178983606398
5941,6.803491967730224
5942,6.543625029735267
5943,6.950070965103805
5944,7.390887942165136
5945,7.082749041728675
5946,7.116399006918073
5947,6.973145995289087
5948,5.9986020205542445
5949,7.076199050061405
5950,7.023250916972756
5951,6.723772967234254
5952,6.4074118854478
5953,6.7748500732705
5954,6.869090022519231
5955,6.352590047754347
5956,6.758836098015308
5957,7.174525992013514
5958,7.739518070593476
5959,7.388313999399543
5960,6.734819966368377
5961,7.129848934710026
5962,7.724466035142541
5963,7.587040076032281
5964,6.770103005692363
5965,6.549484096467495
5966,7.13511707726866
5967,6.855921004898846
5968,7.485580048523843
5969,7.079233066178858
5970,8.707400993444026
5971,8.100014994852245
5972,7.449696073308587
5973,7.457937928847969
5974,7.7051060507074
5975,7.397418958134949
5976,7.138171000406146
5977,7.303197053261101
5978,7.232111995108426
5979,8.128997986204922
5980,7.4275219812989235
5981,6.955308956094086
5982,6.893296027556062
5983,6.973806070163846
5984,7.379501010291278
5985,6.636523990891874
5986,6.756462040357292
5987,7.315055001527071
5988,6.206082063727081
5989,6.795451045036316
5990,7.373763015493751
5991,6.952384021133184
5992,6.6162130096927285
5993,7.0517719723284245
5994,6.9334759609773755
5995,7.810392999090254
5996,6.80890993680805
5997,7.1292080683633685
5998,7.780528976581991
5999,6.88478397205472
6000,6.921118008904159
6001,6.01945398375392
6002,7.222507963888347
6003,7.1415569400414824
6004,6.755210924893618
6005,6.4144430216401815
6006,6.964192958548665
6007,6.882910965941846
6008,7.158381049521267
6009,7.925595971755683
6010,6.6700129536911845
6011,6.931714015081525
6012,6.916149985045195
6013,6.791635067202151
6014,6.85363810043782
6015,6.86047796625644
6016,6.678786012344062
6017,6.891284021548927
6018,6.982219056226313
6019,7.130790036171675
6020,7.5306459330022335
6021,6.807929021306336
6022,6.796691915951669
6023,6.411358015611768
6024,6.567039992660284
6025,5.961367045529187
6026,6.901429034769535
6027,7.270268048159778
6028,6.5744309686124325
6029,7.59646506048739
6030,7.29964196216315
6031,7.098863017745316
6032,8.62961495295167
6033,6.652608048170805
6034,6.727249012328684
6035,6.466700113378465
6036,6.6720470786094666
6037,7.980888010933995
6038,8.05343606043607
6039,8.042640052735806
6040,7.515544071793556
6041,7.301104022189975
6042,7.3078140849247575
6043,7.594341994263232
6044,7.073924993164837
6045,6.682251929305494
6046,6.837363005615771
6047,6.431648042052984
6048,7.504947949200869
6049,6.590915960259736
6050,6.5572550520300865
6051,7.082749041728675
6052,7.319831987842917
6053,6.896652048453689
6054,6.935780053026974
6055,6.797192967496812
6056,6.679326994344592
6057,6.686317967250943
6058,6.557736080139875
6059,6.287983967922628
6060,6.734238937497139
6061,6.527210003696382
6062,7.106064003892243
6063,7.520621991716325
6064,7.136609987355769
6065,7.2889060247689486
6066,6.86016702093184
6067,6.606688955798745
6068,6.686397944577038
6069,6.546971038915217
6070,7.013345952145755
6071,6.71418895944953
6072,6.92614505533129
6073,6.572007085196674
6074,6.455252994783223
6075,6.946244975551963
6076,6.494883098639548
6077,7.18633399810642
6078,6.597405998036265
6079,6.976130069233477
6080,6.918363971635699
6081,6.160423043183982
6082,6.707880063913763
6083,6.273281993344426
6084,6.017431034706533
6085,6.041586049832404
6086,6.6958420211449265
6087,8.252343046478927
6088,7.435946026816964
6089,7.567962049506605
6090,6.814068998210132
6091,6.915088975802064
6092,6.785506033338606
6093,7.156710023991764
6094,6.681671016849577
6095,6.458388990722597
6096,7.034076028503478
6097,7.078142021782696
6098,6.921048043295741
6099,6.55889802146703
6100,6.743062054738402
6101,6.512347958050668
6102,7.415004074573517
6103,7.758946972899139
6104,7.891093962825835
6105,7.755771977826953
6106,7.9088599886745214
6107,7.479429943487048
6108,7.480102009139955
6109,7.645338075235486
6110,7.554172072559595
6111,8.056811057031155
6112,6.977000972256064
6113,7.932746084406972
6114,7.586519932374358
6115,6.791785010136664
6116,7.443086011335254
6117,7.013775990344584
6118,6.466430029831827
6119,6.7471289075911045
6120,6.280133035033941
6121,7.2711099637672305
6122,6.885305047035217
6123,6.9509920431301
6124,6.621791981160641
6125,6.786026991903782
6126,6.4277020283043385
6127,6.681740982457995
6128,6.226783036254346
6129,5.992724094539881
6130,7.212040945887566
6131,7.6092740055173635
6132,7.640791009180248
6133,7.229987997561693
6134,7.044892990961671
6135,6.817023037001491
6136,6.69253699015826
6137,7.307464024052024
6138,6.544245989061892
6139,6.53078593313694
6140,6.393642048351467
6141,6.644124980084598
6142,6.504937075078487
6143,6.641821004450321
6144,6.93027104716748
6145,6.482264026999474
6146,7.008517975918949
6147,6.326670991256833
6148,6.04277802631259
6149,6.606048089452088
6150,6.3610830111429095
6151,6.722862017340958
6152,6.446961080655456
6153,6.187234073877335
6154,5.89705107267946
6155,7.426320924423635
6156,6.9724139757454395
6157,6.900948006659746
6158,8.448665961623192
6159,7.9751500161364675
6160,7.303267950192094
6161,7.086343946866691
6162,7.289557019248605
6163,7.760048029012978
6164,7.583255064673722
6165,6.882730056531727
6166,7.304458995349705
6167,7.164069917052984
6168,7.283799001015723
6169,6.829020916484296
6170,6.2908080872148275
6171,6.6993869841098785
6172,7.180965971201658
6173,6.658396101556718
6174,6.488612969405949
6175,6.8537379847839475
6176,7.210729061625898
6177,6.375744007527828
6178,7.124561001546681
6179,6.361413048580289
6180,7.115917978808284
6181,7.309146923944354
6182,8.260814938694239
6183,5.976320011541247
6184,7.597467047162354
6185,8.445691084489226
6186,7.860478013753891
6187,7.0477069821208715
6188,6.415394018404186
6189,8.041418041102588
6190,7.268385961651802
6191,6.79274694994092
6192,7.263327948749065
6193,6.687288987450302
6194,7.315777009353042
6195,6.630623945966363
6196,6.923752021975815
6197,7.428594049997628
6198,7.190519943833351
6199,7.542904932051897
6200,8.157131029292941
6201,7.161866989918053
6202,7.386510958895087
6203,7.109588943421841
6204,8.322086068801582
6205,7.119733956642449
6206,8.197500952519476
6207,7.587741012685001
6208,7.58799200411886
6209,7.15394492726773
6210,7.242877036333084
6211,7.023190031759441
6212,6.889331038109958
6213,7.182718021795154
6214,6.902139983139932
6215,7.26455997209996
6216,7.095538079738617
6217,6.394152995198965
6218,6.234964937902987
6219,6.996801006607711
6220,6.805915967561305
6221,6.825985969044268
6222,6.626197951845825
6223,6.777454051189125
6224,7.029500091448426
6225,6.883932976052165
6226,6.997702992521226
6227,6.845255033113062
6228,6.112542003393173
6229,7.057760958559811
6230,5.785283981822431
6231,7.2966780280694366
6232,6.9068369921296835
6233,7.451088051311672
6234,7.290928973816335
6235,7.586349966004491
6236,7.818817044608295
6237,7.801300031132996
6238,7.551527000032365
6239,7.013255963101983
6240,7.661713054403663
6241,7.311220047995448
6242,7.13297410402447
6243,6.8353700917214155
6244,7.081166957505047
6245,7.245611981488764
6246,7.773409015499055
6247,6.736723007634282
6248,6.952965981326997
6249,7.856912910938263
6250,7.923842989839613
6251,8.154165931046009
6252,8.18519201129675
6253,8.081518928520381
6254,7.567420951090753
6255,7.2450010338798165
6256,8.997002965770662
6257,8.17524699959904
6258,7.422426017001271
6259,7.114046020433307
6260,7.128918077796698
6261,8.598439046181738
6262,7.942229975014925
6263,7.613199995830655
6264,7.545870030298829
6265,6.852024933323264
6266,7.860197918489575
6267,7.840879959985614
6268,7.821431034244597
6269,7.663635071367025
6270,7.7969139674678445
6271,7.4297270039096475
6272,7.027487037703395
6273,7.028658990748227
6274,6.886446964927018
6275,8.260795031674206
6276,7.186123984865844
6277,6.859625922515988
6278,7.110060076229274
6279,7.129297940991819
6280,7.8828108962625265
6281,7.324719917960465
6282,7.234285003505647
6283,7.73611303884536
6284,7.533391006290913
6285,7.450356963090599
6286,8.284589974209666
6287,7.9645339865237474
6288,7.0537959691137075
6289,6.062939064577222
6290,8.474184083752334
6291,7.275005918927491
6292,8.948831004090607
6293,8.624698035418987
6294,8.167615975253284
6295,7.4379389407113194
6296,7.195857004262507
6297,6.827519042417407
6298,6.441832985728979
6299,6.788110011257231
6300,6.797073991037905
6301,7.0114529225975275
6302,6.459580035880208
6303,6.94641494192183
6304,7.388685015030205
6305,7.8223919263109565
6306,7.239162106998265
6307,8.731846930459142
6308,7.367163081653416
6309,6.892304983921349
6310,6.892996025271714
6311,6.7025929456576705
6312,7.634141016751528
6313,8.327345014549792
6314,7.425109972245991
6315,6.6205100156366825
6316,6.999284029006958
6317,6.6575349774211645
6318,6.323477020487189
6319,6.712266942486167
6320,6.884312955662608
6321,6.726657971739769
6322,10.206576087512076
6323,7.773799006827176
6324,6.961668957956135
6325,6.893797079101205
6326,7.614781963638961
6327,6.817003013566136
6328,6.447441992349923
6329,7.592999958433211
6330,6.9934159982949495
6331,6.571505917236209
6332,6.98797800578177
6333,7.057119975797832
6334,6.9363509537652135
6335,6.393069983460009
6336,7.647791062481701
6337,6.300744018517435
6338,7.116668974049389
6339,7.957633002661169
6340,7.545298081822693
6341,8.412881987169385
6342,7.5068119913339615
6343,7.984242984093726
6344,7.151502068154514
6345,7.02880893368274
6346,7.47161905746907
6347,7.2460019728168845
6348,6.495684036053717
6349,6.7955609411001205
6350,6.547369994223118
6351,5.974536994472146
6352,7.082719006575644
6353,7.20546196680516
6354,6.945845088921487
6355,6.557406042702496
6356,6.5404410706833005
6357,6.9357199827209115
6358,7.460791966877878
6359,7.341344025917351
6360,7.041358039714396
6361,6.849831901490688
6362,6.577135995030403
6363,6.640679901465774
6364,8.701120968908072
6365,6.8862560437992215
6366,7.72732007317245
6367,7.770534022711217
6368,7.718035951256752
6369,8.162227924913168
6370,7.514351978898048
6371,7.380972965620458
6372,7.449025055393577
6373,7.708922028541565
6374,8.025754941627383
6375,7.705867988988757
6376,7.51673593185842
6377,7.853828021325171
6378,7.981598959304392
6379,6.9343679351732135
6380,6.271549966186285
6381,6.522963987663388
6382,6.983491010032594
6383,7.126193959265947
6384,5.975879030302167
6385,7.0135960122570395
6386,7.057120092213154
6387,6.962920073419809
6388,7.760780048556626
6389,7.089538965374231
6390,6.257228087633848
6391,6.87393790576607
6392,6.652768002822995
6393,6.741210003383458
6394,6.689722998999059
6395,6.367161986418068
6396,7.042570039629936
6397,6.730663939379156
6398,7.255145930685103
6399,7.503786939196289
6400,7.309286971576512
6401,6.954478099942207
6402,7.883472950197756
6403,6.415544077754021
6404,8.45169008243829
6405,8.803654927760363
6406,7.749072974547744
6407,8.6046380456537
6408,9.509397088550031
6409,8.237440953962505
6410,7.966706994920969
6411,5.977320950478315
6412,6.894157035276294
6413,7.089979946613312
6414,6.960557075217366
6415,6.813006941229105
6416,6.074425997212529
6417,6.984943058341742
6418,6.544266012497246
6419,6.961958948522806
6420,6.7850949708372355
6421,6.515944027341902
6422,6.85227510984987
6423,7.023931946605444
6424,7.162919035181403
6425,6.342654931358993
6426,7.698367000557482
6427,8.474753936752677
6428,7.186964037828147
6429,7.513871998526156
6430,7.76248297188431
6431,7.086244062520564
6432,7.271540933288634
6433,6.8151900777593255
6434,7.042448967695236
6435,6.7945190239697695
6436,6.9925549905747175
6437,7.430978002958
6438,7.161147077567875
6439,7.187696057371795
6440,7.229387992992997
6441,6.689702975563705
6442,6.095807999372482
6443,7.094586966559291
6444,7.4808020144701
6445,8.70329502504319
6446,7.7851759269833565
6447,7.321464945562184
6448,7.7085120137780905
6449,7.208547089248896
6450,7.082479074597359
6451,7.0864250883460045
6452,7.347673992626369
6453,6.929660099558532
6454,6.620099069550633
6455,7.272060960531235
6456,6.772166001610458
6457,7.16922793071717
6458,7.0586539804935455
6459,6.985633983276784
6460,7.261084974743426
6461,6.647369940765202
6462,6.9332970306277275
6463,6.902700988575816
6464,6.703143008053303
6465,7.018723990768194
6466,7.1834789123386145
6467,7.35435402020812
6468,6.537516019307077
6469,7.034506998024881
6470,7.16805609408766
6471,7.173544028773904
6472,7.152884034439921
6473,6.783953052945435
6474,6.889041047543287
6475,6.85769401025027
6476,6.652427022345364
6477,7.109860074706376
6478,6.803572992794216
6479,6.824193987995386
6480,6.754098925739527
6481,6.609582924284041
6482,7.388654979877174
6483,7.001067046076059
6484,6.938864942640066
6485,7.51464394852519
6486,6.937423022463918
6487,7.92426394764334
6488,6.989249028265476
6489,6.643664091825485
6490,6.400041980668902
6491,6.444728001952171
6492,7.197079015895724
6493,7.520752027630806
6494,6.625518086366355
6495,6.652296986430883
6496,5.839605932123959
6497,6.9428099086508155
6498,6.453381036408246
6499,7.200323976576328
6500,7.348405080847442
6501,6.6082620760425925
6502,6.640429957769811
6503,7.097691996023059
6504,6.104891072027385
6505,6.59529201220721
6506,6.685066036880016
6507,6.876331055536866
6508,7.212172029539943
6509,6.911423057317734
6510,7.116278982721269
6511,6.98308099526912
6512,7.222778047434986
6513,7.840799051336944
6514,7.287955028004944
6515,7.335526053793728
6516,8.006777032278478
6517,7.819448015652597
6518,6.571676931343973
6519,6.891293916851282
6520,6.823812960647047
6521,6.8415990099310875
6522,6.32090400904417
6523,7.271360955201089
6524,7.082188967615366
6525,5.953494925051928
6526,7.464278023689985
6527,6.814479012973607
6528,6.80841994471848
6529,6.923821987584233
6530,8.19885404780507
6531,7.51945108640939
6532,7.940417039208114
6533,7.602614932693541
6534,7.206753944046795
6535,7.576814969070256
6536,7.164150010794401
6537,7.793339085765183
6538,7.666588993743062
6539,7.389006088487804
6540,7.311739958822727
6541,8.405521046370268
6542,7.182819070294499
6543,7.2502290131524205
6544,6.693048984743655
6545,7.403237046673894
6546,7.287204964086413
6547,7.224139990285039
6548,7.033296045847237
6549,6.622022017836571
6550,7.207195041701198
6551,7.926756981760263
6552,7.044112076982856
6553,7.92800891213119
6554,6.806537043303251
6555,8.515586028806865
6556,7.6141610043123364
6557,7.416396983899176
6558,7.459820946678519
6559,8.480062009766698
6560,7.398430025205016
6561,7.457368075847626
6562,7.43762799538672
6563,8.085523964837193
6564,6.963431951589882
6565,7.522153900936246
6566,6.676704040728509
6567,7.376716937869787
6568,6.9696210557594895
6569,7.31982197612524
6570,6.92398298997432
6571,8.90874199103564
6572,6.889862008392811
6573,7.598397089168429
6574,7.283007027581334
6575,8.244020980782807
6576,7.343427045270801
6577,7.318129995837808
6578,7.11251306347549
6579,7.627932005561888
6580,7.336598006077111
6581,6.997481919825077
6582,6.96555501781404
6583,6.733118090778589
6584,6.924593937583268
6585,6.832396029494703
6586,6.663264008238912
6587,7.717877044342458
6588,8.148667984642088
6589,7.822382031008601
6590,6.976339966058731
6591,6.802731077186763
6592,6.878143991343677
6593,6.902531022205949
6594,6.658836966380477
6595,6.691786926239729
6596,6.594600970856845
6597,7.0952681126073
6598,6.7612199345603585
6599,6.563085014931858
6600,6.80963194463402
6601,6.477977964095771
6602,6.7046950571238995
6603,7.954888977110386
6604,6.725277053192258
6605,6.0352180153131485
6606,6.549675017595291
6607,6.931593990884721
6608,8.054718025960028
6609,8.215537993237376
6610,7.914959918707609
6611,8.791667059995234
6612,7.818095036782324
6613,7.921790005639195
6614,7.064142031595111
6615,7.8619810519739985
6616,7.1311709471046925
6617,7.236278033815324
6618,7.540732040069997
6619,7.419351022690535
6620,8.509587030857801
6621,7.161627057939768
6622,8.375357021577656
6623,8.041698019951582
6624,8.053876925259829
6625,6.259561982005835
6626,7.620009942911565
6627,7.627991959452629
6628,7.882512058131397
6629,7.272322080098093
6630,6.945785018615425
6631,7.51307001337409
6632,7.729954086244106
6633,7.22548202611506
6634,7.159883971326053
6635,7.170089054852724
6636,7.176348008215427
6637,7.8006190015003085
6638,7.115216925740242
6639,6.847438053227961
6640,6.96067709941417
6641,6.990712019614875
6642,8.913497906178236
6643,7.108517922461033
6644,7.894609007053077
6645,7.467583054676652
6646,6.599599029868841
6647,7.8380960039794445
6648,7.7920169569551945
6649,7.196948979981244
6650,7.357178023084998
6651,7.728892029263079
6652,7.31876096688211
6653,7.776534068398178
6654,7.404609001241624
6655,7.726449053734541
6656,7.804165012203157
6657,7.017030962742865
6658,7.542834966443479
6659,6.401853985153139
6660,6.922360043972731
6661,6.547822034917772
6662,6.793397944420576
6663,7.640440948307514
6664,6.3999820267781615
6665,6.096218014135957
6666,7.477578008547425
6667,6.879386026412249
6668,6.766407052055001
6669,6.940176943317056
6670,7.057632086798549
6671,6.518158013932407
6672,7.653309963643551
6673,6.785997073166072
6674,6.477717077359557
6675,6.595804006792605
6676,6.473690969869494
6677,6.8813899997621775
6678,7.8769129468128085
6679,7.881921017542481
6680,7.3937930865213275
6681,6.933065946213901
6682,7.379682036116719
6683,7.479580002836883
6684,7.527181995101273
6685,6.70246290974319
6686,7.009449996985495
6687,7.018083008006215
6688,7.058302988298237
6689,6.636884994804859
6690,6.737715099006891
6691,5.775890895165503
6692,7.22751603461802
6693,6.874407990835607
6694,6.813026964664459
6695,6.7819410469383
6696,6.829210906289518
6697,7.129247998818755
6698,6.470385938882828
6699,7.063099998049438
6700,7.359361974522471
6701,8.015649975277483
6702,6.664796033874154
6703,7.82631803303957
6704,7.701752008870244
6705,7.375877001322806
6706,8.012295002117753
6707,6.760559044778347
6708,7.629122934304178
6709,7.292863097973168
6710,7.890563923865557
6711,6.96916994638741
6712,6.976361037231982
6713,6.097321049310267
6714,7.449355907738209
6715,6.654180004261434
6716,6.877123028971255
6717,6.765507045201957
6718,6.445318926125765
6719,6.493189954198897
6720,6.264089024625719
6721,6.461012060754001
6722,6.549645098857582
6723,6.719888071529567
6724,6.7037539556622505
6725,6.544036092236638
6726,6.362184998579323
6727,6.596894934773445
6728,6.814048974774778
6729,6.805916083976626
6730,6.788389990106225
6731,6.428944994695485
6732,6.460541975684464
6733,6.445558974519372
6734,6.652046926319599
6735,7.298952084966004
6736,6.83182489592582
6737,6.822000024840236
6738,6.9896409986540675
6739,6.877313018776476
6740,6.673148018307984
6741,6.945754983462393
6742,6.846396951004863
6743,6.052433047443628
6744,7.317389012314379
6745,6.139242905192077
6746,6.832845974713564
6747,6.614220910705626
6748,7.371178944595158
6749,7.256007986143231
6750,8.135308977216482
6751,7.658296963199973
6752,6.998664001002908
6753,7.36460997723043
6754,7.008638000115752
6755,6.643444066867232
6756,6.5685020526871085
6757,6.8093620939180255
6758,6.537767010740936
6759,6.737434072420001
6760,6.586369010619819
6761,6.646079011261463
6762,7.149958983063698
6763,6.827719043940306
6764,6.494642002508044
6765,6.465939921326935
6766,6.5589690348133445
6767,6.165481987409294
6768,6.3807329861447215
6769,6.5603400580585
6770,6.458899937570095
6771,6.50472694542259
6772,6.653790012933314
6773,6.9106429582461715
6774,7.08705501165241
6775,6.889160955324769
6776,6.723533966578543
6777,6.8862870102748275
6778,6.837583961896598
6779,5.949310027062893
6780,6.784535013139248
6781,6.991061964072287
6782,6.330889067612588
6783,7.4034270364791155
6784,6.6226329654455185
6785,6.034316960722208
6786,6.912174983881414
6787,7.0013978984206915
6788,6.865715957246721
6789,6.2044799560680985
6790,5.985573981888592
6791,6.819015950895846
6792,6.998953991569579
6793,7.413262967020273
6794,6.788800936192274
6795,6.508032092824578
6796,6.596634979359806
6797,6.607891991734505
6798,6.857712985947728
6799,6.685386993922293
6800,6.76490506157279
6801,8.339983061887324
6802,7.627562037669122
6803,7.614142028614879
6804,7.128727971576154
6805,6.785004981793463
6806,7.587030995637178
6807,8.00714804790914
6808,7.118272944353521
6809,6.998704047873616
6810,6.888299016281962
6811,6.994057912379503
6812,7.155588013119996
6813,7.630925974808633
6814,7.144581060856581
6815,7.34120502602309
6816,7.790273986756802
6817,8.455585921183228
6818,7.402276038192213
6819,7.44226505048573
6820,7.711526937782764
6821,7.978063891641796
6822,8.033546968363225
6823,6.672648014500737
6824,8.902141940779984
6825,6.284378934651613
6826,7.06983997952193
6827,6.768821971490979
6828,5.884703015908599
6829,7.641521980985999
6830,6.242948002181947
6831,7.7475509606301785
6832,7.377097965218127
6833,7.804766064509749
6834,6.592127960175276
6835,7.097420981153846
6836,7.023010984994471
6837,7.054927991703153
6838,6.7568839294835925
6839,6.6702739568427205
6840,6.339781917631626
6841,6.565578980371356
6842,6.781841046176851
6843,6.948649068363011
6844,6.8880090257152915
6845,6.942118983715773
6846,6.3567470060661435
6847,6.545597920194268
6848,6.844903924502432
6849,6.696293014101684
6850,6.44987600389868
6851,6.470376974903047
6852,6.7060369765385985
6853,7.302506943233311
6854,6.675531971268356
6855,6.873046979308128
6856,6.91426801495254
6857,6.7887610057368875
6858,7.045894046314061
6859,6.948838941752911
6860,6.880408036522567
6861,6.542974966578186
6862,7.196779013611376
6863,8.00338201224804
6864,7.237620069645345
6865,7.070310995914042
6866,6.573210004717112
6867,6.999794975854456
6868,7.015398936346173
6869,7.042940007522702
6870,6.911825039424002
6871,6.500771967694163
6872,7.4880929896607995
6873,7.098413072526455
6874,7.530226954258978
6875,6.886816932819784
6876,7.844384992495179
6877,8.105834014713764
6878,8.179023978300393
6879,7.707851007580757
6880,7.651426945813
6881,6.9768320536240935
6882,8.254304993897676
6883,6.813036976382136
6884,7.251049974001944
6885,7.260103011503816
6886,6.835901993326843
6887,7.0060850121080875
6888,7.160164997912943
6889,6.911884993314743
6890,7.362545933574438
6891,7.22112599760294
6892,6.89325702842325
6893,7.162849069572985
6894,6.966265034861863
6895,7.064171019010246
6896,7.339782081544399
6897,7.456977036781609
6898,6.97780295740813
6899,6.797223002649844
6900,7.063781027682126
6901,6.733699003234506
6902,7.86271202377975
6903,8.076500962488353
6904,7.201735978014767
6905,6.941758911125362
6906,6.663874024525285
6907,7.637525908648968
6908,6.419579964131117
6909,7.713340106420219
6910,7.994107902050018
6911,8.659190032631159
6912,6.572298007085919
6913,6.43590500112623
6914,5.860527046024799
6915,6.728691980242729
6916,6.6100850235670805
6917,7.102119037881494
6918,7.533652009442449
6919,7.677386049181223
6920,7.148867938667536
6921,6.140724988654256
6922,7.153043989092112
6923,7.790143950842321
6924,7.909661973826587
6925,7.6454790541902184
6926,7.9672979190945625
6927,8.116230950690806
6928,7.011453039012849
6929,7.590717053972185
6930,7.659969036467373
6931,7.701131049543619
6932,6.573029910214245
6933,7.280193967744708
6934,7.735452032648027
6935,6.711255991831422
6936,7.2527730371803045
6937,7.108637946657836
6938,6.729001994244754
6939,7.142918999306858
6940,5.96378103364259
6941,6.648891954682767
6942,6.63771596737206
6943,6.108767003752291
6944,6.537957000546157
6945,6.4691450679674745
6946,6.556715001352131
6947,6.811075028963387
6948,6.998825003392994
6949,7.059333962388337
6950,6.92794902715832
6951,6.873167003504932
6952,6.61177805159241
6953,6.864774972200394
6954,7.029489963315427
6955,6.621030974201858
6956,6.842661066912115
6957,6.811285042203963
6958,6.54696102719754
6959,7.37923092674464
6960,7.3265229584649205
6961,6.068716989830136
6962,6.913076969794929
6963,5.934888031333685
6964,6.946807028725743
6965,8.388326037675142
6966,6.978364079259336
6967,7.3399830143898726
6968,7.327964995056391
6969,7.484909030608833
6970,6.928859977051616
6971,7.24321894813329
6972,6.679116981104016
6973,6.919816019944847
6974,6.686988985165954
6975,7.036169990897179
6976,6.729411892592907
6977,7.228826987557113
6978,7.715482963249087
6979,7.452961057424545
6980,7.7622729586437345
6981,8.669976028613746
6982,7.608423009514809
6983,7.852236973121762
6984,6.961078033782542
6985,7.637436967343092
6986,6.6016820492222905
6987,7.065583951771259
6988,6.983191007748246
6989,8.264060015790164
6990,7.38639198243618
6991,8.991405018605292
6992,7.500651990994811
6993,7.6029549818485975
6994,6.454322021454573
6995,7.92835105676204
6996,8.411941002123058
6997,7.779528968967497
6998,7.516116020269692
6999,7.35690793953836
7000,7.800539955496788
7001,7.99065304454416
7002,6.63941795937717
7003,6.873197038657963
7004,7.034637965261936
7005,6.853778031654656
7006,6.47052691783756
7007,7.541252998635173
7008,7.160125067457557
7009,6.5804499899968505
7010,6.540401023812592
7011,6.7181449849158525
7012,6.7762130638584495
7013,6.644204957410693
7014,7.57061701733619
7015,7.547201937995851
7016,7.902541081421077
7017,7.772668031975627
7018,7.224400062114
7019,6.675282027572393
7020,6.697695003822446
7021,7.8067779541015625
7022,7.947308011353016
7023,7.678035995922983
7024,6.868979893624783
7025,6.9355800515040755
7026,5.997010972350836
7027,5.935128079727292
7028,7.718277047388256
7029,8.0521150957793
7030,7.338591036386788
7031,6.946627050638199
7032,6.50260504335165
7033,7.285202038474381
7034,7.714982028119266
7035,6.825797026976943
7036,6.100435042753816
7037,6.843083072453737
7038,5.906115053221583
7039,6.9395259488373995
7040,6.827880046330392
7041,6.606779992580414
7042,6.502232979983091
7043,6.541882990859449
7044,6.882520974613726
7045,6.56982499640435
7046,6.33744802325964
7047,6.907969014719129
7048,6.769743049517274
7049,6.458439049310982
7050,6.699708057567477
7051,7.448695017956197
7052,8.39886104222387
7053,6.891443976201117
7054,6.740238983184099
7055,7.773619028739631
7056,7.5060209492221475
7057,6.614050944335759
7058,6.58258399926126
7059,6.72678800765425
7060,6.674350006505847
7061,6.492708926089108
7062,7.328976993449032
7063,8.288997923955321
7064,7.139423978514969
7065,9.239063947461545
7066,7.411470054648817
7067,7.216018042527139
7068,7.130610989406705
7069,7.469826960004866
7070,8.040017099119723
7071,8.430399000644684
7072,7.439240929670632
7073,9.141799993813038
7074,7.075708941556513
7075,7.143941009417176
7076,7.684216951020062
7077,7.713168975897133
7078,7.771907025016844
7079,7.110301055945456
7080,7.5863710371777415
7081,6.839195964857936
7082,7.382786949165165
7083,7.1785819018259645
7084,6.613570032641292
7085,8.26825702097267
7086,6.972966017201543
7087,8.264651987701654
7088,7.375726941972971
7089,6.944654043763876
7090,6.950062001124024
7091,7.6121489983052015
7092,7.866168045438826
7093,8.231923100538552
7094,7.344880024902523
7095,7.764084963127971
7096,7.988109951838851
7097,7.87815498188138
7098,7.425109972245991
7099,7.199222920462489
7100,7.763904985040426
7101,6.869922042824328
7102,7.364320103079081
7103,8.21036088746041
7104,6.8982039811089635
7105,7.545470027253032
7106,7.864975952543318
7107,7.560522062703967
7108,7.676494074985385
7109,6.3530419720336795
7110,7.174497004598379
7111,7.230981020256877
7112,6.234725005924702
7113,7.34731403645128
7114,8.338421932421625
7115,7.6581069733947515
7116,7.96618708409369
7117,6.773578934371471
7118,7.063089986331761
7119,7.8257969580590725
7120,7.685207994654775
7121,7.8150019980967045
7122,7.522965897805989
7123,7.966167060658336
7124,7.3137140134349465
7125,8.196128997951746
7126,7.500372943468392
7127,7.1608159923926
7128,8.043391979299486
7129,7.542183971963823
7130,6.862060050480068
7131,8.593992912210524
7132,7.530546979978681
7133,7.036069990135729
7134,6.957282079383731
7135,6.577715976163745
7136,7.596425944939256
7137,7.8172540524974465
7138,6.2766679329797626
7139,7.360583986155689
7140,6.746839033439755
7141,7.101346971467137
7142,7.2496680077165365
7143,6.718655931763351
7144,6.582654081285
7145,7.1478369645774364
7146,7.029499975033104
7147,7.196579012088478
7148,7.099733920767903
7149,6.825405987910926
7150,7.478369981981814
7151,6.559459026902914
7152,6.983260973356664
7153,6.684406078420579
7154,7.6186590595170856
7155,7.16887810267508
7156,7.117331027984619
7157,7.703174953348935
7158,7.402005954645574
7159,6.678216042928398
7160,6.977292941883206
7161,7.792787975631654
7162,7.995079969987273
7163,7.628393010236323
7164,7.736143073998392
7165,7.7517470344901085
7166,7.392521016299725
7167,6.9754800060763955
7168,6.370758055709302
7169,7.904555066488683
7170,8.52522999048233
7171,6.748400977812707
7172,7.218122016638517
7173,5.918454029597342
7174,6.77753402851522
7175,8.32479097880423
7176,6.940887891687453
7177,6.659307982772589
7178,8.180706994608045
7179,7.197651080787182
7180,7.742353016510606
7181,7.249378017149866
7182,6.863172049634159
7183,6.5779570722952485
7184,7.772176992148161
7185,7.773549063131213
7186,7.626810926012695
7187,7.328946026973426
7188,6.978813908062875
7189,7.748983101919293
7190,6.971123046241701
7191,7.276008022017777
7192,7.145342999137938
7193,7.018874050118029
7194,7.420053007081151
7195,7.262027007527649
7196,6.832786952145398
7197,7.071833941154182
7198,6.54443702660501
7199,7.10698589682579
7200,6.807158933952451
7201,6.879136082716286
7202,7.422445924021304
7203,6.952996947802603
7204,8.025744929909706
7205,6.769082043319941
7206,6.831744918599725
7207,8.355807978659868
7208,7.381225004792213
7209,7.510827970691025
7210,7.259173085913062
7211,7.528334041126072
7212,6.856822990812361
7213,7.403739029541612
7214,6.90924096852541
7215,7.635022979229689
7216,8.784736972302198
7217,7.368905935436487
7218,7.209487957879901
7219,8.075149031355977
7220,7.975550019182265
7221,7.141547044739127
7222,7.944895070977509
7223,8.184010977856815
7224,7.562696002423763
7225,7.379061891697347
7226,8.034177939407527
7227,7.376536959782243
7228,7.572490023449063
7229,6.918233935721219
7230,6.751886918209493
7231,7.561312988400459
7232,8.101308019831777
7233,7.78825196903199
7234,7.503296015784144
7235,7.030071108601987
7236,6.950121955014765
7237,6.986455991864204
7238,7.611377979628742
7239,7.174766971729696
7240,8.199874893762171
7241,7.469767006114125
7242,7.023590966127813
7243,6.854519015178084
7244,7.54170399159193
7245,6.872997037135065
7246,8.26627400238067
7247,8.266515098512173
7248,7.513310993090272
7249,6.70880195684731
7250,7.887038984335959
7251,7.496767095290124
7252,6.493740947917104
7253,7.059444906190038
7254,7.790384930558503
7255,6.998603930696845
7256,7.337920018471777
7257,6.586059927940369
7258,6.6157340770587325
7259,7.618988980539143
7260,7.483727997168899
7261,7.0098210126161575
7262,6.870593060739338
7263,6.593859987333417
7264,6.58487796317786
7265,6.4046879997476935
7266,6.812216946855187
7267,7.443967973813415
7268,7.288536988198757
7269,6.795861991122365
7270,7.9769630683586
7271,7.792087038978934
7272,7.526541012339294
7273,6.762753007933497
7274,6.5643059788271785
7275,6.748100975528359
7276,6.9972820347175
7277,7.099835085682571
7278,6.970623042434454
7279,7.210930925793946
7280,6.49281102232635
7281,6.46569998934865
7282,7.516826968640089
7283,8.142879931256175
7284,6.868710974231362
7285,7.724066032096744
7286,7.959757000207901
7287,7.815240998752415
7288,8.124353014864028
7289,6.936531979590654
7290,7.844144012778997
7291,8.232924970798194
7292,6.95078307762742
7293,7.0859239203855395
7294,6.872134981676936
7295,8.761473000049591
7296,7.385430973954499
7297,7.253383984789252
7298,7.273825001902878
7299,7.295307004824281
7300,6.799045950174332
7301,7.598298019729555
7302,6.553792045451701
7303,7.159493979997933
7304,5.795159959234297
7305,7.01944506727159
7306,6.3354759477078915
7307,6.43007701728493
7308,6.739418022334576
7309,7.04300997313112
7310,6.214183988049626
7311,6.846397998742759
7312,7.3542449390515685
7313,7.265661959536374
7314,6.573350052349269
7315,7.125442964024842
7316,6.977051962167025
7317,8.402256993576884
7318,8.07124306447804
7319,7.790304953232408
7320,9.271482937037945
7321,8.518620976246893
7322,7.5363259529694915
7323,7.121216971427202
7324,6.830613943748176
7325,7.56489799823612
7326,7.529244991019368
7327,7.357890019193292
7328,7.151392055675387
7329,7.18645507004112
7330,7.046404993161559
7331,9.073517983779311
7332,8.248707978054881
7333,7.686360040679574
7334,8.189500076696277
7335,6.63374993018806
7336,7.696644985117018
7337,6.9706030189991
7338,7.387413992546499
7339,7.444590097293258
7340,7.338091032579541
7341,7.862753001973033
7342,7.072824984788895
7343,6.724165054038167
7344,7.256789016537368
7345,6.692887982353568
7346,7.136650034226477
7347,6.4686139812693
7348,7.063420955091715
7349,7.5331509578973055
7350,8.588335011154413
7351,8.416749071329832
7352,8.453803951852024
7353,7.5861410005018115
7354,7.184001035057008
7355,7.495975936762989
7356,8.446672931313515
7357,7.665388053283095
7358,6.906617083586752
7359,6.33781892247498
7360,7.450679084286094
7361,7.357098977081478
7362,7.890953915193677
7363,7.418049033731222
7364,7.8197980765253305
7365,7.087736972607672
7366,7.164160953834653
7367,7.310900022275746
7368,7.625789032317698
7369,7.149880053475499
7370,6.159052951261401
7371,6.898974999785423
7372,7.143740076571703
7373,8.038433967158198
7374,8.037262945435941
7375,8.26143694575876
7376,7.584578008390963
7377,7.292352034710348
7378,6.665547960437834
7379,6.590225966647267
7380,6.782472948543727
7381,6.972104893065989
7382,6.797604029998183
7383,7.367904996499419
7384,7.5085649732500315
7385,6.882240995764732
7386,7.317580049857497
7387,6.1215669848024845
7388,7.246233988553286
7389,8.443919010460377
7390,6.7855860106647015
7391,7.1237810188904405
7392,6.613830104470253
7393,7.844235049560666
7394,7.0521439192816615
7395,8.49808007478714
7396,7.00194900855422
7397,6.434684037230909
7398,7.694291067309678
7399,8.60664201900363
7400,8.411952061578631
7401,7.615734008140862
7402,7.781932014040649
7403,7.265232037752867
7404,6.703555001877248
7405,7.317308918572962
7406,7.383347954601049
7407,8.180206059478223
7408,8.239374961704016
7409,7.744365953840315
7410,7.713790982961655
7411,7.4704180005937815
7412,7.2588620241731405
7413,6.545869051478803
7414,7.015128969214857
7415,7.785657071508467
7416,8.624989073723555
7417,7.331821019761264
7418,7.288907072506845
7419,7.179102976806462
7420,6.96194008924067
7421,6.841639988124371
7422,6.888460018672049
7423,7.136769942007959
7424,7.012384943664074
7425,6.716003059409559
7426,6.395995034836233
7427,7.1607360150665045
7428,6.971434107981622
7429,8.25321499723941
7430,8.07781401090324
7431,7.692069048061967
7432,6.95461907889694
7433,7.189198047854006
7434,8.619060041382909
7435,7.085935096256435
7436,7.665829034522176
7437,8.110512048006058
7438,7.082219002768397
7439,7.070049992762506
7440,8.050683070905507
7441,7.473462028428912
7442,7.538640056736767
7443,7.176749990321696
7444,7.377668982371688
7445,8.114477968774736
7446,7.443708018399775
7447,7.570285932160914
7448,8.05220496840775
7449,6.845936994068325
7450,8.771318010985851
7451,7.07303499802947
7452,7.438249071128666
7453,7.514523924328387
7454,7.334115100093186
7455,7.500662934035063
7456,7.288847002200782
7457,7.129749981686473
7458,7.433102000504732
7459,7.487121969461441
7460,7.647781982086599
7461,7.690996979363263
7462,7.506871945224702
7463,7.082149037159979
7464,7.218812010250986
7465,7.481744978576899
7466,6.8018409656360745
7467,6.367894005961716
7468,5.843032035045326
7469,6.687540910206735
7470,6.744446000084281
7471,6.876111030578613
7472,7.114056963473558
7473,7.04828801099211
7474,6.930332048796117
7475,6.452500005252659
7476,6.974327960051596
7477,7.515484932810068
7478,7.235427969135344
7479,6.929612020030618
7480,6.618777988478541
7481,7.180806016549468
7482,6.931354058906436
7483,7.036170922219753
7484,7.315095979720354
7485,6.451959954574704
7486,6.940557970665395
7487,7.044152938760817
7488,6.800980074331164
7489,6.048979004845023
7490,6.672819028608501
7491,6.868871045298874
7492,6.981960032135248
7493,7.3318209033459425
7494,7.104931981302798
7495,6.956152035854757
7496,6.687980960123241
7497,7.298782002180815
7498,7.891374989412725
7499,6.861569941975176
7500,6.801960989832878
7501,7.006466039456427
7502,7.30931805446744
7503,6.833218038082123
7504,6.893206969834864
7505,6.749082007445395
7506,7.579801022075117
7507,7.39777903072536
7508,7.0392260095104575
7509,7.139593944884837
7510,6.759597919881344
7511,6.5215229988098145
7512,6.590295932255685
7513,7.245513028465211
7514,6.748592015355825
7515,6.927267997525632
7516,6.438269047066569
7517,6.650135037489235
7518,6.499720038846135
7519,7.422295981086791
7520,7.083900971338153
7521,6.74487603828311
7522,6.917663966305554
7523,7.2207150515168905
7524,7.004173006862402
7525,6.608141935430467
7526,7.1585229597985744
7527,7.574432995170355
7528,6.554221967235208
7529,6.865957053378224
7530,6.437176954932511
7531,6.697745993733406
7532,7.068327977322042
7533,8.902604109607637
7534,7.188257062807679
7535,7.8967229928821325
7536,8.086596964858472
7537,7.384569034911692
7538,6.434923969209194
7539,7.696224027313292
7540,7.558118901215494
7541,8.318211999721825
7542,7.878405973315239
7543,6.939064944162965
7544,5.967848002910614
7545,7.296388037502766
7546,6.630155025050044
7547,7.799368002451956
7548,6.974378018639982
7549,7.060015923343599
7550,7.014067028649151
7551,7.382886949926615
7552,7.247786037623882
7553,6.917302962392569
7554,8.145665051415563
7555,8.96422506775707
7556,8.643216104246676
7557,7.430557976476848
7558,6.3422860112041235
7559,6.6800289787352085
7560,7.695342996157706
7561,8.163390913978219
7562,8.36117600556463
7563,8.449167013168335
7564,7.51211098395288
7565,7.474323967471719
7566,7.1290089981630445
7567,7.4793510138988495
7568,7.302677957341075
7569,7.3151669930666685
7570,7.440512999892235
7571,7.6986480271443725
7572,6.6147519974038005
7573,8.432601927779615
7574,7.259764010086656
7575,7.674632011912763
7576,6.752607994712889
7577,7.149208104237914
7578,7.425000076182187
7579,7.705528987571597
7580,7.450237055309117
7581,7.11086206138134
7582,7.022670935839415
7583,6.766128004528582
7584,7.001889054663479
7585,6.009128992445767
7586,8.272764040157199
7587,7.229728973470628
7588,6.741701043210924
7589,6.869381060823798
7590,6.971544004045427
7591,8.004414034076035
7592,7.163078989833593
7593,7.404859992675483
7594,7.277880911715329
7595,7.060536998324096
7596,7.004393031820655
7597,7.427764940075576
7598,7.192482938989997
7599,7.813940057530999
7600,7.441986002959311
7601,6.7253169836476445
7602,7.1161199593916535
7603,6.8671590415760875
7604,7.336257956922054
7605,6.8793060490861535
7606,6.601243047043681
7607,7.1271860506385565
7608,6.5451390109956264
7609,8.280956069938838
7610,7.472711033187807
7611,7.434453931637108
7612,8.795242989435792
7613,7.273074006661773
7614,8.49938194733113
7615,9.095850982703269
7616,8.154607960022986
7617,7.62504804879427
7618,8.006818010471761
7619,9.033948997966945
7620,7.792228017933667
7621,7.101829047314823
7622,7.154707098379731
7623,7.9878889955580235
7624,6.597405998036265
7625,7.13190296664834
7626,7.6183079509064555
7627,6.509254919365048
7628,7.659539929591119
7629,7.189808995462954
7630,7.247906061820686
7631,8.479101001285017
7632,8.057503961026669
7633,7.575464085675776
7634,7.58660095743835
7635,7.633281056769192
7636,6.706699030473828
7637,7.028958993032575
7638,6.666148896329105
7639,6.946176057681441
7640,6.926596979610622
7641,7.245542015880346
7642,7.120245951227844
7643,7.514524040743709
7644,9.929182939231396
7645,7.80719006434083
7646,8.746920968405902
7647,10.124966036528349
7648,8.480985066853464
7649,7.443877984769642
7650,8.494465029798448
7651,8.740962017327547
7652,8.503357996232808
7653,7.632218999788165
7654,7.65010598115623
7655,7.434514001943171
7656,7.346462924033403
7657,8.194747962988913
7658,7.938046008348465
7659,7.661162060685456
7660,8.605981012806296
7661,7.0838009705767035
7662,7.824675994925201
7663,7.721000933088362
7664,10.866591008380055
7665,9.876705007627606
7666,8.406614069826901
7667,8.172524045221508
7668,8.293565013445914
7669,7.956202025525272
7670,8.108898997306824
7671,8.720081066712737
7672,7.8139700926840305
7673,7.409427082166076
7674,6.483676959760487
7675,6.101747043430805
7676,7.692457991652191
7677,7.407714030705392
7678,8.060147054493427
7679,8.295629057101905
7680,8.05482896976173
7681,8.64517001900822
7682,7.253263960592449
7683,6.6106460290029645
7684,7.421554997563362
7685,7.4215850327163935
7686,7.675483939237893
7687,6.710104993544519
7688,7.914430112577975
7689,7.727552088908851
7690,8.321506902575493
7691,7.798576960340142
7692,8.813700987957418
7693,7.918086019344628
7694,7.477579056285322
7695,7.078664028085768
7696,7.438049069605768
7697,7.3852309724316
7698,8.603597059845924
7699,7.414735038764775
7700,7.1724740555509925
7701,6.758437026292086
7702,6.867878953926265
7703,6.652468931861222
7704,6.449565989896655
7705,8.435055962763727
7706,8.282789029181004
7707,6.898674997501075
7708,6.938464008271694
7709,7.326113060116768
7710,6.360832951031625
7711,6.758537027053535
7712,6.3997909892350435
7713,6.804324919357896
7714,6.812687031924725
7715,6.29347306676209
7716,6.229858030565083
7717,7.808411959558725
7718,6.552358972840011
7719,7.004713057540357
7720,6.512879976071417
7721,6.546951015479863
7722,6.696222932077944
7723,6.940708961337805
7724,6.816874025389552
7725,6.9368029944598675
7726,6.640881998464465
7727,6.852296995930374
7728,6.756262970156968
7729,7.442855974659324
7730,8.312163059599698
7731,7.194345933385193
7732,7.413142011500895
7733,6.737396004609764
7734,7.957955007441342
7735,7.211330928839743
7736,6.832447019405663
7737,6.31892099045217
7738,6.646048044785857
7739,6.796543020755053
7740,6.976070930249989
7741,6.009049015119672
7742,6.854259991087019
7743,6.603686022572219
7744,6.4981679897755384
7745,7.258632103912532
7746,7.063842029310763
7747,6.8825120106339455
7748,6.727811065502465
7749,6.703604012727737
7750,7.086526020430028
7751,6.781872012652457
7752,6.903653033077717
7753,7.182709057815373
7754,6.871204939670861
7755,6.642482941970229
7756,6.357509060762823
7757,6.737816031090915
7758,6.862560985609889
7759,7.3185720248147845
7760,7.5530309695750475
7761,6.795982015319169
7762,7.769654039293528
7763,7.653561071492732
7764,7.132945000194013
7765,7.6844870345667005
7766,6.783935008570552
7767,6.87604199629277
7768,6.867800024338067
7769,7.096740999259055
7770,7.090251077897847
7771,6.998504977673292
7772,7.995640975423157
7773,6.918244995176792
7774,6.99929497204721
7775,6.736204028129578
7776,6.8903230130672455
7777,6.831153994426131
7778,6.950231967493892
7779,7.3384110582992435
7780,6.957673002034426
7781,6.928300019353628
7782,7.210561074316502
7783,6.81892700958997
7784,7.445189985446632
7785,6.9077289663255215
7786,7.007266976870596
7787,6.814599968492985
7788,6.391950068064034
7789,6.7054679384455085
7790,7.159074069932103
7791,7.300354074686766
7792,7.26674497127533
7793,6.573579972609878
7794,6.544879055581987
7795,6.690464913845062
7796,6.972916075028479
7797,7.066195015795529
7798,6.890874006785452
7799,6.9813590962439775
7800,6.638276972807944
7801,7.3109709192067385
7802,7.526951958425343
7803,6.700729951262474
7804,6.210369989275932
7805,7.096751010976732
7806,7.188988965936005
7807,6.890965043567121
7808,7.4255409417673945
7809,7.026916951872408
7810,6.1232999432832
7811,6.869611912406981
7812,6.837234017439187
7813,6.7257380578666925
7814,7.1658139349892735
7815,7.061166921630502
7816,6.567643024027348
7817,7.455706014297903
7818,7.050562067888677
7819,6.586489966139197
7820,6.26559101510793
7821,6.875180988572538
7822,7.023171056061983
7823,6.72843202482909
7824,6.588933989405632
7825,7.0123650366440415
7826,7.455966901034117
7827,8.484180085361004
7828,9.320716955699027
7829,7.605368969962001
7830,7.4518200708553195
7831,8.669466013088822
7832,8.168970001861453
7833,7.375395973213017
7834,7.263690000399947
7835,7.4093969305977225
7836,7.27840093895793
7837,6.780970026738942
7838,7.074436987750232
7839,6.855521001853049
7840,7.237159996293485
7841,6.960988976061344
7842,7.682574912905693
7843,7.113986066542566
7844,7.1979520143941045
7845,7.29708990547806
7846,7.012656074948609
7847,6.537335924804211
7848,7.533491938374937
7849,7.512690965086222
7850,7.787831942550838
7851,7.187876966781914
7852,7.191341952420771
7853,6.9995759986341
7854,6.622894899919629
7855,6.718887016177177
7856,7.177421008236706
7857,7.2093779454007745
7858,7.471589953638613
7859,8.894640952348709
7860,9.60749399382621
7861,7.766498951241374
7862,7.679309113882482
7863,7.099494920112193
7864,7.870745030231774
7865,8.034739061258733
7866,8.03943700157106
7867,7.809003000147641
7868,7.63731705956161
7869,8.604900096543133
7870,8.543208008632064
7871,8.271962986327708
7872,8.798026945441961
7873,7.054488058201969
7874,7.999586989171803
7875,9.305544081144035
7876,8.525370969437063
7877,7.826338056474924
7878,7.590677007101476
7879,8.031484903767705
7880,7.885516970418394
7881,7.6284140814095736
7882,8.418902987614274
7883,7.6230959966778755
7884,7.419000961817801
7885,8.840351016260684
7886,8.680883096531034
7887,9.219635976478457
7888,8.641785010695457
7889,7.279263925738633
7890,7.746109971776605
7891,6.887739058583975
7892,6.835952051915228
7893,7.405542070046067
7894,6.399962003342807
7895,7.676886045373976
7896,7.482807035557926
7897,6.994638009928167
7898,7.382877985946834
7899,7.323249010369182
7900,7.366574020124972
7901,6.794429966248572
7902,7.107036071829498
7903,7.662213989533484
7904,8.608986041508615
7905,7.559110061265528
7906,7.330738939344883
7907,7.652039057575166
7908,8.13806289806962
7909,8.016932988539338
7910,7.024924037978053
7911,8.320214925333858
7912,8.007358992472291
7913,6.974168005399406
7914,7.6198510359972715
7915,7.650426006875932
7916,6.917253020219505
7917,7.333753979764879
7918,7.686279946938157
7919,7.393953972496092
7920,6.987758097238839
7921,7.417788961902261
7922,6.582383997738361
7923,7.100285962224007
7924,6.793369073420763
7925,6.4397609094157815
7926,7.354645989835262
7927,7.251872913911939
7928,7.4517299653962255
7929,6.832657963968813
7930,6.25474494881928
7931,6.751104956492782
7932,9.587273932993412
7933,7.339183008298278
7934,8.220026036724448
7935,7.221005973406136
7936,8.006867952644825
7937,7.79534294269979
7938,7.724858005531132
7939,6.88576593529433
7940,7.097451947629452
7941,8.642375003546476
7942,7.43873103056103
7943,7.178822997957468
7944,8.200115989893675
7945,7.153574959374964
7946,7.794241071678698
7947,8.208788931369781
7948,7.747331052087247
7949,8.456388022750616
7950,9.310701978392899
7951,8.082660962827504
7952,6.886366987600923
7953,7.474794052541256
7954,7.435336010530591
7955,7.553091971203685
7956,7.2400650242343545
7957,6.91908597946167
7958,6.901640095748007
7959,6.6956429509446025
7960,6.95692200679332
7961,7.128437981009483
7962,6.591186975128949
7963,6.601631990633905
7964,7.238893071189523
7965,8.092154981568456
7966,7.905646925792098
7967,7.609966094605625
7968,7.463386980816722
7969,6.842702045105398
7970,7.438991102389991
7971,9.276281110942364
7972,7.339162053540349
7973,6.96679693646729
7974,7.059094961732626
7975,6.670856033451855
7976,7.391730905510485
7977,8.031354052945971
7978,7.33288296032697
7979,7.551048067398369
7980,7.989531964994967
7981,7.092274026945233
7982,7.681163027882576
7983,7.812198018655181
7984,7.1939160116016865
7985,7.321106037124991
7986,6.4203019719570875
7987,6.888400996103883
7988,7.768982904963195
7989,7.943594013340771
7990,7.570307003334165
7991,8.394515956752002
7992,7.41979293525219
7993,8.163811988197267
7994,7.4694870272651315
7995,7.169910008087754
7996,8.069540956057608
7997,7.314145099371672
7998,7.547853048890829
7999,7.100697024725378
8000,7.347714970819652
8001,7.42762500885874
8002,8.344110916368663
8003,7.294015027582645
8004,6.692308001220226
8005,6.81918696500361
8006,7.2298499289900064
8007,8.047968964092433
8008,7.229008013382554
8009,7.558019016869366
8010,7.527893991209567
8011,7.809494039975107
8012,8.626010967418551
8013,7.814941927790642
8014,7.793911034241319
8015,8.033788995817304
8016,7.805066998116672
8017,7.668794016353786
8018,7.295988034456968
8019,8.195028989575803
8020,7.110070902854204
8021,7.403808063827455
8022,6.958063924685121
8023,6.8179849768057466
8024,7.017722935415804
8025,7.632519002072513
8026,7.272624061442912
8027,7.904305006377399
8028,6.70743000227958
8029,7.49500491656363
8030,7.137812906876206
8031,7.046516053378582
8032,6.818786961957812
8033,6.2227180460467935
8034,6.745186983607709
8035,6.869100965559483
8036,6.1657329788431525
8037,6.815461907535791
8038,7.0994950365275145
8039,7.10721593350172
8040,7.10775691550225
8041,6.838625995442271
8042,6.731847068294883
8043,7.112985011190176
8044,7.028650026768446
8045,7.041628006845713
8046,6.9512639893218875
8047,7.496937992982566
8048,8.164081955328584
8049,8.068298920989037
8050,7.732369005680084
8051,7.2392040165141225
8052,6.970933987759054
8053,8.468786953017116
8054,6.997602991759777
8055,7.3889270424842834
8056,7.474453886970878
8057,7.515345001593232
8058,6.4592399867251515
8059,6.982011022046208
8060,7.0737560745328665
8061,7.154477061703801
8062,7.623857003636658
8063,8.06673790793866
8064,7.974498905241489
8065,8.240897092036903
8066,7.1492299903184175
8067,7.638238021172583
8068,7.472150959074497
8069,7.5466809794306755
8070,7.164060953073204
8071,6.936882971785963
8072,6.805696990340948
8073,6.677747005596757
8074,6.547541939653456
8075,6.558828987181187
8076,6.67956902179867
8077,7.083541015163064
8078,7.331811008043587
8079,6.771967047825456
8080,7.5247100321576
8081,8.544729906134307
8082,7.385462056845427
8083,7.731426972895861
8084,7.333204033784568
8085,7.638880051672459
8086,6.970793008804321
8087,6.980967940762639
8088,7.2432790184393525
8089,7.7984880190342665
8090,7.6183779165148735
8091,7.2867549024522305
8092,7.118673995137215
8093,7.202398031949997
8094,7.836434058845043
8095,6.948480033315718
8096,7.301635923795402
8097,7.372100953944027
8098,7.345651974901557
8099,7.42290704511106
8100,7.114948006346822
8101,6.755431997589767
8102,7.161938934586942
8103,7.709795027039945
8104,7.114407955668867
8105,7.214837009087205
8106,6.872285972349346
8107,7.029459928162396
8108,6.763153942301869
8109,7.457689032889903
8110,7.082990021444857
8111,7.486302056349814
8112,7.590748020447791
8113,7.743856054730713
8114,7.731257006525993
8115,6.880488945171237
8116,8.204621961340308
8117,8.282028022222221
8118,7.436436950229108
8119,7.435655919834971
8120,7.258871919475496
8121,6.8556019105017185
8122,7.286133011803031
8123,7.620371994562447
8124,6.744145066477358
8125,7.661654031835496
8126,7.788743008859456
8127,7.889603031799197
8128,7.548054098151624
8129,7.389758015051484
8130,7.690616068430245
8131,6.996631971560419
8132,6.357369013130665
8133,8.044002926908433
8134,7.085673976689577
8135,7.697126944549382
8136,8.222699980251491
8137,8.201008080504835
8138,8.769354899413884
8139,8.889093063771725
8140,8.21851403452456
8141,8.100147009827197
8142,7.308416068553925
8143,8.017363958060741
8144,7.563746999949217
8145,7.6740620424970984
8146,8.129451074637473
8147,7.42935691960156
8148,6.853147991932929
8149,7.772179087623954
8150,7.4622760294005275
8151,7.158802938647568
8152,7.063501980155706
8153,7.403909112326801
8154,7.550476933829486
8155,7.434595027007163
8156,7.947470061480999
8157,6.767069920897484
8158,6.466922000981867
8159,8.323949994519353
8160,8.454305003397167
8161,7.828391971997917
8162,7.892827969044447
8163,7.27270299103111
8164,7.230110000818968
8165,7.198012084700167
8166,6.634272052906454
8167,6.857683998532593
8168,6.969500915147364
8169,6.703105056658387
8170,6.874038954265416
8171,6.748721934854984
8172,6.892946898005903
8173,6.534784100949764
8174,6.804386037401855
8175,7.206324953585863
8176,6.794590037316084
8177,7.161748013459146
8178,8.44205601606518
8179,6.865948089398444
8180,7.864977000281215
8181,8.173696929588914
8182,7.415376021526754
8183,9.08941205125302
8184,7.464549038559198
8185,7.732348050922155
8186,7.83714500721544
8187,8.036802988499403
8188,7.0986239006742835
8189,6.758878007531166
8190,6.804345059208572
8191,7.237090030685067
8192,6.9506330182775855
8193,7.308346917852759
8194,6.705498090013862
8195,8.061961038038135
8196,7.74314405862242
8197,7.162860012613237
8198,6.920848973095417
8199,6.744556012563407
8200,6.694360985420644
8201,8.259954978711903
8202,6.573389982804656
8203,6.000797031447291
8204,6.3117711106315255
8205,7.338390918448567
8206,7.785208057612181
8207,7.209148956462741
8208,7.4541239300742745
8209,7.084163022227585
8210,6.999706034548581
8211,6.987016997300088
8212,6.904545007273555
8213,6.729654036462307
8214,7.023231009952724
8215,7.01563002076
8216,6.772747961804271
8217,7.100346032530069
8218,7.094667991623282
8219,7.340405019931495
8220,7.379642920568585
8221,7.311400957405567
8222,7.394665968604386
8223,7.024673977866769
8224,7.08867993671447
8225,7.084041950292885
8226,7.938795955851674
8227,7.726680021733046
8228,6.986406981013715
8229,7.938066031783819
8230,6.630536983720958
8231,6.968399975448847
8232,6.53580401558429
8233,6.870975019410253
8234,6.032433942891657
8235,6.842733011581004
8236,7.085705059580505
8237,5.897223018109798
8238,6.576625048182905
8239,6.699790013954043
8240,5.862521007657051
8241,6.495164008811116
8242,6.388515001162887
8243,7.074798108078539
8244,6.408625049516559
8245,6.743784993886948
8246,6.659698905423284
8247,7.1077869506552815
8248,6.477567949332297
8249,7.749735028482974
8250,7.413693005219102
8251,7.630166946910322
8252,6.767459912225604
8253,6.8447759840637445
8254,6.572910002432764
8255,6.6703950287774205
8256,6.59229897428304
8257,6.774922017939389
8258,7.014337927103043
8259,6.757795927114785
8260,6.651927018538117
8261,6.740479962900281
8262,6.621952983550727
8263,7.230491028167307
8264,6.867168936878443
8265,6.729934946633875
8266,6.755411974154413
8267,6.767000071704388
8268,7.442296016961336
8269,6.186032900586724
8270,7.135969935916364
8271,6.647352012805641
8272,7.229998940601945
8273,7.45669798925519
8274,8.724078070372343
8275,7.949642953462899
8276,7.757336017675698
8277,7.224601926282048
8278,7.270500063896179
8279,8.319934946484864
8280,8.302558911964297
8281,8.33671004511416
8282,10.24240197148174
8283,9.312474983744323
8284,8.593083010055125
8285,7.688103010877967
8286,8.560864022001624
8287,8.33508709911257
8288,7.339984062127769
8289,7.579511031508446
8290,7.938726921565831
8291,8.747062063775957
8292,8.122450904920697
8293,8.05216608569026
8294,7.216398953460157
8295,7.701001944951713
8296,7.1840109303593636
8297,7.571739959530532
8298,9.061270975507796
8299,8.484059944748878
8300,8.75958998221904
8301,7.805728004314005
8302,7.459642947651446
8303,8.77226993907243
8304,7.850225083529949
8305,8.52723396383226
8306,8.568885968998075
8307,7.415376021526754
8308,7.927138940431178
8309,7.251581992022693
8310,7.591148954816163
8311,7.0270668948069215
8312,8.20549507625401
8313,7.502416032366455
8314,7.219343911856413
8315,7.549465983174741
8316,6.8031540140509605
8317,7.722765090875328
8318,8.590077050030231
8319,7.6395010109990835
8320,6.370588904246688
8321,7.5043890392407775
8322,7.432952988892794
8323,7.027178071439266
8324,7.145624025724828
8325,8.1605069572106
8326,8.510848972946405
8327,7.750376011244953
8328,7.035279995761812
8329,7.285473053343594
8330,7.3767490684986115
8331,7.866989937610924
8332,7.511429954320192
8333,7.443007081747055
8334,7.005174062214792
8335,6.5958749037235975
8336,7.664437987841666
8337,7.327325060032308
8338,7.364100078120828
8339,6.852627033367753
8340,6.617457023821771
8341,7.455295999534428
8342,7.717196014709771
8343,6.236277986317873
8344,7.376297959126532
8345,7.513141958042979
8346,7.363168988376856
8347,6.847600103355944
8348,7.603978039696813
8349,6.539450027048588
8350,6.91924593411386
8351,6.878035026602447
8352,6.838285946287215
8353,7.029691012576222
8354,7.161368033848703
8355,8.105485001578927
8356,7.005525985732675
8357,7.043882040306926
8358,7.08447303622961
8359,7.064762990921736
8360,6.608943920582533
8361,6.99915608856827
8362,7.037613075226545
8363,7.621204014867544
8364,6.752036977559328
8365,8.39937396813184
8366,7.527163019403815
8367,7.60481902398169
8368,7.434875005856156
8369,6.874711019918323
8370,7.6943120220676064
8371,7.552360068075359
8372,7.456828025169671
8373,7.142298971302807
8374,7.503958069719374
8375,7.840731064788997
8376,7.2654730174690485
8377,7.338160998187959
8378,6.690364913083613
8379,7.294315961189568
8380,7.163941976614296
8381,7.719679968431592
8382,7.09506799466908
8383,6.543537019751966
8384,7.070522056892514
8385,7.049401057884097
8386,6.809864076785743
8387,6.438139011152089
8388,7.036861963570118
8389,7.298010983504355
8390,6.646490073762834
8391,6.947568967007101
8392,7.755994098260999
8393,6.90124009270221
8394,6.7930290242657065
8395,7.1332360384985805
8396,8.255628985352814
8397,7.895151968114078
8398,6.98060798458755
8399,6.817423971369863
8400,6.807949976064265
8401,6.313552963547409
8402,7.500652922317386
8403,7.475004997104406
8404,6.936882971785963
8405,6.972676026634872
8406,6.831896957010031
8407,7.052654982544482
8408,6.924054003320634
8409,6.635463912971318
8410,6.578568951226771
8411,6.63090602029115
8412,6.742113037034869
8413,7.7744919108226895
8414,7.860120036639273
8415,6.634843070060015
8416,6.169778993353248
8417,7.257920922711492
8418,7.131271995604038
8419,6.773249013349414
8420,6.821361021138728
8421,5.92606607824564
8422,6.595914019271731
8423,6.4615539740771055
8424,6.657145917415619
8425,7.681592949666083
8426,7.47136992868036
8427,7.135328953154385
8428,7.8190689673647285
8429,8.098065038211644
8430,6.849101977422833
8431,7.751867990009487
8432,7.103772019036114
8433,6.769364001229405
8434,7.001479039900005
8435,7.097412017174065
8436,6.618447951041162
8437,6.8226829171180725
8438,8.048599935136735
8439,8.273875922895968
8440,6.400302983820438
8441,7.103901938535273
8442,7.37403507810086
8443,8.06655699852854
8444,8.61268094740808
8445,6.786368903703988
8446,7.3292580200359225
8447,6.932917982339859
8448,7.112343912012875
8449,7.226926041767001
8450,6.7576050059869885
8451,7.523266947828233
8452,6.7031149519607425
8453,7.025565020740032
8454,6.56000105664134
8455,6.586179952137172
8456,7.357669994235039
8457,7.760561071336269
8458,6.901521002873778
8459,7.439571898430586
8460,7.848371984437108
8461,8.074708981439471
8462,7.594523020088673
8463,8.344722096808255
8464,9.112216997891665
8465,7.441614987328649
8466,7.5901070376858115
8467,7.125092903152108
8468,7.075769943185151
8469,6.4949640072882175
8470,6.278771907091141
8471,8.72938591055572
8472,9.273746982216835
8473,8.923804969526827
8474,8.584439987316728
8475,8.34504293743521
8476,7.988331024535
8477,7.145463954657316
8478,7.8096139477565885
8479,6.753409979864955
8480,6.944405031390488
8481,6.8652459885925055
8482,5.9843630297109485
8483,6.656685029156506
8484,6.6166650503873825
8485,6.730586057528853
8486,6.3283160561695695
8487,6.559118977747858
8488,6.299101980403066
8489,6.734300986863673
8490,6.3003640389069915
8491,6.009841104969382
8492,7.417308981530368
8493,7.4243900598958135
8494,6.848761928267777
8495,6.690856069326401
8496,7.768833078444004
8497,7.7988989651203156
8498,6.684195948764682
8499,7.1467149537056684
8500,7.72246508859098
8501,7.237100973725319
8502,8.011154946871102
8503,7.452953024767339
8504,7.275698008015752
8505,7.550248061306775
8506,7.598630036227405
8507,7.130420999601483
8508,7.5170580530539155
8509,7.409207057207823
8510,6.975049967877567
8511,6.6410909639671445
8512,7.425411022268236
8513,6.948249996639788
8514,6.51826907414943
8515,6.750323926098645
8516,6.491458043456078
8517,7.397209061309695
8518,7.1207970613613725
8519,7.345622987486422
8520,6.334695033729076
8521,7.040127064101398
8522,6.0216180281713605
8523,6.953567964956164
8524,6.7435449454933405
8525,6.934590055607259
8526,6.279903929680586
8527,6.609043921343982
8528,6.873979000374675
8529,6.201967946253717
8530,7.1768410271033645
8531,6.681352038867772
8532,6.60463806707412
8533,6.708261906169355
8534,7.082730066031218
8535,6.545789074152708
8536,6.47324207238853
8537,6.674312055110931
8538,5.901800002902746
8539,8.24644509702921
8540,7.299212971702218
8541,6.840800051577389
8542,7.170572062022984
8543,6.542515009641647
8544,6.8420820171013474
8545,6.334134028293192
8546,7.358932052738965
8547,6.9986359449103475
8548,7.071343017742038
8549,6.839167908765376
8550,6.8036450538784266
8551,7.726951036602259
8552,6.6480019595474005
8553,6.341165048070252
8554,6.901239976286888
8555,6.6763750510290265
8556,6.299233064055443
8557,6.7246860126033425
8558,6.117870914749801
8559,6.719739059917629
8560,6.3795020105317235
8561,7.493573008105159
8562,8.262438932433724
8563,6.903954083099961
8564,7.029850967228413
8565,8.111594943329692
8566,7.111974060535431
8567,8.263540919870138
8568,8.109702030196786
8569,7.8278620494529605
8570,7.246054010465741
8571,7.453483995050192
8572,6.626270012930036
8573,6.564007024280727
8574,7.293675094842911
8575,6.7510949447751045
8576,6.352561991661787
8577,6.895491038449109
8578,6.445530918426812
8579,6.68900297023356
8580,6.89477997366339
8581,6.47764909081161
8582,6.765327067114413
8583,6.590686971321702
8584,7.271952927112579
8585,6.522824987769127
8586,5.853187991306186
8587,7.407044060528278
8588,6.8119269562885165
8589,6.691276910714805
8590,7.126897107809782
8591,6.582104018889368
8592,6.522674928419292
8593,7.018584990873933
8594,6.835030973888934
8595,7.1175521006807685
8596,6.812167004682124
8597,6.898585939779878
8598,7.202668930403888
8599,6.999586010351777
8600,5.903212004341185
8601,6.354243960231543
8602,7.029040018096566
8603,6.589054013602436
8604,6.520491908304393
8605,7.1260950062423944
8606,7.57330097258091
8607,7.135618943721056
8608,8.949834969826043
8609,6.975730997510254
8610,7.625470054335892
8611,7.643857039511204
8612,7.869874010793865
8613,7.1006580255925655
8614,7.239353959448636
8615,7.544919033534825
8616,6.604577996768057
8617,7.422426948323846
8618,8.278514025732875
8619,7.548926048912108
8620,7.610177039168775
8621,7.494896068237722
8622,7.481905980966985
8623,7.055139052681625
8624,7.769774994812906
8625,7.334466092288494
8626,8.414244977757335
8627,8.037924068048596
8628,6.401414982974529
8629,7.612020010128617
8630,6.683003972284496
8631,6.6537209786474705
8632,7.550067035481334
8633,7.071534055285156
8634,7.022520061582327
8635,6.714161019772291
8636,7.319853990338743
8637,6.870343931950629
8638,6.724707083776593
8639,6.874811020679772
8640,6.934789940714836
8641,6.42386800609529
8642,8.866510004736483
8643,6.159523967653513
8644,8.133627008646727
8645,7.667031022720039
8646,7.831757073290646
8647,7.416428066790104
8648,7.231822004541755
8649,7.482936955057085
8650,6.729142973199487
8651,6.9403889356181026
8652,6.598558044061065
8653,6.9427210837602615
8654,6.711357040330768
8655,7.275989046320319
8656,6.517067085951567
8657,7.260285085067153
8658,7.507764035835862
8659,6.645118002779782
8660,6.503276061266661
8661,6.512310006655753
8662,6.730976048856974
8663,6.708141998387873
8664,6.792778032831848
8665,7.006085943430662
8666,7.199104060418904
8667,6.610807031393051
8668,6.48103398270905
8669,6.781251053325832
8670,8.16287100315094
8671,7.8362439526245
8672,7.299634045921266
8673,6.760150077752769
8674,6.543627008795738
8675,6.8879000609740615
8676,6.963854073546827
8677,6.3327529933303595
8678,6.867349031381309
8679,6.802372052334249
8680,7.073366898111999
8681,6.910783937200904
8682,6.466822000220418
8683,8.041138993576169
8684,7.544448948465288
8685,6.529505015350878
8686,6.6569349728524685
8687,6.6067909356206656
8688,7.0948690408840775
8689,6.466822000220418
8690,6.56887493096292
8691,6.802833057008684
8692,6.758035975508392
8693,6.658427999354899
8694,6.706950021907687
8695,6.656815996393561
8696,6.882652058266103
8697,7.382848067209125
8698,7.160807028412819
8699,7.365733035840094
8700,6.908630952239037
8701,6.888770963996649
8702,6.332512013614178
8703,6.657167105004191
8704,7.1146279806271195
8705,6.523776915855706
8706,6.704535917378962
8707,6.701171048916876
8708,6.6141519928351045
8709,6.608073017559946
8710,6.625668960623443
8711,5.927828955464065
8712,6.3128030160441995
8713,6.726888939738274
8714,6.644207052886486
8715,7.3166199726983905
8716,6.7835740046575665
8717,6.783384014852345
8718,6.355825928039849
8719,6.6239769803360105
8720,6.537056993693113
8721,6.677255965769291
8722,6.55887892935425
8723,6.542906048707664
8724,6.23030005954206
8725,6.504748947918415
8726,6.639939965680242
8727,6.72023999504745
8728,6.959746940992773
8729,6.9766020169481635
8730,6.572569953277707
8731,7.07032298669219
8732,6.841210997663438
8733,6.549244979396462
8734,5.950152059085667
8735,6.490567000582814
8736,5.9387750225141644
8737,6.97426893748343
8738,6.935521028935909
8739,6.651376956142485
8740,7.714302046224475
8741,8.501005009748042
8742,7.49500491656363
8743,8.065416011959314
8744,6.5578080248087645
8745,6.67322997469455
8746,7.467794930562377
8747,7.360395044088364
8748,7.365462020970881
8749,7.607011939398944
8750,6.823334028013051
8751,6.643355009146035
8752,6.973237963393331
8753,6.905196001753211
8754,7.3550359811633825
8755,6.989440997131169
8756,6.827009026892483
8757,7.154788007028401
8758,7.191322045400739
8759,6.725458079017699
8760,8.04559700191021
8761,8.459022967144847
8762,7.1692089550197124
8763,7.609826046973467
8764,7.363618933595717
8765,6.864364026114345
8766,6.520021939650178
8767,6.2931840075179935
8768,6.441494100727141
8769,7.150260964408517
8770,6.606419919990003
8771,6.823925068601966
8772,6.531137973070145
8773,6.629175040870905
8774,6.5329410135746
8775,6.1127739027142525
8776,6.63172802887857
8777,6.821371032856405
8778,6.591587909497321
8779,7.195387966930866
8780,6.9897819776088
8781,6.3906589057296515
8782,7.12444307282567
8783,6.4654299058020115
8784,6.596205057576299
8785,6.46057294216007
8786,6.198041024617851
8787,7.05060304608196
8788,7.564569008536637
8789,7.058994960971177
8790,6.360623985528946
8791,6.543735973536968
8792,6.652688956819475
8793,6.184702040627599
8794,6.927139009349048
8795,7.819188991561532
8796,8.958247024565935
8797,7.3100600857287645
8798,7.351892068982124
8799,6.748973042704165
8800,7.866348954848945
8801,6.977432989515364
8802,6.775232031941414
8803,6.662043044343591
8804,6.930493982508779
8805,6.701131002046168
8806,6.3857309287413955
8807,6.6669509978964925
8808,6.044963025487959
8809,6.676094955764711
8810,6.876113009639084
8811,6.305190967395902
8812,5.871174042113125
8813,6.897614919580519
8814,7.040627999231219
8815,6.621592910960317
8816,7.663206080906093
8817,6.865335977636278
8818,7.196391001343727
8819,6.984925013966858
8820,6.777214934118092
8821,7.1625299751758575
8822,6.8998869974166155
8823,6.8315559765324
8824,6.602906039915979
8825,7.147857919335365
8826,6.940798950381577
8827,7.819839986041188
8828,7.024865015409887
8829,6.640061037614942
8830,6.94377301260829
8831,6.368735921569169
8832,8.062390959821641
8833,6.919307052157819
8834,7.355847978033125
8835,8.133777999319136
8836,7.409287034533918
8837,6.448675994761288
8838,6.245812983252108
8839,7.243199972435832
8840,6.928440998308361
8841,6.501925061456859
8842,7.136521046049893
8843,6.6665500635281205
8844,7.134328014217317
8845,6.680871010757983
8846,6.827490986324847
8847,6.871354999020696
8848,6.571067962795496
8849,6.842763046734035
8850,6.516387104056776
8851,7.046296959742904
8852,7.1087590185925364
8853,7.098844042047858
8854,7.003091974183917
8855,7.271451991982758
8856,8.051985991187394
8857,7.444389979355037
8858,7.014720002189279
8859,5.968700046651065
8860,7.234396995045245
8861,5.9346690541133285
8862,6.865877890959382
8863,6.898466031998396
8864,7.815062999725342
8865,7.764448062516749
8866,7.4139650678262115
8867,7.537277997471392
8868,7.75633507873863
8869,7.769373944029212
8870,9.170404053293169
8871,7.282118080183864
8872,6.709874956868589
8873,7.016703020781279
8874,7.592150010168552
8875,8.242670097388327
8876,7.05965596716851
8877,7.036150898784399
8878,6.676474004052579
8879,7.058875053189695
8880,6.805235985666513
8881,6.9105339935049415
8882,6.9205890176817775
8883,6.622043089009821
8884,6.528014084324241
8885,5.949339945800602
8886,6.6715870052576065
8887,6.645909044891596
8888,6.708592060022056
8889,6.876664003357291
8890,6.629495066590607
8891,7.349979015998542
8892,7.813691045157611
8893,7.183190085925162
8894,6.900179083459079
8895,6.89841597341001
8896,7.063762983307242
8897,6.757676019333303
8898,6.961790029890835
8899,6.690907059237361
8900,6.5028759418055415
8901,6.657537072896957
8902,6.74243294633925
8903,6.316759041510522
8904,6.391681032255292
8905,7.105995900928974
8906,7.599821081385016
8907,8.014099090360105
8908,8.384310989640653
8909,8.13967699650675
8910,7.836715085431933
8911,7.773922057822347
8912,6.823414005339146
8913,7.896665018051863
8914,7.137563079595566
8915,7.031915010884404
8916,6.653330055996776
8917,7.819118909537792
8918,8.450620109215379
8919,7.902723038569093
8920,6.500853109173477
8921,6.83421001303941
8922,7.028208929114044
8923,6.6199409775435925
8924,7.195779005996883
8925,6.671007024124265
8926,6.959826918318868
8927,6.536946981213987
8928,6.7122390028089285
8929,7.388847065158188
8930,7.59381300304085
8931,9.120728936977684
8932,8.601475041359663
8933,7.836465025320649
8934,7.669356069527566
8935,7.4495580047369
8936,7.277881959453225
8937,7.373003987595439
8938,8.247938007116318
8939,8.502647979184985
8940,7.584318984299898
8941,6.762763950973749
8942,7.092114072293043
8943,7.486762944608927
8944,6.8438450107350945
8945,7.328988052904606
8946,7.112345076166093
8947,6.96937192697078
8948,6.59938994795084
8949,6.2487570103257895
8950,7.065074983984232
8951,8.168019005097449
8952,8.071834919974208
8953,7.076270994730294
8954,7.443118025548756
8955,8.007889962755144
8956,7.833851035684347
8957,8.202249999158084
8958,7.088109035976231
8959,7.0256260223686695
8960,6.3588309567421675
8961,6.136459996923804
8962,8.263821946457028
8963,7.045935024507344
8964,6.676704972051084
8965,7.552681025117636
8966,7.08854990079999
8967,7.209479925222695
8968,6.7048369674012065
8969,6.802213029004633
8970,6.493071094155312
8971,6.909282063134015
8972,6.991834961809218
8973,7.064493955112994
8974,6.7509160144254565
8975,7.938345894217491
8976,7.264772895723581
8977,6.534292944706976
8978,6.8063290091231465
8979,6.616526050493121
8980,7.4871929828077555
8981,7.26297905202955
8982,7.129431003704667
8983,7.221558014862239
8984,7.1979130152612925
8985,6.940198014490306
8986,6.624158006161451
8987,7.929223007522523
8988,7.821331964805722
8989,7.479102001525462
8990,6.735162925906479
8991,6.81969802826643
8992,7.436939049512148
8993,7.133307051844895
8994,6.10862800385803
8995,8.860300993546844
8996,8.709075045771897
8997,7.426323019899428
8998,6.9568429607898
8999,7.577919051982462
9000,6.961780018173158
9001,6.833659019321203
9002,7.165784016251564
9003,6.836434011347592
9004,7.295146933756769
9005,7.241987972520292
9006,7.715854910202324
9007,6.935460958629847
9008,7.2423389647156
9009,6.604196969419718
9010,7.163231028243899
9011,6.801260984502733
9012,6.126765976659954
9013,6.171813001856208
9014,7.9548509093001485
9015,7.293684990145266
9016,7.2287480579689145
9017,7.304070983082056
9018,6.298852036707103
9019,6.8324379390105605
9020,8.168199099600315
9021,7.258482975885272
9022,6.924935034476221
9023,7.807492045685649
9024,7.506271940656006
9025,7.726841024123132
9026,7.908702013082802
9027,7.696645916439593
9028,7.681103073991835
9029,8.34101706277579
9030,7.545259897597134
9031,7.543707964941859
9032,8.049061987549067
9033,8.483359939418733
9034,7.694371975958347
9035,7.222909014672041
9036,8.579793968237936
9037,8.144623949192464
9038,7.28192797396332
9039,7.739390013739467
9040,7.153856917284429
9041,6.738146999850869
9042,8.5054119117558
9043,8.95978999324143
9044,9.035653085447848
9045,7.777316961437464
9046,7.7915380243211985
9047,7.701484020799398
9048,9.073490044102073
9049,7.826889981515706
9050,7.126876036636531
9051,7.340255076996982
9052,6.730746012181044
9053,7.108018035069108
9054,6.991754984483123
9055,6.047556991688907
9056,7.037824019789696
9057,6.878065061755478
9058,7.289448985829949
9059,6.956872995942831
9060,6.987268105149269
9061,8.052677032537758
9062,7.445230963639915
9063,7.173786987550557
9064,6.97923603001982
9065,7.575765950605273
9066,7.647582911886275
9067,6.713279988616705
9068,6.706129061058164
9069,6.792788975872099
9070,7.573843002319336
9071,6.211010972037911
9072,6.005674949847162
9073,6.146114086732268
9074,6.570918019860983
9075,6.508804974146187
9076,6.689734989777207
9077,7.1491190465167165
9078,6.535334978252649
9079,7.114348001778126
9080,6.477597984485328
9081,6.4740030793473125
9082,7.118843961507082
9083,7.329217973165214
9084,7.3301499942317605
9085,6.605750066228211
9086,6.098052952438593
9087,6.478070048615336
9088,6.487332982942462
9089,6.495535024441779
9090,6.859889021143317
9091,6.687171058729291
9092,6.389145972207189
9093,6.575403967872262
9094,7.936012931168079
9095,6.580963032320142
9096,7.170981960371137
9097,6.69964007101953
9098,6.731127039529383
9099,6.919897976331413
9100,6.7880210699513555
9101,6.911364966072142
9102,7.354345987550914
9103,7.438351050950587
9104,6.557108019478619
9105,6.729283952154219
9106,6.699549965560436
9107,6.63485296536237
9108,6.547502940520644
9109,6.461104028858244
9110,6.472601089626551
9111,6.918446044437587
9112,6.957264035008848
9113,7.181118009611964
9114,6.6773369908332825
9115,8.045225986279547
9116,8.381378022022545
9117,7.272994960658252
9118,7.528526009991765
9119,6.341014988720417
9120,6.2804738990962505
9121,7.030102075077593
9122,6.986547028645873
9123,7.210201001726091
9124,7.212152937427163
9125,7.926248945295811
9126,7.195808924734592
9127,6.383819039911032
9128,7.126235985197127
9129,7.412663078866899
9130,8.175509981811047
9131,7.710746955126524
9132,7.086746976710856
9133,6.81557203643024
9134,6.394975003786385
9135,7.087828009389341
9136,7.225082954391837
9137,6.436376948840916
9138,6.9456270430237055
9139,6.161867990158498
9140,6.8291929783299565
9141,7.387485005892813
9142,6.871094927191734
9143,6.669013993814588
9144,7.4188519502058625
9145,6.473923102021217
9146,6.64003100246191
9147,6.690045935101807
9148,6.711235968396068
9149,6.942722015082836
9150,6.853668950498104
9151,6.797514972276986
9152,6.339423009194434
9153,7.280276040546596
9154,6.076921010389924
9155,6.961961043998599
9156,6.9084810093045235
9157,6.6666509956121445
9158,7.462206995114684
9159,6.509245955385268
9160,6.58877391833812
9161,6.902371998876333
9162,6.247896002605557
9163,6.810083985328674
9164,5.996961961500347
9165,8.318092906847596
9166,7.376358960755169
9167,7.608665036968887
9168,7.90959398727864
9169,7.3105699848383665
9170,6.47608598228544
9171,6.854601087979972
9172,6.933569093234837
9173,7.966928998939693
9174,6.940379040315747
9175,7.380433962680399
9176,6.737725925631821
9177,6.763865007087588
9178,6.867129006423056
9179,7.3772401083260775
9180,6.375655997544527
9181,7.149741053581238
9182,6.745276972651482
9183,7.295137038454413
9184,7.591178058646619
9185,6.01857400033623
9186,5.9950900031253695
9187,7.013687049038708
9188,6.925537018105388
9189,7.008239976130426
9190,6.667462061159313
9191,5.954639054834843
9192,7.035330054350197
9193,7.436868967488408
9194,7.183120935223997
9195,6.821581046096981
9196,7.679531001485884
9197,8.130433037877083
9198,6.877294043079019
9199,6.692609982565045
9200,8.223112090490758
9201,7.5900370720773935
9202,6.313513964414597
9203,7.246684981510043
9204,7.249769987538457
9205,6.82297395542264
9206,5.690585006959736
9207,6.549405981786549
9208,6.5092360600829124
9209,6.76145195029676
9210,7.486001937650144
9211,6.621994078159332
9212,7.3584020137786865
9213,7.362067000940442
9214,6.831435952335596
9215,7.87598395254463
9216,6.849503028206527
9217,7.11436802521348
9218,7.167497067712247
9219,8.126236964017153
9220,8.625941001810133
9221,7.614213041961193
9222,7.311662076972425
9223,6.908460985869169
9224,7.619551965035498
9225,7.360775023698807
9226,7.712910999543965
9227,8.076281985267997
9228,7.4129929998889565
9229,6.7235250025987625
9230,7.058304036036134
9231,7.296098978258669
9232,6.8819919833913445
9233,7.103843032382429
9234,7.377129979431629
9235,7.1080089546740055
9236,6.920288084074855
9237,7.789455004967749
9238,8.340285974554718
9239,6.72528799623251
9240,7.115409942343831
9241,6.482315016910434
9242,7.0506129413843155
9243,6.789744016714394
9244,7.445762981660664
9245,6.94184098392725
9246,6.821862072683871
9247,8.657549042254686
9248,7.027599029242992
9249,7.474033976905048
9250,6.941920961253345
9251,6.783184013329446
